Date,Temperature (°F),Dew Point (°F),Humidity (%),Wind Speed (mph),Pressure (inHg),Precipitation (in),R0orig,R0alp,R0dlt,R0omi,cumFirstDose,cumSecondDose,cumThirdDose
2020-03-01,41.0,33.1,73.4,22.6,28.8,0.0,,,,,,,
2020-03-02,39.5,32.4,76.7,13.0,29.0,0.0,,,,,,,
2020-03-03,40.6,35.1,81.1,11.8,29.3,0.0,,,,,,,
2020-03-04,39.4,32.1,76.0,4.4,29.6,0.0,,,,,,,
2020-03-05,37.1,31.4,81.5,5.4,29.4,0.0,,,,,,,
2020-03-06,40.2,31.2,71.8,5.7,29.6,0.0,,,,,,,
2020-03-07,48.5,41.6,77.6,19.0,29.6,0.0,,,,,,,
2020-03-08,46.1,38.0,74.1,18.4,29.3,0.0,,,,,,,
2020-03-09,44.6,37.6,78.0,16.4,29.5,0.0,,,,,,,
2020-03-10,50.2,42.4,75.1,20.4,29.3,0.0,,,,,,,
2020-03-11,47.2,39.8,76.1,20.4,29.4,0.0,,,,,,,
2020-03-12,42.2,33.8,72.4,27.1,29.3,0.0,,,,,,,
2020-03-13,41.2,33.9,76.3,10.4,29.9,0.0,,,,,,,
2020-03-14,46.7,41.8,83.1,16.4,29.6,0.0,,,,,,,
2020-03-15,46.5,38.6,74.6,17.0,29.4,0.0,,,,,,,
2020-03-16,44.7,35.1,70.7,14.4,29.9,0.0,1.0000000148529775,,,,,,
2020-03-17,52.7,45.3,75.8,19.4,29.9,0.0,89.75485978917374,,,,,,
2020-03-18,44.7,34.1,67.0,7.9,30.1,0.0,1.0000000297059557,,,,,,
2020-03-19,41.9,33.8,73.7,6.2,30.2,0.0,26.231162329019266,,,,,,
2020-03-20,40.2,32.8,76.1,11.1,30.4,0.0,1.000000044558934,,,,,,
2020-03-21,41.7,30.3,65.7,12.3,30.3,0.0,1.000000044558934,,,,,,
2020-03-22,42.8,32.1,66.2,8.8,30.3,0.0,1.000000044558934,,,,,,
2020-03-23,44.9,32.9,64.5,15.4,30.1,0.0,1.000000044558934,,,,,,
2020-03-24,49.8,39.4,67.8,15.6,30.0,0.0,8.364532573678138,,,,,,
2020-03-25,55.6,40.5,57.8,8.8,30.1,0.0,3.615340754857745,,,,,,
2020-03-26,48.9,36.9,64.9,8.0,30.2,0.0,4.483454969713495,,,,,,
2020-03-30,47.1,34.1,61.2,20.3,30.5,0.0,2.9574354716909412,,,,,,
2020-03-31,45.0,37.3,74.6,5.3,30.4,0.0,2.855076983445323,,,,,,
2020-04-01,47.0,34.4,61.9,11.0,30.0,0.0,2.2918948928549883,,,,,,
2020-04-02,51.6,38.0,60.7,21.6,29.7,0.0,4.183837245981936,,,,,,
2020-04-03,46.3,34.9,64.1,12.9,29.8,0.0,4.923847962479753,,,,,,
2020-04-06,54.5,39.2,57.0,19.4,29.8,0.0,11.506692393423652,,,,,,
2020-04-07,54.3,36.5,54.8,11.8,30.2,0.0,7.392371759771956,,,,,,
2020-04-08,58.8,41.8,54.5,10.1,30.1,0.0,17.72565831100211,,,,,,
2020-04-09,49.6,45.0,84.2,9.8,30.2,0.0,11.002754788733313,,,,,,
2020-04-13,41.8,27.5,57.4,16.4,30.3,0.0,145.99885963363536,,,,,,
2020-04-14,48.7,31.9,54.0,8.5,30.2,0.0,290.4753287888893,,,,,,
2020-04-15,58.5,36.0,45.1,6.5,30.0,0.0,594.6983794877686,,,,,,
2020-04-16,53.3,42.8,67.9,17.2,29.9,0.0,4.160240451485674,,,,,,
2020-04-17,48.2,39.9,72.9,10.7,30.1,0.0,11.005338142869489,,,,,,
2020-04-20,50.9,37.5,61.7,16.3,30.1,0.0,4.753207322789422,,,,,,
2020-04-21,51.8,41.9,69.7,15.6,30.1,0.0,5.293471330447083,,,,,,
2020-04-22,54.1,45.0,71.1,16.5,30.1,0.0,5.884165864599594,,,,,,
2020-04-23,52.3,41.6,68.7,9.5,30.1,0.0,3.1742308922640188,,,,,,
2020-04-24,47.5,41.4,81.5,2.3,29.9,0.0,3.876472370582929,,,,,,
2020-04-27,50.3,37.9,63.4,10.0,29.6,0.0,3.1381933753344287,,,,,,
2020-04-28,46.2,37.0,71.1,8.3,29.6,0.0,2.834987769871724,,,,,,
2020-04-29,46.7,40.7,79.6,10.2,29.4,0.0,1.555304154267931,,,,,,
2020-04-30,49.2,41.3,74.9,9.7,29.1,0.0,1.259130256920253,,,,,,
2020-05-01,51.7,41.9,70.0,9.3,29.2,0.0,1.1925026560696934,,,,,,
2020-05-04,49.8,42.2,76.5,11.0,30.1,0.0,1.0829368943358997,,,,,,
2020-05-05,50.0,36.6,60.7,9.0,30.1,0.0,1.4305826453303854,,,,,,
2020-05-06,53.7,38.6,58.7,5.2,30.2,0.0,1.3476736639030906,,,,,,
2020-05-07,60.3,43.3,55.3,8.6,30.0,0.0,0.9579321043704924,,,,,,
2020-05-11,45.2,30.8,58.0,16.2,30.1,0.0,1.2799001007086384,,,,,,
2020-05-12,51.1,34.2,52.7,9.9,29.9,0.0,1.1094977458670283,,,,,,
2020-05-13,43.8,32.3,64.8,13.0,30.0,0.0,1.2463287987785416,,,,,,
2020-05-14,53.9,33.6,46.9,8.9,30.1,0.0,1.0641606740567102,,,,,,
2020-05-15,53.2,38.5,58.3,7.0,30.1,0.0,1.026668407658632,,,,,,
2020-05-18,58.3,48.8,71.3,17.6,30.0,0.0,0.9866685562603228,,,,,,
2020-05-19,61.6,53.4,73.6,12.0,30.0,0.0,0.9718726823461932,,,,,,
2020-05-20,68.4,51.7,57.4,8.8,30.0,0.0,0.9291361283106504,,,,,,
2020-05-21,64.1,47.2,56.1,10.4,29.9,0.0,1.0178303123690344,,,,,,
2020-05-22,61.4,43.6,53.4,27.7,29.6,0.0,0.9347626983810248,,,,,,
2020-05-23,55.9,41.4,57.8,30.8,29.7,0.0,0.9242170725760628,,,,,,
2020-05-25,64.9,43.6,49.1,11.1,30.4,0.0,1.0329561431918397,,,,,,
2020-05-26,64.3,49.1,59.7,8.6,30.4,0.0,0.9964750112055109,,,,,,
2020-05-27,58.1,43.6,58.2,10.1,30.5,0.0,0.9454370493400618,,,,,,
2020-05-28,64.0,47.3,58.6,8.4,30.4,0.0,1.0292257200305612,,,,,,
2020-05-29,67.8,44.8,45.0,9.5,30.2,0.0,0.9977888683334148,,,,,,
2020-06-01,63.0,47.7,58.0,11.8,30.2,0.0,1.024758545144669,,,,,,
2020-06-02,67.4,42.7,42.2,5.1,30.0,0.0,1.1008041981116996,,,,,,
2020-06-03,51.1,46.6,85.8,18.6,29.8,0.0,1.0198663404592525,,,,,,
2020-06-04,51.7,42.9,71.9,7.4,29.5,0.0,1.0468532019050725,,,,,,
2020-06-05,50.0,39.0,67.6,13.2,29.2,0.0,1.0173992585037996,,,,,,
2020-06-06,52.2,44.2,74.2,22.9,29.2,0.0,1.039901552374569,,,,,,
2020-06-07,50.5,45.8,84.3,14.7,29.7,0.0,1.0392957958096332,,,,,,
2020-06-08,50.2,40.0,68.8,8.2,30.0,0.0,1.0352861149923394,,,,,,
2020-06-09,55.5,45.2,69.1,5.6,30.0,0.0,1.014716766896452,,,,,,
2020-06-10,52.8,49.0,88.4,6.9,29.8,0.0,1.0356304122402429,,,,,,
2020-06-11,51.9,48.3,89.0,19.9,30.0,0.0,1.0367151290838166,,,,,,
2020-06-12,53.8,52.3,95.0,14.8,29.8,0.0,1.0492680605216844,,,,,,
2020-06-13,60.0,57.1,90.0,8.5,29.7,0.0,1.0430783857367971,,,,,,
2020-06-14,58.3,54.7,88.5,6.9,29.9,0.0,1.0265416331859631,,,,,,
2020-06-15,61.9,56.9,84.6,5.7,29.9,0.0,1.0242854279525797,,,,,,
2020-06-16,61.5,57.1,86.2,8.4,29.8,0.0,1.0144974618886005,,,,,,
2020-06-17,58.8,55.1,88.2,8.0,29.8,0.0,1.0029684412444382,,,,,,
2020-06-18,55.1,51.1,86.1,14.0,29.8,0.0,1.0033967050139805,,,,,,
2020-06-19,60.9,55.8,84.9,8.3,29.7,0.0,1.0068950295573884,,,,,,
2020-06-20,63.6,52.9,67.5,11.1,29.9,0.0,1.007697416909371,,,,,,
2020-06-21,62.0,52.7,71.7,16.3,29.7,0.0,1.0440681122461823,,,,,,
2020-06-22,62.6,51.1,66.9,14.1,30.0,0.0,1.029961955733431,,,,,,
2020-06-23,68.9,57.4,67.2,11.9,30.0,0.0,1.0106716974673953,,,,,,
2020-06-24,74.1,59.2,61.2,9.8,30.0,0.0,1.0014598823365155,,,,,,
2020-06-25,74.2,56.1,55.2,9.4,29.9,0.0,1.011808647919492,,,,,,
2020-06-26,70.3,61.2,73.6,4.1,29.6,0.0,1.0096293604578794,,,,,,
2020-06-27,60.3,56.0,86.7,11.9,29.3,0.0,1.0099649969206104,,,,,,
2020-06-28,55.7,48.8,78.3,22.6,29.4,0.0,1.0036844952329382,,,,,,
2020-06-29,58.8,50.8,74.9,21.0,29.4,0.0,1.003409421728918,,,,,,
2020-06-30,59.5,51.1,73.7,10.7,29.5,0.0,1.0135223492788938,,,,,,
2020-07-01,57.2,52.7,85.5,6.7,29.5,0.0,1.014178864181363,,,,,,
2020-07-02,54.5,48.8,81.9,8.2,29.7,0.0,1.0045640109201892,,,,,,
2020-07-03,59.5,53.8,82.5,16.9,29.6,0.0,1.0081177433152209,,,,,,
2020-07-04,63.3,57.1,80.5,11.9,29.5,0.0,1.0060734063124979,,,,,,
2020-07-05,59.0,46.8,65.3,26.1,29.4,0.0,1.0068873051159255,,,,,,
2020-07-06,59.5,46.4,63.0,13.4,29.9,0.0,1.0167619045878409,,,,,,
2020-07-07,55.5,47.7,75.5,9.0,29.9,0.0,1.00018308907607,,,,,,
2020-07-08,57.1,50.0,77.8,9.3,29.9,0.0,1.0137714794551111,,,,,,
2020-07-09,55.2,49.6,81.9,8.6,29.8,0.0,1.0017813782553469,,,,,,
2020-07-10,55.8,50.1,81.4,7.1,29.9,0.0,1.0016399255180533,,,,,,
2020-07-11,59.3,45.7,62.1,11.6,30.1,0.0,1.0033605276052844,,,,,,
2020-07-12,60.6,47.7,64.0,7.9,30.2,0.0,1.0026268196586097,,,,,,
2020-07-13,61.5,54.0,76.5,13.9,29.9,0.0,1.002087206871174,,,,,,
2020-07-14,59.1,48.2,68.1,10.0,29.8,0.0,1.026555347000691,,,,,,
2020-07-15,59.2,53.7,81.8,10.0,29.8,0.0,1.0016282721859198,,,,,,
2020-07-16,65.9,57.2,73.7,9.4,29.9,0.0,1.0164777493021684,,,,,,
2020-07-17,63.9,56.9,78.7,14.0,29.9,0.0,1.0022757468336456,,,,,,
2020-07-18,63.1,54.9,75.7,10.3,29.8,0.0,1.0412906187838722,,,,,,
2020-07-19,58.8,44.4,60.1,10.7,29.9,0.0,1.0282266384005696,,,,,,
2020-07-20,58.0,45.6,64.7,10.9,30.1,0.0,1.0278359400857298,,,,,,
2020-07-21,59.0,46.0,63.4,7.7,30.1,0.0,1.026298247114777,,,,,,
2020-07-22,59.2,52.6,79.5,10.4,30.0,0.0,1.0124535719743954,,,,,,
2020-07-23,60.5,56.3,86.7,10.3,29.7,0.0,1.0272768709655866,,,,,,
2020-07-24,62.8,53.2,71.4,5.2,29.7,0.0,1.0287588747393073,,,,,,
2020-07-25,65.1,55.8,72.6,14.8,29.4,0.0,1.0155590793474767,,,,,,
2020-07-26,61.9,52.1,70.4,15.2,29.6,0.0,1.0026818025757764,,,,,,
2020-07-27,59.6,55.0,85.8,19.6,29.4,0.0,1.0156031474013287,,,,,,
2020-07-28,58.9,45.9,63.2,19.7,29.7,0.0,1.028246850739078,,,,,,
2020-07-29,59.8,45.4,60.0,12.5,29.9,0.0,1.0143028862054002,,,,,,
2020-07-30,61.4,56.0,83.5,7.8,29.9,0.0,1.015948056763866,,,,,,
2020-07-31,75.2,56.1,55.8,11.6,29.7,0.0,1.0031952796329802,,,,,,
2020-08-01,66.3,55.2,68.3,11.5,29.8,0.0,1.0161163336402603,,,,,,
2020-08-02,60.3,51.2,72.2,10.5,29.8,0.0,1.0669978485249565,,,,,,
2020-08-03,59.0,43.8,58.9,8.2,29.9,0.0,1.0029492676674334,,,,,,
2020-08-04,57.1,51.8,83.1,16.6,29.7,0.0,1.0015462566265545,,,,,,
2020-08-05,66.3,58.2,75.3,17.0,29.6,0.0,1.0141456197107543,,,,,,
2020-08-06,67.6,58.0,72.7,6.1,29.9,0.0,1.027996019217286,,,,,,
2020-08-07,72.1,61.6,70.6,9.3,29.9,0.0,1.0017941810497075,,,,,,
2020-08-08,63.2,52.8,69.1,12.8,30.1,0.0,1.0143746040546109,,,,,,
2020-08-09,61.8,54.1,75.2,12.8,30.1,0.0,1.039534934052937,,,,,,
2020-08-10,65.2,56.5,75.1,10.7,29.9,0.0,1.0275247191395709,,,,,,
2020-08-11,69.1,60.2,73.8,9.3,29.9,0.0,1.001347569237894,,,,,,
2020-08-12,68.4,61.1,78.3,8.2,29.9,0.0,1.0385859920698841,,,,,,
2020-08-13,60.3,56.9,89.9,14.2,29.9,0.0,1.015081783291996,,,,,,
2020-08-14,59.1,56.7,92.9,11.2,29.9,0.0,1.0016221747676712,,,,,,
2020-08-15,59.8,55.0,85.7,7.4,29.9,0.0,1.0026176492704166,,,,,,
2020-08-16,58.3,55.0,89.7,9.7,29.8,0.0,1.0268614411199322,,,,,,
2020-08-17,64.1,57.0,79.3,6.8,29.6,0.0,1.0146242207677183,,,,,,
2020-08-18,62.4,56.5,81.5,11.1,29.6,0.0,1.0386310702423844,,,,,,
2020-08-19,64.8,58.5,80.7,8.3,29.4,0.0,1.0146662308920773,,,,,,
2020-08-20,68.7,50.8,53.6,15.2,29.4,0.0,1.0149421466150887,,,,,,
2020-08-21,64.1,54.7,72.1,24.1,29.2,0.0,1.0021401978755509,,,,,,
2020-08-22,61.0,54.3,78.7,14.5,29.5,0.0,1.015459098753592,,,,,,
2020-08-23,59.6,54.3,83.0,8.6,29.8,0.0,1.0150273371160436,,,,,,
2020-08-24,58.3,47.1,69.1,6.7,29.8,0.0,1.02711925074039,,,,,,
2020-08-25,60.0,56.9,90.0,15.3,29.1,0.0,1.0266304787860692,,,,,,
2020-08-26,56.7,50.4,79.4,10.1,29.7,0.0,1.0263780275885113,,,,,,
2020-08-27,57.3,52.8,85.4,6.2,29.7,0.0,1.04020077188645,,,,,,
2020-08-28,54.4,49.4,83.5,20.5,29.5,0.0,1.0399967575429958,,,,,,
2020-08-29,52.5,44.3,74.2,20.2,29.8,0.0,1.0524787614162312,,,,,,
2020-08-30,53.3,42.9,68.2,9.6,30.0,0.0,1.0642399275244716,,,,,,
2020-09-01,57.5,44.6,64.9,6.8,30.0,0.0,1.144647104371773,,,,,,
2020-09-02,57.7,50.7,78.3,15.2,29.8,0.0,1.1187365151259792,,,,,,
2020-09-03,62.7,52.4,69.9,15.6,29.7,0.0,1.130317667332531,,,,,,
2020-09-04,58.2,46.8,67.4,15.8,29.9,0.0,1.0374238228796993,,,,,,
2020-09-05,55.9,44.9,66.8,13.2,29.9,0.0,1.049131512458884,,,,,,
2020-09-06,54.9,49.5,82.2,5.3,30.0,0.0,1.1271978660493358,,,,,,
2020-09-07,59.1,54.3,85.1,15.3,29.9,0.0,1.1146803190257022,,,,,,
2020-09-08,67.0,60.0,78.4,13.1,30.0,0.0,1.0791692075840469,,,,,,
2020-09-09,59.4,45.5,60.9,14.4,30.0,0.0,1.1320772989259278,,,,,,
2020-09-10,52.6,42.4,69.2,8.1,30.0,0.0,1.057689501281865,,,,,,
2020-09-11,58.0,49.0,72.9,17.4,29.7,0.0,1.0890929786671208,,,,,,
2020-09-12,58.5,45.6,63.7,16.6,29.8,0.0,1.036730287474893,,,,,,
2020-09-13,65.1,54.6,69.3,22.1,29.9,0.0,1.0360863636921642,,,,,,
2020-09-14,64.8,54.6,71.8,6.7,30.0,0.0,1.0768227994004145,,,,,,
2020-09-15,67.3,55.6,68.7,5.2,30.0,0.0,1.1065160817542188,,,,,,
2020-09-16,55.4,50.2,82.5,12.1,30.3,0.0,1.0746942693716497,,,,,,
2020-09-17,56.2,45.9,70.7,4.5,30.3,0.0,1.1465995416047885,,,,,,
2020-09-18,54.3,45.7,75.1,8.7,30.2,0.0,1.1346414010896622,,,,,,
2020-09-19,57.0,48.1,73.0,13.7,30.1,0.0,1.2382359800247815,,,,,,
2020-09-20,55.7,52.0,86.9,7.2,30.1,0.0,1.1293542098917293,,,,,,
2020-09-21,58.7,49.0,71.9,7.4,29.9,0.0,1.1916937447485156,,,,,,
2020-09-22,60.0,53.0,78.2,14.3,29.5,0.0,1.1138758660213741,,,,,,
2020-09-23,50.4,48.1,92.7,10.9,29.3,0.0,1.2098460565953597,,,,,,
2020-09-24,46.8,43.3,86.8,6.7,29.2,0.0,1.1132470002213075,,,,,,
2020-09-25,49.8,40.2,70.6,22.7,29.5,0.0,1.163459199746074,,,,,,
2020-09-26,49.4,40.3,71.0,20.9,29.8,0.0,1.2766950939690191,,,,,,
2020-09-27,48.9,41.7,76.0,11.1,29.9,0.0,1.2596761370585683,,,,,,
2020-09-28,50.1,45.3,84.0,5.5,29.7,0.0,1.2122556797076882,,,,,,
2020-09-29,53.0,42.5,69.8,4.3,29.8,0.0,1.2203327080232036,,,,,,
2020-09-30,52.5,47.8,83.8,15.5,29.4,0.0,1.2437709498545733,,,,,,
2020-10-01,49.6,40.4,72.0,6.8,29.3,0.0,1.2528353102473857,,,,,,
2020-10-02,50.6,46.3,85.3,12.3,29.3,0.0,1.1881390039707784,,,,,,
2020-10-03,54.4,53.1,93.8,10.9,29.1,0.0,1.2264271072333512,,,,,,
2020-10-04,53.7,48.5,83.3,10.7,28.9,0.0,1.2404743294540026,,,,,,
2020-10-05,53.4,46.9,79.2,9.3,29.1,0.0,1.1408305260017781,,,,,,
2020-10-06,53.4,44.8,73.2,9.0,29.2,0.0,1.2448529285648786,,,,,,
2020-10-07,53.0,43.5,69.6,12.5,29.6,0.0,1.1995216142708016,,,,,,
2020-10-08,50.0,41.9,74.5,9.9,29.7,0.0,1.1652860035512078,,,,,,
2020-10-09,47.7,39.6,74.1,12.6,29.8,0.0,1.1802131160310367,,,,,,
2020-10-10,48.3,42.7,80.7,8.3,29.9,0.0,1.0798767690250837,,,,,,
2020-10-11,49.4,41.2,74.1,11.1,30.1,0.0,1.3747617651817503,,,,,,
2020-10-12,48.3,45.2,88.6,11.1,29.8,0.0,1.2730938947498298,,,,,,
2020-10-13,48.6,45.9,91.3,16.4,29.8,0.0,1.2047234303905359,,,,,,
2020-10-14,51.4,47.1,85.4,11.0,30.2,0.0,1.0744914435952992,,,,,,
2020-10-15,48.1,42.6,80.6,9.7,30.2,0.0,1.13273542220438,,,,,,
2020-10-16,47.5,42.9,83.7,6.7,30.2,0.0,1.0533943662395095,,,,,,
2020-10-17,50.7,46.7,86.6,9.9,30.1,0.0,1.0310676513679384,,,,,,
2020-10-18,46.2,41.5,83.1,6.2,30.1,0.0,1.2075000855705933,,,,,,
2020-10-19,51.0,44.7,79.1,14.4,29.7,0.0,1.213185087220187,,,,,,
2020-10-20,55.6,50.1,81.7,14.5,29.3,0.0,1.167347376067407,,,,,,
2020-10-21,55.8,51.9,86.5,10.2,29.2,0.0,1.1271376370063737,,,,,,
2020-10-22,51.1,44.3,78.0,14.8,29.5,0.0,1.0728265764036535,,,,,,
2020-10-23,45.4,40.0,81.5,10.8,29.5,0.0,1.0067134850718753,,,,,,
2020-10-24,48.4,43.8,83.7,14.1,29.2,0.0,1.0358873970008395,,,,,,
2020-10-25,47.9,40.4,76.0,16.0,29.1,0.0,1.1141988106932437,,,,,,
2020-10-26,48.4,41.8,77.9,14.7,29.1,0.0,1.1311522334110358,,,,,,
2020-10-27,46.4,41.9,84.2,14.3,29.1,0.0,1.069804200456739,,,,,,
2020-10-28,45.9,39.2,77.9,13.3,29.2,0.0,1.0871819854851934,,,,,,
2020-10-29,50.3,46.5,85.9,14.1,29.5,0.0,1.0993821203360927,,,,,,
2020-10-30,51.0,46.8,85.8,7.8,29.7,0.0,1.0851386259822993,,,,,,
2020-10-31,53.2,46.6,78.0,23.6,29.4,0.0,1.0294789338001702,,,,,,
2020-11-01,52.0,46.5,82.3,22.6,29.1,0.0,1.2140765326683989,,,,,,
2020-11-02,48.6,42.7,79.1,14.1,29.3,0.0,1.157104783701692,,,,,,
2020-11-03,43.1,36.3,77.4,10.7,29.8,0.0,1.1775092337064563,,,,,,
2020-11-04,44.3,36.7,75.8,6.3,30.4,0.0,1.1280090886559149,,,,,,
2020-11-05,48.1,43.5,83.7,6.8,30.4,0.0,1.2155758174541451,,,,,,
2020-11-06,41.6,39.6,91.9,4.6,30.3,0.0,1.150734018466354,,,,,,
2020-11-07,42.9,40.6,92.1,4.1,30.0,0.0,1.2473368756568841,,,,,,
2020-11-09,53.0,50.5,92.5,4.5,30.0,0.0,1.252192829744612,,,,,,
2020-11-10,53.6,50.0,89.3,9.8,30.0,0.0,1.2524775634256438,,,,,,
2020-11-11,51.5,46.5,84.3,18.4,29.7,0.0,1.3315508280617627,,,,,,
2020-11-12,49.8,42.0,74.3,13.6,29.6,0.0,1.2806501228941602,,,,,,
2020-11-13,48.1,40.0,73.9,13.8,29.6,0.0,1.1192494590087736,,,,,,
2020-11-16,48.8,41.3,75.2,16.9,29.6,0.0,1.1928060028649523,,,,,,
2020-11-17,57.1,51.4,80.7,18.0,29.7,0.0,1.0653840605457832,,,,,,
2020-11-18,51.6,44.4,76.1,21.5,29.5,0.0,1.0137997839897321,,,,,,
2020-11-19,39.7,28.8,66.3,11.1,30.2,0.0,1.000638915684236,,,,,,
2020-11-20,44.4,40.7,86.8,16.0,30.1,0.0,0.8912208863033162,,,,,,
2020-11-21,43.6,37.6,80.2,7.6,30.0,0.0,0.8981919420665301,,,,,,
2020-11-22,43.1,36.0,76.0,10.4,30.1,0.0,0.9042092953346688,,,,,,
2020-11-23,43.4,38.5,83.0,15.6,30.0,0.0,0.9854964660496062,,,,,,
2020-11-24,50.0,44.3,80.1,18.3,29.6,0.0,0.9545031488454117,,,,,,
2020-11-25,43.2,38.3,83.1,5.1,29.7,0.0,0.913148269427264,,,,,,
2020-11-26,44.1,38.0,79.6,3.6,30.0,0.0,0.9867952013472936,,,,,,
2020-11-27,41.6,35.8,79.2,2.4,30.0,0.0,0.8437022667486668,,,,,,
2020-11-28,35.3,33.1,91.8,1.9,30.0,0.0,0.9640925669739799,,,,,,
2020-11-29,45.9,44.6,92.3,4.4,30.1,0.0,0.9191023654145832,,,,,,
2020-11-30,46.9,40.5,77.8,15.7,29.9,0.0,0.9532926289214864,,,,,,
2020-12-01,39.5,33.2,78.6,5.9,30.2,0.0,1.0135325002206816,,,,,,
2020-12-02,41.4,35.8,80.4,7.8,29.7,0.0,1.0374183102749166,,,,,,
2020-12-03,38.1,36.0,89.6,8.1,28.9,0.0,1.0358875084776171,,,,,,
2020-12-04,40.0,36.9,88.9,12.9,28.6,0.0,0.9918821248072242,,,,,,
2020-12-07,39.6,36.2,86.8,8.6,29.3,0.0,1.1159684851399614,1.0207844904960548,,,,,
2020-12-08,39.9,36.8,88.7,14.9,29.3,0.0,1.0658705650522262,6.845819882473638,,,28.0,14.0,
2020-12-09,40.3,37.7,90.8,5.4,29.5,0.0,1.0764381940100751,1.0125395845592795,,,37.0,14.0,
2020-12-10,40.5,36.6,87.2,12.6,29.3,0.0,1.1285233683131761,1.0245116388119968,,,44.0,14.0,
2020-12-11,44.8,42.4,91.5,3.4,29.0,0.0,1.0952226622957353,1.0209060262162188,,,54.0,15.0,
2020-12-14,46.8,41.3,80.5,17.0,29.2,0.0,1.485052703587125,7.852566376979366,,,78.0,15.0,
2020-12-15,43.7,39.3,85.3,12.6,29.4,0.0,1.249342304760469,1.009831018629181,,,354.0,15.0,
2020-12-16,45.9,42.6,86.8,18.7,29.4,0.0,1.2229312370993717,10.262308356742482,,,640.0,15.0,
2020-12-17,44.6,40.0,83.5,14.6,29.6,0.0,1.4470059010111962,8.245509862374243,,,1044.0,15.0,
2020-12-18,53.7,49.7,88.0,21.1,29.4,0.0,1.2209004178216414,1.0175508560524031,,,1695.0,15.0,
2020-12-20,44.1,38.3,81.7,12.8,29.6,0.0,1.4972127243310682,12.100712081481786,,,2817.0,15.0,
2020-12-21,42.4,40.4,93.2,4.0,29.4,0.0,1.5236672792743275,5.279489512319353,,,2831.0,15.0,
2020-12-22,37.5,33.4,85.2,5.4,29.7,0.0,1.4408684756749004,1.0088730891152744,,,2872.0,15.0,
2020-12-23,41.2,37.7,88.4,12.4,29.7,0.0,1.117199403881302,5.542662594267097,,,2961.0,15.0,
2020-12-27,38.2,32.9,81.2,13.7,28.4,0.0,1.631696670422996,10.230784337497136,,,3026.0,15.0,
2020-12-28,33.4,30.5,89.7,4.2,28.7,0.0,1.9481712339246369,10.754510421446334,,,3036.0,15.0,
2020-12-29,36.3,32.8,87.0,12.9,29.2,0.0,1.784953162125504,7.66478694240803,,,3169.0,27.0,
2020-12-30,32.5,27.5,82.1,6.4,29.4,0.0,1.3167370254668422,3.646005767417714,,,3463.0,34.0,
2021-01-01,40.4,35.7,81.9,14.6,29.8,0.0,1.7571252470486591,4.123091887621041,,,4213.0,43.0,
2021-01-03,38.0,34.4,85.9,8.2,30.1,0.0,1.747870345513731,4.138652617627513,,,4248.0,51.0,
2021-01-04,38.3,32.8,79.8,15.7,30.2,0.0,1.4649760141560149,2.1543732570686496,,,4448.0,65.0,
2021-01-05,36.5,32.8,86.1,10.3,30.2,0.0,1.0993039177590218,2.183913535561529,,,4580.0,337.0,
2021-01-06,34.6,31.6,89.8,6.2,30.1,0.0,1.16476433260882,2.7784396913775904,,,4790.0,618.0,
2021-01-07,30.9,28.1,90.4,5.3,29.9,0.0,0.9637608148459024,2.648333895522533,,,4960.0,991.0,
2021-01-08,33.2,30.6,90.9,8.3,30.0,0.0,0.9176594868965984,3.1198348635689053,,,5217.0,1622.0,
2021-01-11,46.4,40.2,78.9,14.8,29.6,0.0,0.8218633610688577,4.268846190063947,,,5999.0,2757.0,
2021-01-12,34.8,28.1,76.6,9.1,29.8,0.0,0.6630689007076009,3.426085025449339,,,6225.0,2778.0,
2021-01-13,32.7,30.1,90.6,3.3,29.9,0.0,0.7011964843662211,3.8919346500273995,,,6445.0,2780.0,
2021-01-14,33.3,31.6,93.9,5.0,30.0,0.0,0.5697543253094226,3.1262053645606724,,,6712.0,2781.0,
2021-01-15,28.1,25.5,90.4,6.1,30.3,0.0,0.478306893372611,2.7397952736985784,,,7033.0,2783.0,
2021-01-18,41.8,35.8,79.4,14.0,29.8,0.0,0.5059109882908409,2.662662515897809,,,7376.0,2784.0,
2021-01-19,44.7,42.9,92.5,8.4,29.2,0.0,0.502991245019861,2.307418686054608,,,7903.0,2786.0,
2021-01-20,47.4,44.7,91.2,12.2,28.7,0.0,0.5250459117585741,2.183527231071752,,,8122.0,2787.0,
2021-01-21,39.2,32.4,76.4,18.9,28.7,0.0,0.5338952643591646,1.967842083009539,,,8409.0,2788.0,
2021-01-22,38.8,30.5,72.5,11.7,29.0,0.0,0.6036908657124339,2.315477955748955,,,8672.0,2789.0,
2021-01-25,38.6,30.4,73.0,16.4,29.6,0.0,0.7103625444882056,2.583132010450176,,,9849.0,2792.0,
2021-01-26,35.3,30.9,85.7,10.3,29.8,0.0,0.7659673630876803,2.0551861188920526,,,10439.0,2793.0,
2021-01-27,41.9,38.5,88.1,6.1,29.7,0.0,0.7785103208360172,2.019352946965099,,,10633.0,2793.0,
2021-01-28,36.2,34.7,93.0,2.9,29.4,0.0,0.859161758981935,1.947812677759165,,,10884.0,2794.0,
2021-01-29,43.3,39.4,86.8,9.2,29.3,0.0,0.8738110066575514,1.6166169437186828,,,11147.0,2795.0,
2021-01-30,36.1,27.9,73.0,13.1,29.6,0.0,0.8823358851544769,1.2337483708221273,,,11293.0,2798.0,
2021-02-01,34.3,28.6,80.9,3.1,29.4,0.0,0.950560878207163,0.9134135978579252,,,12225.0,2799.0,
2021-02-02,35.1,32.2,89.3,11.7,29.2,0.0,0.9817322959893888,1.103328430285045,,,12805.0,2799.0,
2021-02-03,38.6,36.7,92.2,13.9,29.2,0.0,1.0147060580229583,0.7027850046099557,,,13100.0,2800.0,
2021-02-04,41.7,38.4,88.9,8.4,29.6,0.0,1.063376829393376,1.2955027682065308,,,13401.0,2804.0,
2021-02-05,44.0,42.0,93.0,6.6,29.6,0.0,1.0700947410549293,0.8899660133766236,,,13898.0,2806.0,
2021-02-06,36.8,34.0,88.5,21.3,29.8,0.0,1.0749396885861604,0.7317007643819298,,,14194.0,2806.0,
2021-02-07,34.0,25.0,70.4,19.9,29.8,0.0,1.0507224702752114,0.6086641750445144,,,14938.0,2806.0,
2021-02-08,32.2,26.1,77.8,19.7,29.7,0.0,1.0351013944207583,0.9347809359229924,,,15353.0,2807.0,
2021-02-09,31.4,24.4,75.0,12.5,29.8,0.0,1.0697132556294928,0.9965421074580644,,,15965.0,2813.0,
2021-02-10,30.1,25.6,82.3,7.0,30.0,0.0,1.064519266211334,0.8376162752908788,,,16277.0,2816.0,
2021-02-11,29.8,22.2,75.0,3.7,30.3,0.0,1.06457456744422,1.0422143333750058,,,17131.0,2823.0,
2021-02-12,26.1,19.6,77.5,7.6,30.4,0.0,1.1046749949347334,1.0845163982363946,,,17427.0,2826.0,
2021-02-13,29.5,17.0,58.5,18.2,30.3,0.0,1.0796870484453784,1.0020920727701244,,,18647.0,2826.0,
2021-02-14,34.2,29.0,82.8,26.7,29.8,0.0,1.087244693954526,2.0729869717630662,,,19267.0,2826.0,
2021-02-15,45.5,41.4,85.2,12.0,29.8,0.0,1.0606967189777838,1.8238460992803136,,,19588.0,2826.0,
2021-02-16,48.0,41.5,78.3,13.6,29.4,0.0,1.0675133663928584,1.2677637093739131,,,20260.0,2833.0,
2021-02-17,47.1,39.0,73.9,15.7,29.5,0.0,1.0767892629282796,1.8194814062697275,,,21604.0,2847.0,
2021-02-18,45.0,37.4,75.4,20.0,29.2,0.0,1.079720689975938,1.3891746880014728,,,22965.0,2880.0,
2021-02-19,46.3,41.7,83.3,24.7,29.3,0.0,1.0555066899136996,1.0707658984404211,,,23522.0,2882.0,
2021-02-20,54.0,45.0,72.0,21.3,29.2,0.0,1.0498580684928611,1.228593812437085,,,23799.0,2885.0,
2021-02-21,52.0,45.1,77.1,9.7,29.6,0.0,1.0668401207953857,2.07220861468932,,,23830.0,2885.0,
2021-02-22,45.6,39.4,79.7,6.4,29.8,0.0,1.040530835236177,1.367590411607983,,,23926.0,2885.0,
2021-02-23,50.5,42.5,75.2,21.3,29.8,0.0,1.0327191591147509,1.5218072012026471,,,24615.0,2888.0,
2021-02-24,52.1,49.1,90.2,11.9,29.8,0.0,1.0344346415973056,1.6435537430151572,,,26201.0,2914.0,
2021-02-25,44.8,35.4,70.1,12.2,30.1,0.0,1.0339741163227991,1.0266621826609834,,,27304.0,2965.0,
2021-02-26,45.2,36.6,73.2,7.9,30.4,0.0,1.0217017697505566,0.971445647195834,,,28487.0,2982.0,
2021-02-27,48.5,40.0,74.0,5.0,30.6,0.0,1.0069954657525921,0.4558331312633269,,,28593.0,2997.0,
2021-02-28,50.1,38.0,64.4,3.1,30.5,0.0,1.0239905467026058,1.2623002338706404,,,28665.0,3002.0,
2021-03-01,39.5,36.0,88.4,2.3,30.4,0.0,1.0300941855814192,1.7107005976347502,,,29180.0,3020.0,
2021-03-02,36.4,32.9,86.8,4.1,30.3,0.0,1.0059013687005467,1.1083110145913495,,,29275.0,3031.0,
2021-03-03,37.0,34.2,88.7,4.3,30.2,0.0,0.9852851185546035,0.8587842212827332,,,29458.0,3044.0,
2021-03-04,39.9,35.1,82.7,12.3,30.2,0.0,0.9985419363367084,1.3620047275767129,,,29549.0,3053.0,
2021-03-05,39.1,31.8,75.4,7.8,30.4,0.0,0.9919345626340772,0.9853929358973579,,,30562.0,3266.0,1.0
2021-03-06,37.3,27.9,68.7,7.0,30.3,0.0,0.9908118576302192,0.8450058971884601,,,31019.0,3448.0,1.0
2021-03-07,46.7,35.6,64.8,4.1,30.1,0.0,0.9896987247628466,1.656913960944626,,,31716.0,3456.0,1.0
2021-03-08,45.1,39.8,81.9,10.6,30.0,0.0,0.9886722965576112,1.2633836999751584,,,32147.0,3471.0,1.0
2021-03-09,46.5,40.6,79.7,10.7,29.9,0.0,0.9847331048104822,1.1771833709295705,,,32378.0,3549.0,1.0
2021-03-10,46.7,43.5,88.7,19.5,29.2,0.0,0.9820539393271712,1.17271808907679,,,32631.0,3727.0,1.0
2021-03-11,43.7,36.0,74.4,20.7,29.0,0.0,0.9911410489083552,1.4994629806181468,,,32784.0,3771.0,1.0
2021-03-12,43.5,34.6,70.8,18.6,29.2,0.0,0.9922019860114698,1.1955970358011645,,,33002.0,3820.0,1.0
2021-03-14,44.6,36.6,74.0,13.4,29.7,0.0,0.9888678063757632,1.0512736062583443,,,34548.0,3840.0,1.0
2021-03-15,46.0,34.3,64.6,9.3,30.0,0.0,0.9894925103903592,1.2292825948151642,,,34980.0,3893.0,1.0
2021-03-16,51.8,42.2,70.9,13.0,30.2,0.0,0.9889859336684884,1.1028486827353172,,,36191.0,4027.0,1.0
2021-03-17,47.2,35.8,66.7,10.1,30.4,0.0,0.9885990186011534,1.4086706007859051,,,36850.0,4505.0,1.0
2021-03-18,50.5,42.2,73.0,9.7,30.3,0.0,0.9939677046233482,1.453564126089924,,,37072.0,4841.0,1.0
2021-03-19,44.8,41.8,89.4,11.1,30.3,0.0,0.993347998031142,1.18441311920774,,,37322.0,5222.0,1.0
2021-03-21,48.9,37.5,66.3,5.4,30.2,0.0,0.9953690586232956,1.6102038157714436,,,39446.0,5305.0,1.0
2021-03-22,47.1,36.7,68.7,10.4,30.1,0.0,0.9930096595350542,1.1459122733682412,,,39683.0,5477.0,1.0
2021-03-23,47.9,37.3,66.7,16.5,29.9,0.0,0.992165972376878,0.9339793401686812,,,40946.0,5640.0,1.0
2021-03-24,49.0,35.1,58.9,16.8,29.9,0.0,0.992968651781148,1.7567270419722705,,,41331.0,5848.0,1.0
2021-03-25,50.6,38.2,63.8,14.2,29.7,0.0,0.9948312357650062,1.4301040285382904,,,42168.0,6040.0,1.0
2021-03-26,46.0,33.1,61.6,20.4,29.4,0.0,0.9955007031807374,1.1096247482250687,,,42428.0,6528.0,1.0
2021-03-28,55.2,46.9,74.4,24.9,29.7,0.0,0.9955379365965922,1.3796155784455606,,,43718.0,6675.0,1.0
2021-03-29,55.7,48.2,76.5,21.6,29.9,0.0,0.9964778351888884,1.2166562881947174,,,44045.0,6922.0,1.0
2021-03-30,58.3,43.4,58.1,12.3,30.1,0.0,0.9949913814178248,1.216064362188254,,,44258.0,7096.0,1.0
2021-03-31,57.7,45.0,63.6,9.8,30.0,0.0,0.994662944580206,1.2116155395551038,,,44509.0,7346.0,1.0
2021-04-01,43.2,34.1,71.3,11.8,30.3,0.0,0.9979462259341644,0.8686592830538818,,,44610.0,7619.0,1.0
2021-04-02,45.5,35.0,66.3,12.7,30.4,0.0,0.9983412371490747,0.9506083282464004,,,44682.0,7721.0,1.0
2021-04-04,52.1,37.0,56.8,18.8,29.9,0.0,0.9984107937273082,1.4025932308974114,,,44828.0,7772.0,1.0
2021-04-05,38.2,15.7,41.1,22.3,29.9,0.0,0.9989505340119385,1.2522368172684664,,,44867.0,7805.0,1.0
2021-04-06,37.2,18.2,47.2,18.8,30.0,0.0,0.9977061618626224,0.9090605748577096,,,44912.0,7886.0,1.0
2021-04-07,39.0,19.7,46.6,10.1,30.0,0.0,0.9980731612108521,1.064034720660069,,,44964.0,8117.0,1.0
2021-04-08,47.2,38.1,70.5,21.3,29.8,0.0,1.0015691552435335,0.9520344934128824,,,45011.0,8378.0,1.0
2021-04-09,43.1,31.9,65.4,8.1,29.7,0.0,0.9998973818362956,0.915302141457126,,,45604.0,8562.0,1.0
2021-04-11,38.6,27.1,66.9,7.1,30.0,0.0,0.9996324034292566,0.8777138001306317,,,45887.0,9893.0,1.0
2021-04-12,40.6,26.9,60.1,6.7,30.2,0.0,0.9994921041656012,1.2186675224822128,,,45949.0,10181.0,1.0
2021-04-13,42.8,30.0,63.7,4.4,30.3,0.0,0.9983174958719708,1.1793606750840306,,,45966.0,10519.0,1.0
2021-04-14,43.1,29.9,62.5,5.5,30.4,0.0,0.9981464178571552,1.2170354167967876,,,46042.0,10712.0,1.0
2021-04-15,45.2,30.6,59.2,4.2,30.4,0.0,0.9998627985986728,1.2169891041020626,,,46148.0,10891.0,1.0
2021-04-16,48.6,31.8,54.6,6.7,30.3,0.0,1.0005335246153433,1.3219519610784736,,,46285.0,11160.0,1.0
2021-04-17,51.1,33.2,51.1,4.7,30.3,0.0,1.0008283427337792,0.9598141695983586,,,46339.0,11293.0,1.0
2021-04-18,52.9,31.7,45.3,6.5,30.1,0.0,1.000517600217441,1.1404317456350972,,,46615.0,11741.0,1.0
2021-04-19,50.7,36.0,59.4,5.4,30.0,0.0,0.9996779346430924,1.06957457620058,,,46684.0,12078.0,1.0
2021-04-20,50.1,38.9,67.9,7.5,29.9,0.0,0.9996973763691378,1.2502452813252072,,,46758.0,12707.0,1.0
2021-04-21,46.1,31.5,57.6,10.8,30.1,0.0,0.9999290313492856,1.106919005102266,,,46791.0,12928.0,1.0
2021-04-22,50.4,23.0,40.0,5.1,30.2,0.0,1.0012877728701988,1.2489800000776556,,,46897.0,13144.0,1.0
2021-04-23,56.6,25.4,32.5,6.5,30.2,0.0,1.0011703922881094,1.036271731806938,,,47078.0,13379.0,1.0
2021-04-24,51.6,39.7,64.8,12.2,30.3,0.0,1.0014177186018691,1.1772681535397986,,,47646.0,14147.0,1.0
2021-04-25,49.8,35.3,58.1,9.4,30.3,0.0,1.0008806383330728,1.142506544390439,,,47899.0,14833.0,1.0
2021-04-26,48.3,36.9,66.3,8.8,30.0,0.0,1.0015006913212487,1.1424715670668113,,,47931.0,15185.0,1.0
2021-04-27,46.0,38.9,77.0,9.8,29.7,0.0,1.0002754156721074,1.1040618993889522,,,47961.0,16067.0,1.0
2021-04-28,45.6,35.0,67.5,12.8,29.8,0.0,1.0007216716113576,1.0339147002510711,,,48121.0,16350.0,1.0
2021-04-29,43.1,33.6,69.5,12.3,29.8,0.0,1.001965797101013,1.0348722334147795,,,48197.0,16550.0,1.0
2021-04-30,44.6,36.7,74.3,11.0,29.9,0.0,1.001914079477876,1.0366176019031692,,,48351.0,17167.0,1.0
2021-05-01,44.8,34.0,66.0,7.3,29.9,0.0,1.0020728191863957,1.071827731047548,,,48445.0,18549.0,2.0
2021-05-02,48.8,34.7,58.4,6.9,29.9,0.0,1.002173766101051,1.0718127509536957,,,48464.0,18575.0,2.0
2021-05-03,44.4,39.0,81.9,15.1,29.5,0.0,1.0018020942208017,1.0714226512687322,,,48481.0,18612.0,2.0
2021-05-04,44.4,37.3,77.1,17.2,29.3,0.0,1.0011527961265123,1.0358569699008229,,,48987.0,19096.0,2.0
2021-05-05,44.4,29.2,56.3,11.0,29.6,0.0,1.0016794299826857,1.0711776258448715,,,49102.0,19760.0,2.0
2021-05-06,43.6,32.6,66.4,9.1,29.5,0.0,1.0024485989108587,1.0716873057733096,,,49204.0,20920.0,2.0
2021-05-07,46.5,37.0,69.7,6.9,29.8,0.0,1.0021475201822114,1.0713626896598778,,,49385.0,21306.0,2.0
2021-05-08,41.5,37.2,84.4,10.6,29.5,0.0,1.00298682238554,1.03713194833531,,,49518.0,21982.0,2.0
2021-05-09,58.0,46.0,65.2,13.8,29.2,0.0,1.002458533645581,1.1409126801514902,,,49540.0,22521.0,2.0
2021-05-10,54.4,45.7,73.5,12.3,29.2,0.0,1.0017743963399866,1.0707508736718316,,,49660.0,22793.0,2.0
2021-05-11,52.0,42.7,71.5,9.6,29.6,0.0,1.0015236175264384,1.0358212773617994,,,49840.0,23038.0,2.0
2021-05-12,52.4,43.6,72.5,7.6,29.6,0.0,1.0025761908443775,1.0366257570605837,,,50301.0,24003.0,2.0
2021-05-13,51.9,45.6,79.9,11.2,29.7,0.0,1.0018389692626235,1.0013615428462228,,,50393.0,25119.0,2.0
2021-05-14,47.6,41.5,79.4,5.7,29.7,0.0,1.001372713484744,1.0696270569896198,,,50566.0,25777.0,4.0
2021-05-15,52.7,42.1,67.8,4.3,29.4,0.0,1.001538382119023,1.1038125587475278,,,51183.0,26390.0,4.0
2021-05-16,52.4,46.0,80.2,8.6,29.3,0.0,1.0015387546798014,1.0353395677288222,35.63437077419465,,51359.0,26923.0,5.0
2021-05-17,50.6,43.6,76.6,4.2,29.5,0.0,1.0011373595008792,1.0691338221603333,24.09853465084679,,51523.0,27553.0,5.0
2021-05-18,53.2,41.2,66.1,7.8,29.7,0.0,1.0009269735108817,1.00065780644232,1.0003131743231324,,51664.0,28121.0,5.0
2021-05-19,55.0,41.3,61.2,7.4,29.9,0.0,1.0009216943742738,1.0006537659201629,1.0003111637212774,,51762.0,28279.0,6.0
2021-05-20,49.3,43.4,80.2,13.8,29.6,0.0,1.0014449638271241,1.001054615413505,1.0005109185157728,,52267.0,28527.0,6.0
2021-05-21,51.8,47.5,86.7,12.7,29.0,0.0,1.001460984687799,1.0345392328185632,9.676196710754851,,52509.0,28697.0,6.0
2021-05-22,47.4,37.5,69.5,9.2,29.5,0.0,1.0014336151370586,1.067893181245314,18.360408492547176,,52587.0,29833.0,6.0
2021-05-23,51.2,42.3,71.9,16.2,29.4,0.0,1.0011705567216165,1.034247982629583,7.947126477028048,,52620.0,30407.0,6.0
2021-05-24,52.9,39.7,62.4,11.8,29.4,0.0,1.0013400350383224,1.0343597833353757,6.792041313935728,,52668.0,31016.0,6.0
2021-05-25,50.6,43.5,76.6,9.7,29.7,0.0,1.0010372749777514,1.0996001119323122,12.587532155614367,,52784.0,31281.0,6.0
2021-05-26,50.8,45.7,83.3,10.0,29.8,0.0,1.000996235913105,1.0336409095397774,5.967913104492277,,52960.0,32279.0,6.0
2021-05-27,56.5,46.6,70.6,4.5,30.0,0.0,1.0011122734530422,1.0333599718192479,5.348626223995109,,53138.0,32479.0,6.0
2021-05-28,59.6,48.2,68.0,4.8,30.1,0.0,1.001046355235394,1.0007460174984943,1.0003588168025277,,53318.0,34233.0,6.0
2021-05-29,63.3,52.7,68.7,6.3,30.2,0.0,1.0012908605463862,1.0009324432313955,1.00045217571463,,53444.0,35338.0,6.0
2021-05-30,60.6,48.6,65.4,7.2,30.2,0.0,1.0010233597322329,1.032947205291456,7.004697370790273,,53526.0,35383.0,6.0
2021-05-31,61.4,50.3,67.3,8.3,30.0,0.0,1.0010494414044957,1.0007480670648403,1.000360015260911,,53571.0,35524.0,6.0
2021-06-01,63.3,48.2,59.1,6.0,29.9,0.0,1.0005646166847102,1.0322343354102317,6.1242169115287055,,53617.0,36895.0,6.0
2021-06-02,59.5,50.2,72.0,13.8,29.9,0.0,1.00129084403154,1.0009316506558792,1.0004521989876063,,53654.0,37403.0,6.0
2021-06-03,60.7,53.1,76.9,5.5,29.9,0.0,1.001281020404612,1.063176047050557,11.171944462134766,,53911.0,37995.0,6.0
2021-06-04,60.8,44.4,55.2,6.7,30.1,0.0,1.0011491316059913,1.0929426986537696,12.629476957436335,,53956.0,38270.0,6.0
2021-06-05,66.4,47.3,51.6,6.9,30.1,0.0,1.0012766454886768,1.1233655171740728,12.634556547498354,,54019.0,39345.0,6.0
2021-06-06,61.9,52.2,70.5,8.5,30.1,0.0,1.0011405929264297,1.1815249548834756,12.638984307188124,,54069.0,40337.0,6.0
2021-06-07,65.2,54.2,68.3,7.4,30.0,0.0,1.0008174043097344,1.2665474889169404,13.473521042048485,,54161.0,40597.0,6.0
2021-06-08,63.8,49.9,61.5,8.4,30.0,0.0,1.0008294375873048,1.1170542790334343,6.193236286610492,,54326.0,41435.0,6.0
2021-06-09,67.8,54.3,63.3,11.6,29.9,0.0,1.0011182261400116,1.4554012319595822,14.750206896277941,,54453.0,41798.0,6.0
2021-06-10,67.3,56.9,69.9,13.2,29.9,0.0,1.0014192976562484,1.3898703069261211,11.019530035029176,,54963.0,42150.0,6.0
2021-06-11,63.5,51.5,65.1,17.8,29.8,0.0,1.0010320656159069,1.2163063323695986,6.513893429486193,,55053.0,42346.0,6.0
2021-06-12,62.5,45.0,52.9,10.9,30.1,0.0,1.0012194775524796,1.2099468839537055,6.020215106257267,,55441.0,42568.0,6.0
2021-06-13,69.7,57.1,64.9,10.8,30.1,0.0,1.0010943744831966,1.2286227176202302,6.349477599807509,,55536.0,43569.0,7.0
2021-06-14,59.2,46.9,64.6,11.5,30.0,0.0,1.000863001389106,1.1994215803284332,5.570838580994956,,55606.0,43874.0,7.0
2021-06-15,62.4,45.6,54.8,8.5,30.0,0.0,1.000740510098503,1.1451312354032783,4.391842355788453,,55872.0,44149.0,9.0
2021-06-16,66.7,54.1,64.9,8.5,29.7,0.0,1.0007101574741923,1.2103430678917158,5.777023418063616,,55965.0,44464.0,9.0
2021-06-17,61.7,50.5,66.9,7.2,29.8,0.0,1.0010993693847774,1.2036864677991221,5.4987124057670655,,56070.0,44545.0,9.0
2021-06-18,57.5,49.2,74.0,8.7,29.9,0.0,1.0013892349317712,1.2508761785386209,6.8230871535941615,,56148.0,44650.0,9.0
2021-06-19,61.9,48.9,63.2,6.2,29.8,0.0,1.0012968777482671,1.1132316074547426,4.150705064178009,,56255.0,45388.0,10.0
2021-06-20,58.6,44.9,62.2,7.8,29.7,0.0,1.0012780238748886,1.3341748394258834,8.518136422722064,,56821.0,45454.0,10.0
2021-06-21,53.4,45.7,76.4,11.0,29.9,0.0,1.0009947013051614,1.3563702641342776,8.010037804194775,,56914.0,45495.0,10.0
2021-06-22,57.4,42.8,59.4,6.8,30.1,0.0,1.000775952612681,1.4656082493208211,8.791087380828609,,57542.0,45555.0,10.0
2021-06-23,58.6,48.1,68.4,7.2,30.1,0.0,1.0012653434459946,1.6983935425096706,10.182603196786452,,57817.0,45694.0,10.0
2021-06-24,67.0,55.5,68.4,9.4,29.9,0.0,1.0014472655334834,1.5330007395677383,7.10936711944936,,57959.0,45784.0,11.0
2021-06-25,52.4,48.8,89.3,15.7,29.9,0.0,1.001043130784938,1.5995676310352898,7.459034181380782,,58047.0,45960.0,11.0
2021-06-26,55.5,53.9,92.6,9.0,30.0,0.0,1.0011598810575384,1.5147192614323308,6.38502110040587,,58124.0,46037.0,11.0
2021-06-27,58.4,54.1,84.6,8.4,30.0,0.0,1.0011420004850198,1.6779085356969157,7.636662510215715,,58429.0,46075.0,11.0
2021-06-28,62.1,51.3,69.8,6.2,29.9,0.0,1.0010781070416015,1.9749979663941928,9.448921656553052,,58499.0,46178.0,11.0
2021-06-29,61.8,50.9,68.1,10.8,29.9,0.0,1.0007996981633491,1.821213603427944,7.695454289921836,,58977.0,46444.0,11.0
2021-06-30,55.3,48.9,79.7,10.6,29.9,0.0,1.0010382517331051,1.7232000117102748,7.197034964479841,,59400.0,46504.0,11.0
2021-07-01,58.7,48.6,69.8,7.9,29.9,0.0,1.0015492495178542,1.592418896996532,5.904044825424777,,59871.0,46641.0,11.0
2021-07-02,63.6,54.6,73.3,5.8,29.9,0.0,1.0015521666403553,1.6460324733981522,6.161629674744941,,60057.0,46842.0,13.0
2021-07-03,63.1,58.9,86.5,3.6,29.7,0.0,1.001564110442913,1.4268089529003458,4.999218806911847,,60162.0,47001.0,13.0
2021-07-04,63.4,57.0,81.5,6.1,29.5,0.0,1.0013157943509885,1.6559730841677218,6.7445556342560256,,60466.0,47059.0,13.0
2021-07-05,61.7,52.8,74.1,11.1,29.4,0.0,1.0011556542622109,1.6785611857239475,6.896049332628009,,60502.0,47125.0,13.0
2021-07-06,57.0,53.0,86.3,8.0,29.3,0.0,1.0011198551136729,1.5013115940855637,5.6824266744009195,,60733.0,47473.0,13.0
2021-07-07,62.1,54.4,77.7,5.7,29.6,0.0,1.0012107761201663,1.3554609188282072,5.130301475027873,,60913.0,47531.0,13.0
2021-07-08,63.5,53.7,70.8,6.1,29.9,0.0,1.0017708967386296,1.2431579819888328,4.280363965883598,,61002.0,47690.0,13.0
2021-07-09,63.6,55.7,76.2,4.1,30.0,0.0,1.00184962870225,1.0741120616796562,3.2003050125614045,,61051.0,47868.0,13.0
2021-07-10,63.5,57.5,81.6,8.6,29.9,0.0,1.0019618340672936,1.0167290940113802,3.326861161512708,,61108.0,48351.0,13.0
2021-07-11,65.8,56.6,73.4,9.4,29.8,0.0,1.0019861174622806,1.0309717676689971,3.912726952559349,,61178.0,48522.0,14.0
2021-07-12,59.9,57.2,91.9,8.3,29.8,0.0,1.0019339222050794,1.083793159314656,4.055105789121058,,61192.0,48599.0,14.0
2021-07-13,61.2,55.5,81.9,7.5,29.9,0.0,1.001593985674748,0.9748792773422372,3.6770554163837192,,61267.0,48733.0,14.0
2021-07-14,66.6,57.2,72.9,6.8,29.9,0.0,1.0016611047660238,0.8944619136099363,3.356258829497296,,61415.0,48857.0,14.0
2021-07-15,62.7,53.8,72.6,9.7,30.1,0.0,1.0020438669077223,0.9166920821695442,3.484947369713244,,61647.0,49103.0,14.0
2021-07-16,70.2,55.6,61.8,6.7,30.2,0.0,1.0030633268690208,0.7642190562527081,1.864830422473956,,61734.0,49238.0,14.0
2021-07-17,79.3,58.6,50.1,8.5,30.2,0.0,1.0031960973850216,0.7314034436419798,1.5152420174883408,,61874.0,49471.0,14.0
2021-07-18,70.2,57.5,64.8,9.5,30.1,0.0,1.0032995066057182,0.7824883105557795,2.2863709152402927,,61923.0,49665.0,14.0
2021-07-19,70.2,59.2,69.0,6.1,30.0,0.0,1.0031080539845274,0.6983022311066753,0.9331500581602344,,62064.0,49745.0,14.0
2021-07-20,70.3,60.5,71.3,7.3,30.0,0.0,1.002608560921706,0.8124497226752706,1.0618831158547566,,62171.0,50002.0,14.0
2021-07-21,70.3,60.8,71.8,5.2,30.1,0.0,1.0030918137470857,0.7150328575264773,0.6968980822677641,,62252.0,50099.0,14.0
2021-07-22,67.6,60.2,77.6,8.9,30.1,0.0,1.0045073214870923,0.7443872320612837,0.1319557985541867,,62373.0,50302.0,14.0
2021-07-23,67.7,56.3,68.5,8.5,29.9,0.0,1.0042976034145037,0.7399480350875651,0.02943391575636089,,62493.0,50497.0,14.0
2021-07-24,62.6,52.8,70.2,8.8,29.8,0.0,1.004553062845054,0.7591435398695081,-0.16206521438053678,,62655.0,50616.0,14.0
2021-07-25,64.3,54.2,69.8,8.4,29.7,0.0,1.0043395312348828,0.8721931016365282,0.5688642765451833,,62721.0,50895.0,15.0
2021-07-26,68.2,56.3,67.7,4.0,29.6,0.0,1.0042663603948792,0.9076572332522088,-0.008964179977120512,,62758.0,51001.0,15.0
2021-07-27,65.0,56.2,75.1,5.1,29.6,0.0,1.0033508389395915,0.8915440825342705,-0.07408856150565835,,62806.0,51046.0,15.0
2021-07-28,61.4,52.1,72.8,11.9,29.4,0.0,1.0039425927272303,0.9172969129239688,-0.0510911621463741,,62898.0,51425.0,15.0
2021-07-29,64.1,53.0,67.0,15.0,29.5,0.0,1.0057735561953087,0.918329681820446,0.0007621503834844834,,62956.0,51508.0,15.0
2021-07-30,58.9,55.3,88.5,7.6,29.5,0.0,1.005753498769645,0.963565039222224,-0.2979871920887149,,63007.0,51652.0,15.0
2021-07-31,59.9,55.5,86.4,8.4,29.6,0.0,1.0059821696988251,0.9867155515657332,0.0284859882734112,,63026.0,51984.0,15.0
2021-08-01,58.4,47.0,66.6,10.2,29.8,0.0,1.006206853459037,1.0183949642891679,0.5805948184023285,,63034.0,52031.0,15.0
2021-08-02,60.9,47.2,62.8,6.6,29.8,0.0,1.0055834003532744,1.0174123559251296,0.7420971478183591,,63041.0,52099.0,15.0
2021-08-03,62.9,47.4,59.8,5.2,29.8,0.0,1.0042868786141832,1.015907740544146,0.8312870599534381,,63048.0,52174.0,15.0
2021-08-04,63.5,51.3,65.9,8.3,29.7,0.0,1.0049064393239484,1.0145491261792,0.7175466491628986,,63120.0,52259.0,16.0
2021-08-05,65.2,52.8,65.7,11.8,29.4,0.0,1.0080230647002166,1.0153701452939592,0.6938340847276614,,63182.0,52577.0,16.0
2021-08-06,62.5,56.4,80.9,11.8,29.2,0.0,1.0086448755037665,1.0142774200816385,0.5417382416068806,,63213.0,52703.0,17.0
2021-08-07,60.7,53.5,77.7,13.3,29.2,0.0,1.0094835681408771,1.012544030958432,0.3859051250906552,,63226.0,52769.0,17.0
2021-08-08,64.0,55.4,73.9,15.0,29.3,0.0,1.0092684081234673,1.0158723461350434,0.907567140593932,,63294.0,53142.0,17.0
2021-08-09,62.9,49.9,64.0,13.3,29.6,0.0,1.0091161650735607,1.0190000016876632,1.3055063310560335,,63304.0,53211.0,17.0
2021-08-10,63.7,53.5,70.0,6.6,29.8,0.0,1.0084656096297238,1.017996961835541,1.4612539843042722,,63368.0,53290.0,17.0
2021-08-11,63.0,54.5,73.8,12.2,29.8,0.0,1.0094163338988151,1.0203764391423151,1.6654041425486985,,63378.0,53377.0,17.0
2021-08-12,62.1,50.2,67.4,10.6,29.8,0.0,1.0147042792090044,1.0228562929111218,1.4585679012548944,,63412.0,53488.0,17.0
2021-08-13,62.0,48.6,62.2,18.3,29.8,0.0,1.014215862184489,1.0258056337149004,1.9476028445556417,,63429.0,53554.0,17.0
2021-08-14,62.9,47.8,59.4,12.6,29.9,0.0,1.014561944240218,1.0110896835947245,1.5081653645051327,,63580.0,53796.0,17.0
2021-08-15,58.4,54.6,88.1,4.3,29.7,0.0,1.0146290465481382,1.0111419625189109,1.7553445205240696,,63711.0,54209.0,18.0
2021-08-16,59.3,48.6,68.8,8.1,29.9,0.0,1.0132495983746872,1.0100883433643029,1.632330543614135,,63723.0,54282.0,18.0
2021-08-17,62.3,54.6,76.4,8.9,29.9,0.0,1.0121862238038524,1.0092761315687917,1.7609396804147648,,64116.0,54862.0,19.0
2021-08-18,63.5,54.1,71.7,12.8,29.8,0.0,1.0128514710566212,1.0097854663711403,1.8827291889860045,,64130.0,55037.0,19.0
2021-08-19,60.2,53.8,79.0,3.4,29.7,0.0,1.0178519616180486,1.013610091129744,1.3192407913458966,,64154.0,55164.0,19.0
2021-08-20,64.1,55.9,75.9,3.9,29.8,0.0,1.018689046097892,1.0142517386255303,1.4812023903379503,,64165.0,55239.0,19.0
2021-08-21,63.0,59.8,89.6,5.5,29.8,0.0,1.020041665282479,1.0152879244936859,1.4275288585274668,,64234.0,55340.0,20.0
2021-08-22,63.7,59.1,85.3,7.7,30.0,0.0,1.0171271323198932,1.0130601447841152,1.6297250855426786,,64244.0,55398.0,20.0
2021-08-23,61.4,55.0,80.3,7.8,30.3,0.0,1.0162823467036757,1.012415144721667,1.360199418889133,,64279.0,55487.0,20.0
2021-08-24,63.5,55.1,75.3,4.5,30.4,0.0,1.0141822297601468,1.0108095083311082,1.671699789286949,,64448.0,55979.0,21.0
2021-08-25,61.9,55.2,78.9,8.2,30.2,0.0,1.0154057271338597,1.0117465548418425,1.5645805412708798,,64517.0,56418.0,21.0
2021-08-26,57.1,49.2,74.7,14.2,30.1,0.0,1.0226741722760837,1.0173098512083896,1.2864701353703858,,64551.0,56762.0,21.0
2021-08-27,57.1,50.4,78.7,11.1,30.2,0.0,1.0239499793425186,1.0182885644913218,1.3144388070969208,,64569.0,56917.0,21.0
2021-08-28,64.6,50.6,62.0,4.0,30.2,0.0,1.0278319187283265,1.0212627157587322,1.3185503325978931,,64577.0,56958.0,21.0
2021-08-29,57.4,51.4,80.4,11.6,30.2,0.0,1.0313148852279956,1.0239327816913495,1.6333516604603422,,64682.0,57075.0,21.0
2021-08-30,57.1,52.3,83.6,13.0,30.3,0.0,1.027418471343578,1.0209530146316372,1.6242934380764915,,64688.0,57110.0,21.0
2021-09-01,57.8,52.3,81.5,12.8,30.4,0.0,1.0167697388787555,1.0128020654268963,1.9769061745177656,,64830.0,57547.0,22.0
2021-09-02,58.9,52.6,78.9,11.3,30.3,0.0,1.0218443881831445,1.0166902325267149,1.9205572796226185,,64871.0,57651.0,22.0
2021-09-03,56.8,50.3,78.3,7.3,30.1,0.0,1.0181503340551608,1.0138622838203224,1.3935493488888138,,64902.0,57738.0,22.0
2021-09-04,58.4,51.7,78.2,5.7,30.0,0.0,1.0158335770106577,1.0120887113764137,2.06824797422194,,64914.0,57800.0,22.0
2021-09-05,63.8,53.0,68.2,6.1,30.0,0.0,1.0131517790284863,1.0100350389923456,1.90425837958668,,64923.0,57833.0,22.0
2021-09-06,66.2,57.9,76.4,7.1,30.1,0.0,1.0112470861983576,1.0085763702590445,2.0248480969426854,,64925.0,57875.0,22.0
2021-09-07,69.6,59.2,71.5,4.7,30.0,0.0,1.0091296382907684,1.0069544441131542,1.9574335858670973,,64956.0,57998.0,22.0
2021-09-08,71.7,54.9,59.0,7.4,29.8,0.0,1.0088052889946149,1.006706238984881,1.3531431393781557,,64985.0,58280.0,22.0
2021-09-09,65.9,59.9,82.0,3.5,29.6,0.0,1.012254558406514,1.009349678386086,1.4692499479685923,,65037.0,58603.0,22.0
2021-09-10,64.8,60.5,86.2,4.9,29.6,0.0,1.0121027487069456,1.0092339228017242,1.2382308965476378,,65079.0,58677.0,22.0
2021-09-11,65.5,56.1,72.2,13.0,29.8,0.0,1.0121930315522802,1.0093036819820058,1.0560334130597684,,65088.0,58781.0,22.0
2021-09-12,56.0,49.4,78.7,7.2,30.0,0.0,1.0114173765058083,1.0087097603704034,1.690315428135824,,65097.0,58808.0,22.0
2021-09-13,57.0,49.4,76.5,5.0,30.0,0.0,1.0090612902343172,1.0069043826918531,0.8830952065120231,,65113.0,58947.0,22.0
2021-09-14,56.5,53.0,87.4,6.2,29.8,0.0,1.007613161336929,1.005794713879428,0.7406702695559269,,65159.0,59182.0,22.0
2021-09-15,59.7,53.8,80.6,5.8,29.8,0.0,1.0077176029435115,1.00587498900158,1.1787800480409871,,65169.0,59257.0,23.0
2021-09-16,61.3,51.1,70.4,7.6,29.9,0.0,1.0118378509442014,1.009033641791896,1.3870030423140438,,65221.0,59537.0,23.0
2021-09-17,61.2,52.3,73.5,9.0,29.7,0.0,1.0120330394996306,1.0091838077222297,0.7230188534810602,,65232.0,59620.0,23.0
2021-09-18,65.1,54.0,67.7,7.7,29.8,0.0,1.0127546019791378,1.0097375551745291,1.0928055355922952,,65357.0,59845.0,29.0
2021-09-19,61.8,53.1,73.5,5.6,29.8,0.0,1.0118597538949556,1.0090520664204916,1.6490056246952955,,65365.0,59861.0,29.0
2021-09-20,59.2,46.8,65.9,5.8,30.1,0.0,1.0104054509002582,1.0079374949991562,1.5541148628646868,,65375.0,59893.0,45.0
2021-09-21,59.8,47.1,65.4,7.7,30.2,0.0,1.00787861244441,1.0060003672604558,1.2606944200450931,,65381.0,59935.0,278.0
2021-09-22,62.4,50.6,66.0,15.7,30.1,0.0,1.0083396805219529,1.0063541428172529,1.162300813726424,,65397.0,59990.0,292.0
2021-09-23,61.2,50.4,67.8,12.1,29.9,0.0,1.0121355904565,1.009265284021835,0.8301371854676729,,65405.0,60024.0,306.0
2021-09-24,65.5,56.0,71.8,14.5,29.7,0.0,1.0117829087131724,1.008995351271802,1.067987485406665,,65410.0,60043.0,320.0
2021-09-25,65.2,57.1,75.8,7.2,29.8,0.0,1.012167226843037,1.0092906110861075,1.0006322994973005,,65515.0,60166.0,366.0
2021-09-26,65.0,55.5,72.9,13.5,29.6,0.0,1.0111308357533304,1.0084962470474057,0.9322778202892764,,65516.0,60181.0,375.0
2021-09-27,56.2,47.3,73.2,17.4,29.5,0.0,1.0098597703289598,1.0075217587934806,0.9560482413146172,,65516.0,60189.0,543.0
2021-09-28,52.9,47.8,83.4,11.9,29.7,0.0,1.0082726433249811,1.0063047052810314,1.2511229210416728,,65540.0,60285.0,1071.0
2021-09-29,51.5,40.7,67.4,14.3,29.9,0.0,1.0083894605746908,1.0064815878804767,0.9604517156651392,,65552.0,60316.0,1247.0
2021-09-30,53.8,49.5,84.9,16.4,29.7,0.0,1.0127730573119678,1.0097575415974716,1.0733190109226094,,65560.0,60358.0,1437.0
2021-10-01,53.8,43.4,68.4,18.6,29.5,0.0,1.0123228687742936,1.0094127491583635,1.2162857087847456,,65578.0,60391.0,1527.0
2021-10-02,50.8,45.7,83.3,14.1,29.2,0.0,1.0127621909706657,1.0097503465927404,1.1028858233637329,,65590.0,60418.0,1585.0
2021-10-03,52.0,44.7,76.7,17.3,29.1,0.0,1.0113260404734608,1.0086490154641865,1.379152155403674,,65592.0,60431.0,2114.0
2021-10-04,51.3,45.7,81.6,10.7,29.5,0.0,1.0094953112857887,1.0072447611180455,1.5146147332288975,,65598.0,60444.0,2170.0
2021-10-05,50.3,47.3,89.7,15.6,29.3,0.0,1.008326384336822,1.0063481401613876,1.3957473274179517,,65617.0,60521.0,2770.0
2021-10-06,52.8,44.0,72.2,9.3,29.9,0.0,1.0078846740907703,1.0060094393362389,1.6844730246809394,,65635.0,60541.0,2948.0
2021-10-07,61.7,55.8,81.5,12.1,30.0,0.0,1.0115533460836594,1.0088249122456123,1.2571806665916772,,65640.0,60568.0,3348.0
2021-10-08,61.4,54.2,77.7,7.9,30.2,0.0,1.0103965079958712,1.0079375861082096,1.236789223635296,,65649.0,60576.0,3455.0
2021-10-09,58.9,54.9,87.5,8.1,30.2,0.0,1.0105591723933576,1.0080627970546991,1.3932795848795447,,65657.0,60598.0,3840.0
2021-10-10,53.4,44.1,71.5,10.2,30.3,0.0,1.0094879071446103,1.007240991383919,2.1338870692525305,,65676.0,60623.0,4282.0
2021-10-11,52.8,44.3,73.7,9.6,30.2,0.0,1.0084049991926591,1.0064101473102298,1.6636390614321317,,65916.0,60628.0,4341.0
2021-10-12,52.6,47.2,81.8,8.5,30.1,0.0,1.00660184222239,1.0050263975935978,1.5482044266652957,,66142.0,60788.0,4556.0
2021-10-13,54.6,47.5,77.6,9.6,30.1,0.0,1.0060736782038593,1.0046211512446444,1.6490809409242329,,66151.0,60803.0,4723.0
2021-10-14,54.4,46.2,73.7,15.9,29.9,0.0,1.0089656851470754,1.0068411219928477,1.5314592393203998,,66157.0,60824.0,5114.0
2021-10-15,46.3,37.1,72.0,5.7,30.0,0.0,1.0125722799956969,1.009609934245416,1.3843242414876755,,66164.0,60841.0,5227.0
2021-10-16,47.8,43.2,84.8,8.5,29.9,0.0,1.011612795251524,1.008873885867278,1.4030376174081258,,66243.0,60967.0,5631.0
2021-10-17,55.5,52.1,87.3,12.2,29.8,0.0,1.011015868792852,1.0084160668923745,1.789864909623638,,66248.0,60978.0,6130.0
2021-10-18,55.1,51.9,89.5,12.6,29.7,0.0,1.009579577345523,1.0073137612690346,2.0801001445616185,,66255.0,60991.0,6181.0
2021-10-19,61.2,57.5,88.2,13.9,29.5,0.0,1.007572460579819,1.0057730637204887,1.9785986546614016,,66270.0,61056.0,6417.0
2021-10-20,48.3,43.5,83.9,7.3,29.2,0.0,1.0074221789023483,1.0056578681542958,1.6519946435031985,,66287.0,61070.0,6815.0
2021-10-21,45.3,33.6,64.0,15.4,29.6,0.0,1.0114012552923464,1.0087132808834487,1.5499317799857044,,66297.0,61083.0,7144.0
2021-10-22,48.8,40.9,74.0,9.0,29.9,0.0,1.0090806161048946,1.0069317651087206,1.5681969175119428,,66306.0,61104.0,7289.0
2021-10-23,51.6,44.3,76.2,15.4,30.0,0.0,1.0082780229193171,1.0063157336316508,1.2395108245163926,,66411.0,61252.0,8066.0
2021-10-24,51.8,46.3,82.4,15.4,29.7,0.0,1.0073503778222592,1.0056036097732095,2.1048245542920654,,66414.0,61260.0,8087.0
2021-10-25,50.2,43.5,78.5,11.4,29.7,0.0,1.0063873950229432,1.0048642844867506,1.6380988125680536,,66430.0,61270.0,8149.0
2021-10-26,55.2,49.0,79.6,19.3,29.7,0.0,1.0047913419065482,1.0036387443640842,1.3514999351395294,,66444.0,61325.0,8209.0
2021-10-27,60.1,52.7,76.4,21.7,29.6,0.0,1.0051087481222032,1.0038825693594189,1.7164953210606408,,66531.0,61407.0,9073.0
2021-10-28,57.8,51.2,78.1,18.9,29.4,0.0,1.0088717695375604,1.0067725779289145,1.5863706857707816,,66570.0,61439.0,9500.0
2021-10-29,52.9,46.9,79.7,19.8,29.1,0.0,1.0067406470688791,1.0051360985886175,1.3860410987582386,,66584.0,61463.0,9580.0
2021-10-30,49.1,43.6,81.9,12.2,29.1,0.0,1.0069627268329466,1.0053068072840077,1.295084736784304,,66604.0,61482.0,9935.0
2021-10-31,49.3,44.7,84.2,19.6,28.9,0.0,1.0065995082589445,1.0050279908420214,1.3980365932494885,,66623.0,61488.0,10474.0
2021-11-01,47.4,40.3,77.0,13.2,29.0,0.0,1.0063662550300796,1.0048489737866595,1.0883533478228955,,66762.0,61492.0,10564.0
2021-11-02,42.7,39.1,87.2,5.8,29.3,0.0,1.0064824482830834,1.0049383487492605,1.1289760391191002,,66899.0,61507.0,10971.0
2021-11-03,44.9,40.0,83.7,12.7,29.6,0.0,1.0080995213281592,1.0061805831288475,0.9060847552260952,,66922.0,61519.0,11621.0
2021-11-04,42.1,33.9,72.8,11.9,29.9,0.0,1.0106415184207256,1.0081334425507915,0.8541590759155201,,66951.0,61542.0,12143.0
2021-11-05,46.8,41.9,83.0,8.6,30.1,0.0,1.010215022543234,1.0079280161851225,0.8579975029586759,,66967.0,61568.0,12209.0
2021-11-06,52.6,44.7,74.7,18.7,29.8,0.0,1.0092000404917916,1.007204235310565,1.070871027382973,,67026.0,61635.0,12747.0
2021-11-07,48.5,36.8,64.8,16.2,29.9,0.0,1.0090157833124764,1.0071387128298388,1.4332912251367391,,67050.0,61639.0,13262.0
2021-11-08,49.3,43.9,82.7,12.1,29.9,0.0,1.0081938633761047,1.0062542335164415,1.3216254777131793,,67313.0,61651.0,13384.0
2021-11-09,56.4,50.1,79.4,12.8,29.9,0.0,1.0072535672410317,1.0055320200427118,1.1686466788301824,,67533.0,61719.0,14163.0
2021-11-10,49.9,44.8,82.4,4.5,30.1,0.0,1.0090776150364011,1.0069336299236091,1.296630436893772,,67562.0,61745.0,14684.0
2021-11-11,49.2,44.6,84.8,9.6,30.0,0.0,1.0118209669787652,1.0090417665552711,1.1220494086925066,,67577.0,61772.0,15242.0
2021-11-12,51.9,47.4,86.1,16.7,29.4,0.0,1.0098332018823042,1.0075148016038944,1.0367654794860672,,67588.0,61788.0,15325.0
2021-11-13,52.0,44.8,76.2,8.1,29.9,0.0,1.0092649294438325,1.007078425723689,1.1295791923683702,,67626.0,61802.0,15854.0
2021-11-14,50.0,45.7,86.3,3.0,30.2,0.0,1.0086118265235506,1.0065768135543491,1.574387351126492,,67635.0,61809.0,16415.0
2021-11-15,48.3,45.3,88.8,8.2,30.1,0.0,1.0071822515641808,1.0054784590207926,1.1210572354586454,,67676.0,61818.0,16569.0
2021-11-16,50.1,44.6,80.7,13.0,29.9,0.0,1.006791050184772,1.0054345930299138,1.502392470878887,,67701.0,61852.0,17275.0
2021-11-17,47.4,40.5,76.9,9.6,30.0,0.0,1.008759380039497,1.006882840094804,1.263526015913521,,67724.0,61879.0,18004.0
2021-11-18,55.3,48.9,79.6,13.3,30.1,0.0,1.0120882868939618,1.0094382361447578,1.2302093336613034,,67733.0,61894.0,18259.0
2021-11-19,51.1,45.6,81.6,10.0,30.2,0.0,1.010326367535216,1.0080645991016008,1.1412645907933336,,67745.0,61921.0,18466.0
2021-11-20,50.4,41.8,72.8,12.3,29.9,0.0,1.010592627403928,1.0082784963715234,1.1963017019279518,,67789.0,62003.0,19381.0
2021-11-21,39.9,33.9,78.6,14.1,30.1,0.0,1.0100684285124517,1.0079139324008426,1.391468898941618,,67806.0,62036.0,19832.0
2021-11-22,41.5,36.0,80.5,5.7,30.4,0.0,1.0090696058937771,1.0071138583729993,1.2699843131961228,,67815.0,62050.0,20083.0
2021-11-23,40.6,37.2,87.4,4.1,30.3,0.0,1.0081288758214506,1.0063204806123671,0.972394967726018,,67819.0,62086.0,20489.0
2021-11-24,43.5,37.0,78.3,8.9,29.9,0.0,1.0101495802048264,1.007761189415184,1.1302669563089307,,67859.0,62162.0,21621.0
2021-11-25,37.7,29.1,71.4,10.5,29.9,0.0,1.0138170932203714,1.0107832932087413,1.307503319391356,,67876.0,62175.0,21895.0
2021-11-26,40.9,32.5,73.5,20.6,29.0,0.0,1.0130662062968965,1.0100550266831334,0.6895076101948947,,67888.0,62200.0,22135.0
2021-11-27,36.1,30.5,80.2,28.6,29.5,0.0,1.0128182017684486,1.0100140710827323,1.3419217148390887,,67894.0,62208.0,22429.0
2021-11-28,33.3,27.3,80.1,9.8,29.6,0.0,1.0118230175796232,1.009284446876506,1.4205991726803635,,67900.0,62218.0,23018.0
2021-11-29,35.3,30.7,83.5,9.6,29.7,0.0,1.0108723118129377,1.0085891303179368,1.5370942461242407,,67905.0,62235.0,23146.0
2021-11-30,50.8,45.3,82.0,13.6,29.4,0.0,1.009253879535538,1.0070745465720012,1.4065496852671078,,67914.0,62246.0,23929.0
2021-12-01,40.6,33.1,75.0,18.2,29.4,0.0,1.0111242370251678,1.0085130101555448,1.254375397170182,,68066.0,62277.0,24692.0
2021-12-02,35.0,26.5,70.8,11.7,29.7,0.0,1.01537796924422,1.011784498794941,1.2959439253541705,,68075.0,62291.0,25112.0
2021-12-03,41.9,37.0,83.8,8.5,29.4,0.0,1.0134525909692509,1.0103044521634923,1.186449174072714,,68081.0,62307.0,25382.0
2021-12-04,39.2,34.2,81.6,11.0,29.1,0.0,1.0127897516830822,1.009795184567834,1.1036214497796537,,68117.0,62395.0,25980.0
2021-12-05,40.8,37.8,90.0,15.6,29.7,0.0,1.0109967727857478,1.0084166395627112,1.240915042043718,,68125.0,62403.0,26506.0
2021-12-06,36.0,33.4,89.4,11.3,29.5,0.0,1.0097245563974486,1.0074384698918888,1.103318588046144,,68130.0,62420.0,26687.0
2021-12-07,39.4,34.5,82.8,19.9,29.0,0.0,1.0074508646935805,1.005689914773624,1.1863863741817189,,68138.0,62436.0,27443.0
2021-12-08,39.9,35.9,84.4,12.9,28.8,0.0,1.0078073456888883,1.0059642618605549,1.2208669716902578,,68304.0,62551.0,28966.0
2021-12-09,38.9,34.6,85.0,10.6,29.2,0.0,1.0111910164924491,1.0085671528697069,1.236783979957368,,68353.0,62561.0,29297.0
2021-12-10,38.3,31.1,75.4,10.5,29.4,0.0,1.009186951366569,1.0070258992135923,0.8989811022057554,,68362.0,62578.0,29597.0
2021-12-11,40.9,37.6,88.7,12.0,29.7,0.0,1.0095097471649257,1.0072744432291307,1.1995135329597562,64.30696426182698,68401.0,62714.0,31042.0
2021-12-12,50.4,46.5,87.2,10.8,29.8,0.0,1.0085460264222093,1.0065333180471223,1.4777163929326298,38.280156377008794,68416.0,62741.0,31620.0
2021-12-13,44.8,41.0,86.8,5.8,30.0,0.0,1.0086490994383892,1.0066128106953924,1.550930918180354,1.0033314258515051,68430.0,62760.0,32068.0
2021-12-14,43.8,39.4,84.8,12.0,30.0,0.0,1.0066377801694903,1.0050656640928846,1.4440013629252533,1.0025472113258929,68452.0,62798.0,33347.0
2021-12-15,49.5,43.7,79.9,10.9,30.2,0.0,1.006573924233764,1.0050166558091045,1.1364549249861695,1.0025224626327045,68477.0,62840.0,34705.0
2021-12-16,39.5,36.9,90.1,5.1,30.5,0.0,1.0095785937582615,1.0073284401140408,1.7108867110635968,1.0036946996110216,68652.0,62922.0,36257.0
2021-12-17,32.8,30.4,91.0,2.4,30.6,0.0,1.0076442916206572,1.005840458713338,1.5174651116376972,1.0029404097177392,68674.0,62960.0,36968.0
2021-12-18,36.8,36.1,95.5,9.1,30.6,0.0,1.0069575742982022,1.0053122535671852,1.4882980810104336,1.0026727004081102,68748.0,63080.0,38140.0
2021-12-19,38.8,37.6,95.2,6.6,30.4,0.0,1.0064597579975962,1.0049293539446702,2.104419252316153,33.568815930155765,68783.0,63117.0,39122.0
2021-12-20,40.9,36.9,85.9,1.9,30.3,0.0,1.005304831830049,1.0040408300570671,2.3647909078230125,25.88508398288595,68821.0,63170.0,39846.0
2021-12-21,37.2,31.1,78.6,5.3,30.1,0.0,1.0044675327272836,1.0033966539016377,2.5508566147793483,1.0017015501104365,68852.0,63215.0,40444.0
2021-12-22,35.2,31.1,86.8,12.6,29.8,0.0,1.005473975579644,1.0041711135652596,2.4161929098616115,1.0020943434565273,68931.0,63333.0,41811.0
2021-12-23,41.6,39.6,92.9,6.6,29.5,0.0,1.0090152113980881,1.006896092274235,2.191506623740249,1.0034764009407833,68947.0,63362.0,42157.0
2021-12-24,42.7,40.6,92.8,7.9,29.5,0.0,1.0085218254207664,1.006516641615659,1.5596818482657595,14.120964493406957,68954.0,63370.0,42219.0
2021-12-26,40.2,37.4,90.3,5.5,29.4,0.0,1.0082236802975628,1.0062875918729903,3.30440236119004,1.0031682673534492,68954.0,63370.0,42224.0
2021-12-27,42.7,41.1,94.3,7.2,29.1,0.0,1.0074810762247812,1.0057162807361084,4.245424544036638,1.002878611226996,68967.0,63391.0,42471.0
2021-12-28,45.9,43.9,90.7,10.9,29.1,0.0,1.006368896752217,1.0048605070690868,5.686873055671184,1.0024446189210696,69001.0,63428.0,42835.0
2021-12-29,45.4,41.7,86.9,17.7,29.2,0.0,1.0071815350308493,1.005486020328994,4.892974741280778,1.0027620248785971,69055.0,63506.0,43618.0
2021-12-30,54.9,50.5,84.7,14.6,29.5,0.0,1.0104718954261716,1.008018521444758,3.8416932624911375,1.0040469381127934,69094.0,63558.0,44109.0
2021-12-31,55.2,48.9,79.0,19.1,29.6,0.0,1.0093695614129388,1.0071703768949547,2.533705509035129,1.0036168595170527,69098.0,63564.0,44254.0
2022-01-01,55.0,47.1,75.3,15.4,29.6,0.0,1.009835427593376,1.0075291745910664,3.4306488791310694,1.0037990971892297,69103.0,63591.0,44342.0
2022-01-02,49.1,42.0,75.6,18.7,29.4,0.0,1.0091383056424947,1.0069928391077136,4.541151813415069,1.00352716114279,69114.0,63607.0,44446.0
2022-01-03,44.5,38.4,79.0,15.2,29.4,0.0,1.0080807893553771,1.0061790483506603,6.998257114832412,1.0031143947429768,69144.0,63633.0,44677.0
2022-01-04,33.9,26.3,73.4,13.6,29.4,0.0,1.0071196836336225,1.005439405516102,4.708568680582278,1.0027392013807122,69180.0,63701.0,45067.0
2022-01-05,35.4,26.3,69.0,11.9,29.8,0.0,1.0078677158476703,1.0060153425561669,3.1180812663807904,1.0030315787410549,69229.0,63775.0,45889.0
2022-01-06,34.8,30.1,83.1,17.2,29.6,0.0,1.011097989656535,1.0085021486537973,1.83969055572468,1.0042937691409473,69270.0,63824.0,46252.0
2022-01-07,35.0,29.6,81.3,9.9,29.5,0.0,1.0099221833144785,1.0075972904773047,0.9737337538887852,68.27738170708061,69300.0,63842.0,46653.0
2022-01-08,40.2,37.5,89.6,12.7,29.1,0.0,1.0099990004856931,1.0076566758820635,0.6977746822527082,33.55303858076961,69348.0,63907.0,46897.0
2022-01-09,39.5,34.7,83.9,7.7,29.4,0.0,1.0088641312691795,1.0067832203621088,1.4381079523567877,30.00676570584355,69360.0,63926.0,46915.0
2022-01-10,43.9,39.5,85.7,12.9,29.9,0.0,1.0078742199748716,1.0060212926640957,0.7650427183926543,18.167303670107007,69365.0,63946.0,47054.0
2022-01-11,37.8,34.3,87.4,6.2,30.3,0.0,1.0067112476853315,1.0051260681819505,0.3401248736238932,13.297543217469675,69393.0,63981.0,47160.0
2022-01-12,44.3,39.6,83.5,6.8,30.5,0.0,1.0081458884323484,1.006230740907448,-0.036551243519728605,9.892961238661883,69422.0,64031.0,47444.0
2022-01-13,40.9,34.4,78.3,7.9,30.5,0.0,1.0119642336177708,1.0091708615120765,0.036473896290091117,21.680485020390282,69429.0,64044.0,47486.0
2022-01-14,36.8,33.0,87.3,3.6,30.4,0.0,1.0121659186420329,1.0093265117416037,-0.5063700797882742,19.616121425739305,69436.0,64060.0,47552.0
2022-01-15,30.1,29.0,96.0,7.5,30.1,0.0,1.0116583560745074,1.0089360399798173,-0.1014041466300546,22.194324938199752,69477.0,64109.0,47651.0
2022-01-16,38.3,34.4,86.7,6.5,30.1,0.0,1.0107829280367473,1.0082622491226747,0.32920590680421,24.577999391572533,69482.0,64117.0,47669.0
2022-01-17,39.3,33.5,80.7,7.7,30.4,0.0,1.0090159088887962,1.0069018037287052,-0.10162727790859873,18.762838535356288,69485.0,64122.0,47738.0
2022-01-18,36.7,32.3,84.0,10.9,30.4,0.0,1.0072024175066083,1.0055054611163492,-0.20189759205902869,16.633699891998646,69524.0,64153.0,47858.0
2022-01-19,44.0,35.8,72.3,14.4,30.1,0.0,1.0081802022635546,1.0062585761398322,-0.4467033806864844,12.123120287051675,69571.0,64203.0,48005.0
2022-01-20,37.8,26.2,63.3,10.9,30.5,0.0,1.0123062287731754,1.0094363169003622,-0.5971935039116236,13.957837998929696,69572.0,64206.0,48021.0
2022-01-21,40.3,34.6,80.6,8.5,30.4,0.0,1.011736176513505,1.0089976442683821,-0.672611298264314,12.6848275232867,69634.0,64404.0,48069.0
2022-01-22,41.6,36.6,83.1,7.7,30.4,0.0,1.0121405790609839,1.0093094433177767,-0.2948483799026313,17.372390018734006,69651.0,64433.0,48118.0
2022-01-23,40.3,35.5,82.4,9.1,30.3,0.0,1.0116001476286187,1.0088935401299493,-0.1402089086104883,18.004125401645116,69672.0,64473.0,48158.0
2022-01-24,37.8,34.2,86.8,7.6,30.4,0.0,1.0106399985836734,1.008154304385121,-0.4290677881108287,12.114239200460224,69681.0,64490.0,48189.0
2022-01-25,35.5,33.1,90.6,5.7,30.3,0.0,1.0100606508050731,1.007708316191004,-0.29642317717781697,13.700635564374776,69696.0,64512.0,48260.0
2022-01-26,43.9,37.6,78.7,15.3,30.1,0.0,1.0106737391491791,1.0081808124936358,-0.427509365102654,9.668639763561263,69700.0,64522.0,48331.0
2022-01-27,45.4,36.1,70.2,12.6,30.1,0.0,1.0191121052474112,1.0146815029470024,-0.3081836130601241,7.548174445509317,69712.0,64530.0,48366.0
2022-01-28,44.7,39.5,81.9,14.0,30.2,0.0,1.022411633250729,1.0172243564467645,-0.3637215943564356,5.449080583212236,69725.0,64540.0,48435.0
2022-01-29,50.4,37.7,61.6,31.5,29.9,0.0,1.0248766666747986,1.0191247740908551,-0.21773456083321974,6.470260063729064,69750.0,64564.0,48480.0
2022-01-30,40.5,33.3,76.2,12.6,30.1,0.0,1.0231301583937782,1.0177804431705924,-0.016138843935722846,8.516333975813744,69759.0,64590.0,48510.0
2022-02-01,50.5,39.5,66.6,21.2,29.8,0.0,1.0188094795506764,1.014453100891794,0.10358251727821256,7.31818979175655,69815.0,64646.0,48637.0
2022-02-02,50.2,44.3,79.8,10.0,29.9,0.0,1.018512554406187,1.0142250658778649,0.15696103494600375,4.572636105018535,69823.0,64673.0,48691.0
2022-02-03,48.7,42.0,77.0,16.4,29.6,0.0,1.0281426349276963,1.021647863551568,0.19111307973922487,1.8494420373066889,69863.0,64799.0,48713.0
2022-02-04,38.5,30.9,74.0,14.7,29.6,0.0,1.0311315711772455,1.023953483500121,0.2372996680602447,0.5984480391720151,69869.0,64809.0,48758.0
2022-02-05,46.2,38.7,75.3,25.1,29.6,0.0,1.0322749484556741,1.0248369904343757,0.3236389840170913,1.3896631152575656,69889.0,64835.0,48783.0
2022-02-06,39.5,32.5,76.0,19.3,29.4,0.0,1.031377444745131,1.0241472922245785,0.4207798067032617,3.0879686681351566,69890.0,64840.0,48788.0
2022-02-07,43.4,36.7,76.6,13.5,30.0,0.0,1.0263900392127778,1.0203040789850402,0.4755339898298071,2.627869887348055,69897.0,64865.0,48823.0
2022-02-08,48.7,44.8,85.6,11.1,29.9,0.0,1.0126089494371238,1.0096800822438072,0.532980259569644,1.1996807048888236,69932.0,64893.0,48860.0
2022-02-09,42.6,32.6,68.5,13.8,29.9,0.0,1.021599549432466,1.016612464354378,0.6263568397014793,-0.6715955147982261,69970.0,65025.0,48868.0
2022-02-10,40.5,30.6,68.7,17.3,29.9,0.0,1.034374310449535,1.02646433530871,0.675968103913033,0.5124803903564941,69974.0,65027.0,48885.0
2022-02-11,35.9,28.7,75.5,11.1,30.2,0.0,1.0369644240953009,1.0284642976359892,0.7187649702320225,-1.4885194600548382,69980.0,65043.0,48928.0
2022-02-12,44.8,36.4,72.9,24.4,29.7,0.0,1.0494251849740746,1.0380783466427812,0.8478031676487666,-2.0247171800562684,69991.0,65076.0,48991.0
2022-02-13,46.0,43.5,88.8,17.4,29.1,0.0,1.0399634412911989,1.0307840915917128,0.887134743883184,0.9592502969943264,69996.0,65097.0,49014.0
2022-02-14,43.0,37.0,80.4,12.3,29.3,0.0,1.0309517155421606,1.0238349209896709,0.897775291784874,0.04870300556112805,70005.0,65116.0,49052.0
2022-02-15,43.0,35.5,75.2,16.2,29.3,0.0,1.0185360646381452,1.0142582468382764,0.958861654488696,-0.6485762231256316,70017.0,65141.0,49104.0
2022-02-16,51.5,43.1,73.3,26.7,28.9,0.0,1.029184498392298,1.0224743646138146,1.0347134740520063,-0.627853594627612,70021.0,65156.0,49121.0
2022-02-17,42.1,31.5,67.2,18.6,29.5,0.0,1.0382603855316357,1.0294790113364467,1.068849769340146,-0.6692721976058367,70025.0,65158.0,49143.0
2022-02-18,39.8,33.9,78.9,20.5,28.9,0.0,1.0458752095845718,1.0353581582974174,1.072592619512167,-1.3456742134009445,70031.0,65168.0,49161.0
2022-02-19,37.4,31.9,80.8,8.6,29.5,0.0,1.0341011404484544,1.0262749263461324,1.0552432381703638,-0.6370920666509563,70040.0,65193.0,49195.0
2022-02-20,47.2,41.1,79.8,23.4,29.0,0.0,1.026326543211059,1.0202764945651341,1.044234891823319,-0.28621226296914903,70041.0,65196.0,49196.0
2022-02-21,46.2,36.2,68.6,18.8,29.5,0.0,1.0166762095073394,1.0128293417836691,1.0286875532114783,-0.8315558613739562,70044.0,65199.0,49204.0
2022-02-22,45.5,36.5,71.2,18.3,29.7,0.0,1.011986298628537,1.0092100150585552,1.0228826140190268,0.5286866229159508,70060.0,65243.0,49279.0
2022-02-23,47.4,37.3,68.3,24.4,29.6,0.0,1.0119428549874074,1.0091767350556045,1.0230615373330307,0.94462300460332,70066.0,65257.0,49324.0
2022-02-24,39.1,29.7,69.6,18.1,29.5,0.0,1.0180909938928977,1.0139225793793931,1.0299365921994947,-0.16489183848815106,70071.0,65267.0,49337.0
2022-02-25,42.9,31.8,65.7,12.2,30.1,0.0,1.0149540038503702,1.0115016682936158,1.0268946645328052,0.8113915528656703,70088.0,65280.0,49371.0
2022-02-26,44.9,35.7,69.8,17.7,30.1,0.0,1.0131226389046322,1.0100883702891748,1.0266986012581445,2.6325035296047536,70092.0,65287.0,49380.0
2022-02-27,42.2,30.9,65.2,16.2,30.0,0.0,1.0117138321118238,1.009001142692103,1.0173826501939074,2.0719081426966484,70095.0,65297.0,49408.0
2022-02-28,44.6,41.3,87.6,12.4,30.0,0.0,1.0095692960498848,1.0073458805362838,1.014216222671561,1.7918332897746891,70096.0,65300.0,49413.0
2022-03-01,37.7,32.1,81.4,5.6,30.3,0.0,1.0080274637808366,1.0061557873361624,1.0119398068609653,4.32797527371243,70112.0,65326.0,49456.0
2022-03-02,41.1,36.6,85.5,10.2,30.1,0.0,1.0114322197264876,1.0087843221076656,1.016964682771062,3.773939866861733,70116.0,65345.0,49471.0
2022-03-03,44.7,38.4,79.0,4.4,29.8,0.0,1.0166064739012024,1.0127791736278309,1.0246001327545926,1.6607054328618096,70120.0,65370.0,49480.0
2022-03-04,41.4,37.5,86.8,7.3,30.0,0.0,1.0144036343319909,1.0110789265387927,1.0213475537029255,2.5709966846926253,70128.0,65400.0,49521.0
2022-03-05,42.6,34.5,72.9,18.3,30.2,0.0,1.013399591299742,1.010304078846445,1.0198645812297304,3.1875222968572148,70129.0,65419.0,49543.0
2022-03-06,40.2,32.6,75.5,7.4,30.4,0.0,1.011632316068001,1.008939881109232,1.0172556811765354,5.342018059973128,70129.0,65420.0,49544.0
2022-03-07,36.4,29.8,78.4,5.8,30.1,0.0,1.00930061089611,1.007139788891314,1.0138143473834982,4.488830393143823,70130.0,65422.0,49549.0
2022-03-08,43.0,30.0,60.9,15.2,29.8,0.0,1.0080108245176398,1.0061440712132383,1.0119107436766015,3.8156221621569113,70156.0,65470.0,49596.0
2022-03-09,49.2,38.1,66.8,19.2,29.7,0.0,1.0117686271404749,1.0090456838619082,1.0174545897364753,3.5316457247785484,70158.0,65475.0,49608.0
2022-03-10,52.7,43.0,69.5,14.9,29.8,0.0,1.0148953714715443,1.0114602552808456,1.0220665069465649,3.2681786510960364,70159.0,65478.0,49619.0
2022-03-11,51.1,42.0,71.2,18.4,29.4,0.0,1.0132960280660244,1.0102256245907788,1.0197057649236223,3.339189596740036,70178.0,65508.0,49678.0
2022-03-12,49.8,38.7,66.4,17.7,29.5,0.0,1.012022240724013,1.009242287328881,1.0178256586693517,4.043911701267268,70179.0,65519.0,49702.0
2022-03-13,49.4,39.7,70.2,14.8,29.5,0.0,1.009620599356608,1.007387931905435,1.0142821915537883,6.685966338765929,70179.0,65521.0,49702.0
2022-03-14,47.2,36.3,68.3,15.2,30.0,0.0,1.008399247052852,1.0064449191286893,1.0124800940146097,3.522515831991176,70180.0,65521.0,49704.0
2022-03-15,48.1,38.1,69.8,11.1,30.0,0.0,1.006565824794832,1.0050291985887794,1.009775389935292,4.718421080634291,70193.0,65563.0,49744.0
2022-03-16,45.9,42.1,86.3,7.9,29.9,0.0,1.0089554994142955,1.0068746829674649,1.0132997322064756,4.145237381880106,70198.0,65572.0,49762.0
2022-03-17,47.2,38.7,73.3,16.3,30.2,0.0,1.0109371476599291,1.0084051714939612,1.0162218609107156,2.596335855895737,70207.0,65589.0,49776.0
2022-03-18,46.4,37.3,72.0,8.2,30.7,0.0,1.0092169186031459,1.007076852761621,1.0136841540285062,3.4931166687549657,70209.0,65610.0,49799.0
2022-03-19,49.2,33.5,56.9,12.1,30.6,0.0,1.0083839453636336,1.0064336842066957,1.0124552085801928,5.0241401803539105,70210.0,65616.0,49807.0
2022-03-20,43.8,32.3,66.7,10.3,30.3,0.0,1.0071265598974448,1.0054627080854055,1.0106005098216695,5.391186066419211,70210.0,65620.0,49808.0
2022-03-21,44.1,34.8,71.3,8.1,30.2,0.0,1.005613468969635,1.0042942081435025,1.008368886559537,5.785647298916991,70211.0,65623.0,49813.0
2022-03-22,52.4,40.0,64.0,6.1,30.3,0.0,1.003724615508364,1.0028354656451792,1.0055832830049545,5.818570043465702,70224.0,65680.0,49859.0
2022-03-23,52.1,41.5,69.4,5.2,30.3,0.0,1.004990341736774,1.0038130324113579,1.0074496886737103,4.8159945656937735,70234.0,65697.0,49887.0
2022-03-24,52.9,39.8,63.9,4.9,30.3,0.0,1.0076589988025602,1.0058741652595806,1.0113846942077305,2.2714055634175043,70240.0,65707.0,49898.0
2022-03-25,54.9,41.1,62.4,3.2,30.3,0.0,1.0062535748887254,1.0047887789229453,1.0093119993443609,2.18235924015192,70241.0,65724.0,49923.0
2022-03-26,52.7,43.3,71.3,6.8,30.4,0.0,1.0055666129162226,1.0042582603650931,1.0082988353618756,2.688062096456436,70243.0,65732.0,49943.0
2022-03-27,52.0,43.2,73.7,4.2,30.4,0.0,1.003897393950163,1.0029690704599536,1.0058374140173807,5.275760985628773,70243.0,65746.0,49962.0
2022-03-28,47.0,44.4,89.7,4.8,30.1,0.0,1.003111411890894,1.002362030838724,1.004678413644727,4.250259265577502,70243.0,65749.0,49980.0
2022-03-29,46.6,43.8,89.1,6.5,29.8,0.0,1.002116966870376,1.0015939721481368,1.003212081022404,3.427767106801816,70262.0,65798.0,50037.0
2022-03-30,37.0,32.9,84.4,13.0,29.7,0.0,1.0025533616129485,1.0019310347879644,1.003855501392556,1.3092725137182293,70262.0,65810.0,50059.0
2022-03-31,37.0,31.1,79.7,15.2,29.9,0.0,1.0039591673969883,1.0030168496690857,1.0059282277306527,0.07203099607803952,70266.0,65818.0,50063.0
2022-04-01,39.5,32.3,76.2,12.8,30.0,0.0,1.0039176309552031,1.0029847909627103,1.0058668940491589,-0.712814099311623,70280.0,65844.0,50110.0
2022-04-02,40.6,31.0,70.8,8.0,30.1,0.0,1.0037328725860326,1.0028421088687949,1.0055944003888315,-0.024906383632550263,70282.0,65849.0,50113.0
2022-04-03,44.8,32.4,63.6,12.2,30.0,0.0,1.0030661031188677,1.0023271230528437,1.0046112610888265,0.7524331594216985,70284.0,65855.0,50116.0
2022-04-04,53.8,45.8,74.8,17.6,29.5,0.0,1.0017854536225042,1.001337973305731,1.0027230774945677,1.739858463680377,70285.0,65857.0,50139.0
2022-04-05,51.7,43.5,73.4,20.2,29.4,0.0,1.0018973263148307,1.00142438735988,1.0028879994886069,-0.03459893076704623,70304.0,65884.0,50197.0
2022-04-06,48.6,38.3,68.5,20.7,29.0,0.0,1.0020607098127678,1.0015505891151169,1.0031288619428584,0.24825741348241906,70307.0,65887.0,50221.0
2022-04-07,41.9,34.1,73.8,16.3,28.9,0.0,1.003182939601334,1.002417406505773,1.0047833606377563,0.02459311143588561,70309.0,65895.0,50240.0
2022-04-08,42.2,30.2,63.7,9.7,29.4,0.0,1.0024736171298414,1.0018695359610856,1.0037375513283575,-0.5033233260162344,70312.0,65909.0,50278.0
2022-04-09,42.7,26.8,54.7,11.5,29.8,0.0,1.0020779046905557,1.0015638930468862,1.0031541227987748,0.003458604332156945,70312.0,65914.0,50284.0
2022-04-10,44.8,30.6,59.9,6.6,29.9,0.0,1.0010699018632072,1.0007853083311151,1.00166801631659,0.2953483178124664,70313.0,65923.0,50298.0
2022-04-11,49.8,35.6,59.1,13.8,29.7,0.0,1.0010567312988419,1.000775136706332,1.0016485934309756,-0.010160108653338051,70315.0,65933.0,50321.0
2022-04-12,46.9,44.5,89.5,5.6,29.6,0.0,1.0008012862328226,1.0005778297179655,1.0013583645630422,0.13426621282175732,70337.0,65971.0,50358.0
2022-04-13,53.5,45.5,74.9,12.4,29.8,0.0,1.001706321845636,1.0012768911428296,1.0026062546027978,0.438946656553727,70342.0,65982.0,50392.0
2022-04-14,55.5,46.8,74.2,5.6,30.0,0.0,1.0030272109371454,1.002297173967061,1.0045535563323666,0.28437124421036386,70346.0,65989.0,50405.0
2022-04-15,57.4,48.2,72.9,6.8,30.2,0.0,1.0031979171465986,1.0024290449213609,1.0048535691036349,-0.42716656410994397,70356.0,66000.0,50427.0
2022-04-16,56.6,49.2,76.0,9.9,30.2,0.0,1.0030673138698016,1.002328177808547,1.0046814330314349,0.43003918296467547,70359.0,66004.0,50437.0
2022-04-17,58.0,44.7,61.8,12.4,30.0,0.0,1.0026255157748143,1.001986931645565,1.0039612188703038,0.4275156736707645,70359.0,66004.0,50437.0
2022-04-18,52.1,39.0,62.2,12.0,29.8,0.0,1.002957091704995,1.002243063048645,1.0044499794922603,1.691696062053715,70359.0,66006.0,50438.0
2022-04-19,49.3,38.2,66.7,7.2,30.0,0.0,1.0026561914098728,1.0020106476152422,1.0040063566388735,1.0644294476548557,70371.0,66036.0,50475.0
2022-04-20,49.2,42.9,79.2,10.3,30.0,0.0,1.0038317224326898,1.0029186930312994,1.0057392049703944,0.35330747930473794,70377.0,66063.0,50507.0
2022-04-21,48.6,42.9,80.5,11.9,29.9,0.0,1.0059724736735558,1.0045723543206666,1.00889477868432,0.9096051165353436,70380.0,66066.0,50521.0
2022-04-22,51.3,42.8,72.8,16.7,29.8,0.0,1.0059444334934964,1.0045507468006742,1.0088532369122345,0.5921526945805521,70386.0,66089.0,50578.0
2022-04-23,51.2,44.4,77.1,17.2,29.8,0.0,1.0065147983947949,1.004991394165227,1.0096937491078284,0.992595827850041,70392.0,66099.0,50594.0
2022-04-24,48.6,41.9,77.1,16.5,29.9,0.0,1.0062678200997932,1.0048006684704067,1.0093294639867498,0.8182976728013607,70393.0,66103.0,50600.0
2022-04-25,47.7,40.1,75.6,10.4,30.0,0.0,1.0060199420137428,1.0046092407029208,1.008963880418769,0.256927414589079,70396.0,66105.0,50610.0
2022-04-26,46.6,39.1,75.6,10.9,30.1,0.0,1.0054066530903034,1.00413552424804,1.0080597450018145,0.6593248034622088,70421.0,66153.0,50667.0
2022-04-27,45.4,33.9,63.7,8.4,30.3,0.0,1.007112125346716,1.0054530710501048,1.0105732011533195,1.2316580168523998,70426.0,66160.0,50683.0
2022-04-28,45.3,34.4,65.2,4.8,30.4,0.0,1.0094436996833995,1.0072543618184129,1.0140091643543303,1.07475018598826,70427.0,66162.0,50700.0
2022-05-01,52.7,47.4,83.2,8.5,30.0,0.0,1.0074422159876142,1.0057084449161997,1.0110582237919232,1.4008354619254135,70437.0,66204.0,50776.0
2022-05-02,50.6,46.4,85.9,7.3,30.1,0.0,1.0065534949860662,1.0050219172726058,1.0097482817823815,1.2371990252791694,70437.0,66205.0,50776.0
2022-05-03,50.4,44.4,79.5,5.8,30.0,0.0,1.0057138507892296,1.0043732811372263,1.0085107558614541,2.207349052515009,70453.0,66271.0,50824.0
2022-05-04,56.4,48.8,76.6,11.0,29.9,0.0,1.0073125235629012,1.0056084558922431,1.0108662795082328,1.4823935008581333,70460.0,66279.0,50848.0
2022-05-05,56.1,47.0,72.4,7.1,30.1,0.0,1.0109159283488036,1.0083925743967743,1.0162235016868642,1.9683866694442205,70462.0,66283.0,50871.0
2022-05-06,55.9,50.4,82.0,10.7,30.0,0.0,1.0089240319518964,1.0068537422353665,1.0132693882584898,1.566645993157853,70468.0,66318.0,50930.0
2022-05-07,52.2,43.7,73.7,10.1,30.2,0.0,1.0086670903871748,1.0066553322363698,1.0128958356526074,1.7247627923294138,70472.0,66318.0,50936.0
2022-05-08,54.3,44.3,70.2,8.8,30.2,0.0,1.0071085468596674,1.0054512277036411,1.0105642618394803,1.7204594413317236,70475.0,66320.0,50938.0
2022-05-09,58.0,46.4,66.7,17.4,29.9,0.0,1.0057482118115877,1.004400225684315,1.008559804937395,2.109551361351797,70478.0,66323.0,50944.0
2022-05-10,57.6,43.3,59.3,20.1,29.6,0.0,1.0043802860834423,1.003343327753177,1.0065442874433574,1.5521031410281632,70494.0,66378.0,50986.0
2022-05-11,53.6,43.3,68.8,14.1,29.5,0.0,1.0052630459339087,1.004025434100287,1.0078447129300725,1.7864812107305998,70496.0,66395.0,50998.0
2022-05-12,54.1,40.0,60.2,15.8,29.8,0.0,1.0082534433979424,1.006336094473926,1.0122500246350177,1.6317707827224253,70500.0,66398.0,51008.0
2022-05-13,56.0,45.2,66.5,21.2,29.8,0.0,1.0062709938020529,1.0048043639151778,1.0093291963241644,1.5497395379438832,70505.0,66416.0,51062.0
2022-05-14,59.9,46.4,64.1,6.7,30.0,0.0,1.0053753223197324,1.0041123347005034,1.0080095362815862,1.782881490121364,70506.0,66423.0,51066.0
2022-05-15,57.9,46.8,68.6,9.8,29.9,0.0,1.0027264080433267,1.0020655561800744,1.004107201834673,1.7740487197961938,70508.0,66423.0,51068.0
2022-05-16,56.7,52.7,87.9,4.9,29.8,0.0,1.0021034689113346,1.0015842210038013,1.003189494523049,1.6156490051511458,70508.0,66426.0,51083.0
2022-05-17,63.5,53.5,70.1,11.3,29.8,0.0,1.0001920354874596,1.000107263675886,1.0003736826452767,1.4572553940815038,70513.0,66435.0,51122.0
2022-05-18,61.1,47.0,61.1,12.5,29.9,0.0,1.0011408899153047,1.000840441538574,1.0017714728847211,1.5331896591048368,70515.0,66444.0,51145.0
2022-05-19,58.1,41.2,56.0,11.2,29.9,0.0,1.0028373151627954,1.002151276312756,1.0042704939528817,1.3841238906128397,70517.0,66449.0,51158.0
2022-05-20,55.9,46.0,70.3,10.2,29.8,0.0,1.0019226112913877,1.001444487782816,1.0029230070477368,0.9994711853135352,70524.0,66464.0,51194.0
2022-05-21,57.4,45.2,64.1,12.8,29.9,0.0,1.0010947154159595,1.0008047704531218,1.001703420469857,2.2855133727262515,70524.0,66466.0,51200.0
2022-05-22,59.5,51.3,74.1,12.7,29.7,0.0,1.000298293545398,1.0001893707471678,1.000530208361726,1.3749341227115577,70524.0,66468.0,51206.0
2022-05-23,57.0,46.9,71.0,10.4,29.4,0.0,0.9993435890815932,0.9994516656910258,0.9991238275390616,1.4502432675850394,70525.0,66468.0,51211.0
2022-05-24,55.8,43.8,64.5,13.5,29.5,0.0,0.9992305263851694,0.9993643026891256,0.9989572697416804,1.373650140694719,70528.0,66483.0,51230.0
2022-05-25,57.9,46.3,66.3,18.5,29.6,0.0,0.99951400562332,0.9995833486416748,0.9993748643548664,1.6698516283825753,70530.0,66494.0,51246.0
2022-05-26,58.6,45.8,64.2,17.2,29.8,0.0,1.0003294772113318,1.000213465911268,1.0005761476460309,1.2976368805288896,70530.0,66497.0,51256.0
2022-05-27,56.6,39.7,53.8,18.1,30.0,0.0,0.9995719163834524,0.9996280966887322,0.999460172625599,1.4423093640860318,70539.0,66535.0,51291.0
2022-05-28,53.3,40.6,62.2,11.6,30.1,0.0,0.9992440786263116,0.9993747767429568,0.9989772250301701,1.6602263461050144,70539.0,66541.0,51302.0
2022-05-29,50.5,41.0,70.4,9.9,30.0,0.0,0.9990389111178634,0.9992162452131224,0.9986749817912582,1.65616078954928,70540.0,66557.0,51311.0
2022-05-30,50.7,44.8,80.4,5.8,29.7,0.0,0.9988405831923328,0.9990629996068638,0.9983828102424736,1.5796789617028606,70540.0,66558.0,51315.0
2022-05-31,50.8,45.6,83.0,4.8,29.7,0.0,0.9984882853160444,0.9987907835843598,0.9978638129090356,1.0695349690815157,70543.0,66590.0,51346.0
2022-06-01,54.5,46.2,74.8,8.6,29.9,0.0,0.9986181794539036,0.9988911553821248,0.998055153084348,1.5036091093219732,70547.0,66601.0,51366.0
2022-06-02,60.2,46.7,63.1,8.0,30.0,0.0,0.9991455495740379,0.999298652078114,0.9988320446317794,1.5736752802990244,70547.0,66603.0,51366.0
2022-06-03,57.9,45.8,65.9,11.3,30.1,0.0,0.99998339278833,0.9999460467921994,1.0000663203048497,1.6432271153556122,70547.0,66603.0,51366.0
2022-06-04,53.6,43.1,67.3,11.9,30.2,0.0,0.99897524781976,0.9992961789398116,0.9985811550649456,1.991588587710996,70547.0,66608.0,51369.0
2022-06-05,52.3,46.0,80.1,13.0,30.0,0.0,0.9990107207169936,0.9993063275391472,0.9986334056504714,1.9146130264841592,70549.0,66609.0,51371.0
2022-06-06,54.0,46.7,77.8,9.7,29.8,0.0,0.998619654916868,0.9988923068931432,0.9980572858868964,2.5278610403859227,70552.0,66609.0,51381.0
2022-06-07,56.5,47.9,74.3,7.4,29.7,0.0,0.9985889632722496,0.9988685952217536,0.9980120583777008,1.9633732229784515,70554.0,66614.0,51393.0
2022-06-08,59.9,51.6,75.3,11.3,29.5,0.0,0.9990737394744088,0.9992431753175895,0.9987262192444906,1.9559626196155548,70557.0,66622.0,51412.0
2022-06-09,60.6,50.3,69.5,12.1,29.7,0.0,0.9992036201565042,0.9993435329566748,0.9989175541363692,1.9483166842294763,70560.0,66625.0,51433.0
2022-06-10,63.9,46.3,54.3,19.6,29.8,0.0,0.9990977587796448,0.999261737386452,0.9987779275872752,1.4042483036923086,70563.0,66641.0,51457.0
2022-06-11,60.8,46.5,60.3,20.6,29.9,0.0,0.9987855459724692,0.9991062974238152,0.998328839897379,1.6019894400976873,70564.0,66645.0,51464.0
2022-06-12,57.5,45.1,64.1,15.8,30.0,0.0,,,,,70564.0,66645.0,51466.0
2022-06-13,57.7,45.8,65.6,11.3,30.1,0.0,,,,,70568.0,66645.0,51478.0
2022-06-14,60.3,44.9,58.1,7.0,30.0,0.0,,,,,70570.0,66656.0,51492.0
2022-06-15,63.9,48.9,59.4,3.6,29.9,0.0,,,,,70573.0,66660.0,51507.0
2022-06-16,67.9,51.2,56.1,5.1,30.0,0.0,,,,,70575.0,66663.0,51512.0
2022-06-17,67.5,52.1,59.5,14.2,29.8,0.0,,,,,70577.0,66683.0,51531.0
2022-06-18,58.5,41.6,54.6,11.0,29.9,0.0,,,,,70579.0,66686.0,51541.0
2022-06-19,59.0,44.8,60.2,11.2,29.8,0.0,,,,,70579.0,66686.0,51544.0
2022-06-20,63.1,44.9,53.4,7.1,29.9,0.0,,,,,70579.0,66687.0,51551.0
2022-06-21,63.4,52.0,67.0,8.2,29.8,0.0,,,,,70580.0,66692.0,51576.0
2022-06-22,69.3,54.7,60.9,6.5,29.8,0.0,,,,,70583.0,66694.0,51589.0
2022-06-23,69.5,53.9,59.1,7.7,29.7,0.0,,,,,70583.0,66697.0,51596.0
2022-06-24,66.4,56.1,71.0,7.3,29.4,0.0,,,,,70588.0,66711.0,51627.0
2022-06-25,63.4,44.6,51.0,17.1,29.5,0.0,,,,,70588.0,66712.0,51627.0
2022-06-26,62.6,44.5,53.5,19.4,29.6,0.0,,,,,70588.0,66713.0,51631.0
2022-06-27,59.7,44.4,59.1,14.4,29.8,0.0,,,,,70588.0,66714.0,51638.0
2022-06-28,62.0,46.7,58.0,15.7,29.8,0.0,,,,,70588.0,66720.0,51640.0
2022-06-29,62.0,52.8,72.5,12.2,29.7,0.0,,,,,70588.0,66733.0,51654.0
2022-06-30,61.8,51.3,69.4,6.1,29.7,0.0,,,,,70589.0,66734.0,51658.0
