date,Alpha,Beta,Delta,Eta,Gamma,Kappa,Theta,Zeta,Lambda,Mu,Omicron,Omicron - BA2,XE,Omicron - BA4,Omicron - BA5,Other,SARS-COV-2,Omicron-all
30/01/2020,0.0,0.0,0.0,0.0,0.0,0.0,0.0,0.0,0.0,0.0,0.0,0.0,0.0,0.0,0.0,0.0,1.0,0.0
31/01/2020,0.0,0.0,0.0,0.0,0.0,0.0,0.0,0.0,0.0,0.0,0.0,0.0,0.0,0.0,0.0,0.0,1.0,0.0
01/02/2020,0.0,0.0,0.0,0.0,0.0,0.0,0.0,0.0,0.0,0.0,0.0,0.0,0.0,0.0,0.0,0.0,1.0,0.0
02/02/2020,0.0,0.0,0.0,0.0,0.0,0.0,0.0,0.0,0.0,0.0,0.0,0.0,0.0,0.0,0.0,0.0,1.0,0.0
03/02/2020,0.0,0.0,0.0,0.0,0.0,0.0,0.0,0.0,0.0,0.0,0.0,0.0,0.0,0.0,0.0,0.0,1.0,0.0
04/02/2020,0.0,0.0,0.0,0.0,0.0,0.0,0.0,0.0,0.0,0.0,0.0,0.0,0.0,0.0,0.0,0.0,1.0,0.0
05/02/2020,0.0,0.0,0.0,0.0,0.0,0.0,0.0,0.0,0.0,0.0,0.0,0.0,0.0,0.0,0.0,0.0,1.0,0.0
06/02/2020,0.0,0.0,0.0,0.0,0.0,0.0,0.0,0.0,0.0,0.0,0.0,0.0,0.0,0.0,0.0,0.0,1.0,0.0
07/02/2020,0.0,0.0,0.0,0.0,0.0,0.0,0.0,0.0,0.0,0.0,0.0,0.0,0.0,0.0,0.0,0.0,1.0,0.0
08/02/2020,0.0,0.0,0.0,0.0,0.0,0.0,0.0,0.0,0.0,0.0,0.0,0.0,0.0,0.0,0.0,0.0,1.0,0.0
09/02/2020,0.0,0.0,0.0,0.0,0.0,0.0,0.0,0.0,0.0,0.0,0.0,0.0,0.0,0.0,0.0,0.0,1.0,0.0
10/02/2020,0.0,0.0,0.0,0.0,0.0,0.0,0.0,0.0,0.0,0.0,0.0,0.0,0.0,0.0,0.0,0.0,1.0,0.0
11/02/2020,0.0,0.0,0.0,0.0,0.0,0.0,0.0,0.0,0.0,0.0,0.0,0.0,0.0,0.0,0.0,0.0,1.0,0.0
12/02/2020,0.0,0.0,0.0,0.0,0.0,0.0,0.0,0.0,0.0,0.0,0.0,0.0,0.0,0.0,0.0,0.0,1.0,0.0
13/02/2020,0.0,0.0,0.0,0.0,0.0,0.0,0.0,0.0,0.0,0.0,0.0,0.0,0.0,0.0,0.0,0.0,1.0,0.0
14/02/2020,0.0,0.0,0.0,0.0,0.0,0.0,0.0,0.0,0.0,0.0,0.0,0.0,0.0,0.0,0.0,0.0,1.0,0.0
15/02/2020,0.0,0.0,0.0,0.0,0.0,0.0,0.0,0.0,0.0,0.0,0.0,0.0,0.0,0.0,0.0,0.0,1.0,0.0
16/02/2020,0.0,0.0,0.0,0.0,0.0,0.0,0.0,0.0,0.0,0.0,0.0,0.0,0.0,0.0,0.0,0.0,1.0,0.0
17/02/2020,0.0,0.0,0.0,0.0,0.0,0.0,0.0,0.0,0.0,0.0,0.0,0.0,0.0,0.0,0.0,0.0,1.0,0.0
18/02/2020,0.0,0.0,0.0,0.0,0.0,0.0,0.0,0.0,0.0,0.0,0.0,0.0,0.0,0.0,0.0,0.0,1.0,0.0
19/02/2020,0.0,0.0,0.0,0.0,0.0,0.0,0.0,0.0,0.0,0.0,0.0,0.0,0.0,0.0,0.0,0.0,1.0,0.0
20/02/2020,0.0,0.0,0.0,0.0,0.0,0.0,0.0,0.0,0.0,0.0,0.0,0.0,0.0,0.0,0.0,0.0,1.0,0.0
21/02/2020,0.0,0.0,0.0,0.0,0.0,0.0,0.0,0.0,0.0,0.0,0.0,0.0,0.0,0.0,0.0,0.0,1.0,0.0
22/02/2020,0.0,0.0,0.0,0.0,0.0,0.0,0.0,0.0,0.0,0.0,0.0,0.0,0.0,0.0,0.0,0.0,1.0,0.0
23/02/2020,0.0,0.0,0.0,0.0,0.0,0.0,0.0,0.0,0.0,0.0,0.0,0.0,0.0,0.0,0.0,0.0,1.0,0.0
24/02/2020,0.0,0.0,0.0,0.0,0.0,0.0,0.0,0.0,0.0,0.0,0.0,0.0,0.0,0.0,0.0,0.0,1.0,0.0
25/02/2020,0.0,0.0,0.0,0.0,0.0,0.0,0.0,0.0,0.0,0.0,0.0,0.0,0.0,0.0,0.0,0.0,1.0,0.0
26/02/2020,0.0,0.0,0.0,0.0,0.0,0.0,0.0,0.0,0.0,0.0,0.0,0.0,0.0,0.0,0.0,0.0,1.0,0.0
27/02/2020,0.0,0.0,0.0,0.0,0.0,0.0,0.0,0.0,0.0,0.0,0.0,0.0,0.0,0.0,0.0,0.0,1.0,0.0
28/02/2020,0.0,0.0,0.0,0.0,0.0,0.0,0.0,0.0,0.0,0.0,0.0,0.0,0.0,0.0,0.0,0.0,1.0,0.0
29/02/2020,0.0,0.0,0.0,0.0,0.0,0.0,0.0,0.0,0.0,0.0,0.0,0.0,0.0,0.0,0.0,0.0,1.0,0.0
01/03/2020,0.0,0.0,0.0,0.0,0.0,0.0,0.0,0.0,0.0,0.0,0.0,0.0,0.0,0.0,0.0,0.0,1.0,0.0
02/03/2020,0.0,0.0,0.0,0.0,0.0,0.0,0.0,0.0,0.0,0.0,0.0,0.0,0.0,0.0,0.0,0.0,1.0,0.0
03/03/2020,0.0,0.0,0.0,0.0,0.0,0.0,0.0,0.0,0.0,0.0,0.0,0.0,0.0,0.0,0.0,0.0,1.0,0.0
04/03/2020,0.0,0.0,0.0,0.0,0.0,0.0,0.0,0.0,0.0,0.0,0.0,0.0,0.0,0.0,0.0,0.0,1.0,0.0
05/03/2020,0.0,0.0,0.0,0.0,0.0,0.0,0.0,0.0,0.0,0.0,0.0,0.0,0.0,0.0,0.0,0.0,1.0,0.0
06/03/2020,0.0,0.0,0.0,0.0,0.0,0.0,0.0,0.0,0.0,0.0,0.0,0.0,0.0,0.0,0.0,0.0,1.0,0.0
07/03/2020,0.0,0.0,0.0,0.0,0.0,0.0,0.0,0.0,0.0,0.0,0.0,0.0,0.0,0.0,0.0,0.0,1.0,0.0
08/03/2020,0.0,0.0,0.0,0.0,0.0,0.0,0.0,0.0,0.0,0.0,0.0,0.0,0.0,0.0,0.0,0.0,1.0,0.0
09/03/2020,0.0,0.0,0.0,0.0,0.0,0.0,0.0,0.0,0.0,0.0,0.0,0.0,0.0,0.0,0.0,0.0,1.0,0.0
10/03/2020,0.0,0.0,0.0,0.0,0.0,0.0,0.0,0.0,0.0,0.0,0.0,0.0,0.0,0.0,0.0,0.0,1.0,0.0
11/03/2020,0.0,0.0,0.0,0.0,0.0,0.0,0.0,0.0,0.0,0.0,0.0,0.0,0.0,0.0,0.0,0.0,1.0,0.0
12/03/2020,0.0,0.0,0.0,0.0,0.0,0.0,0.0,0.0,0.0,0.0,0.0,0.0,0.0,0.0,0.0,0.0,1.0,0.0
13/03/2020,0.0,0.0,0.0,0.0,0.0,0.0,0.0,0.0,0.0,0.0,0.0,0.0,0.0,0.0,0.0,0.0,1.0,0.0
14/03/2020,0.0,0.0,0.0,0.0,0.0,0.0,0.0,0.0,0.0,0.0,0.0,0.0,0.0,0.0,0.0,0.0,1.0,0.0
15/03/2020,0.0,0.0,0.0,0.0,0.0,0.0,0.0,0.0,0.0,0.0,0.0,0.0,0.0,0.0,0.0,0.0,1.0,0.0
16/03/2020,0.0,0.0,0.0,0.0,0.0,0.0,0.0,0.0,0.0,0.0,0.0,0.0,0.0,0.0,0.0,0.0,1.0,0.0
17/03/2020,0.0,0.0,0.0,0.0,0.0,0.0,0.0,0.0,0.0,0.0,0.0,0.0,0.0,0.0,0.0,0.0,1.0,0.0
18/03/2020,0.0,0.0,0.0,0.0,0.0,0.0,0.0,0.0,0.0,0.0,0.0,0.0,0.0,0.0,0.0,0.0,1.0,0.0
19/03/2020,0.0,0.0,0.0,0.0,0.0,0.0,0.0,0.0,0.0,0.0,0.0,0.0,0.0,0.0,0.0,0.0,1.0,0.0
20/03/2020,0.0,0.0,0.0,0.0,0.0,0.0,0.0,0.0,0.0,0.0,0.0,0.0,0.0,0.0,0.0,0.0,1.0,0.0
21/03/2020,0.0,0.0,0.0,0.0,0.0,0.0,0.0,0.0,0.0,0.0,0.0,0.0,0.0,0.0,0.0,0.0,1.0,0.0
22/03/2020,0.0,0.0,0.0,0.0,0.0,0.0,0.0,0.0,0.0,0.0,0.0,0.0,0.0,0.0,0.0,0.0,1.0,0.0
23/03/2020,0.0,0.0,0.0,0.0,0.0,0.0,0.0,0.0,0.0,0.0,0.0,0.0,0.0,0.0,0.0,0.0,1.0,0.0
24/03/2020,0.0,0.0,0.0,0.0,0.0,0.0,0.0,0.0,0.0,0.0,0.0,0.0,0.0,0.0,0.0,0.0,1.0,0.0
25/03/2020,0.0,0.0,0.0,0.0,0.0,0.0,0.0,0.0,0.0,0.0,0.0,0.0,0.0,0.0,0.0,0.0,1.0,0.0
26/03/2020,0.0,0.0,0.0,0.0,0.0,0.0,0.0,0.0,0.0,0.0,0.0,0.0,0.0,0.0,0.0,0.0,1.0,0.0
27/03/2020,0.0,0.0,0.0,0.0,0.0,0.0,0.0,0.0,0.0,0.0,0.0,0.0,0.0,0.0,0.0,0.0,1.0,0.0
28/03/2020,0.0,0.0,0.0,0.0,0.0,0.0,0.0,0.0,0.0,0.0,0.0,0.0,0.0,0.0,0.0,0.0,1.0,0.0
29/03/2020,0.0,0.0,0.0,0.0,0.0,0.0,0.0,0.0,0.0,0.0,0.0,0.0,0.0,0.0,0.0,0.0,1.0,0.0
30/03/2020,0.0,0.0,0.0,0.0,0.0,0.0,0.0,0.0,0.0,0.0,0.0,0.0,0.0,0.0,0.0,0.0,1.0,0.0
31/03/2020,0.0,0.0,0.0,0.0,0.0,0.0,0.0,0.0,0.0,0.0,0.0,0.0,0.0,0.0,0.0,0.0,1.0,0.0
01/04/2020,0.0,0.0,0.0,0.0,0.0,0.0,0.0,0.0,0.0,0.0,0.0,0.0,0.0,0.0,0.0,0.0,1.0,0.0
02/04/2020,0.0,0.0,0.0,0.0,0.0,0.0,0.0,0.0,0.0,0.0,0.0,0.0,0.0,0.0,0.0,0.0,1.0,0.0
03/04/2020,0.0,0.0,0.0,0.0,0.0,0.0,0.0,0.0,0.0,0.0,0.0,0.0,0.0,0.0,0.0,0.0,1.0,0.0
04/04/2020,0.0,0.0,0.0,0.0,0.0,0.0,0.0,0.0,0.0,0.0,0.0,0.0,0.0,0.0,0.0,0.0,1.0,0.0
05/04/2020,0.0,0.0,0.0,0.0,0.0,0.0,0.0,0.0,0.0,0.0,0.0,0.0,0.0,0.0,0.0,0.0,1.0,0.0
06/04/2020,0.0,0.0,0.0,0.0,0.0,0.0,0.0,0.0,0.0,0.0,0.0,0.0,0.0,0.0,0.0,0.0,1.0,0.0
07/04/2020,0.0,0.0,0.0,0.0,0.0,0.0,0.0,0.0,0.0,0.0,0.0,0.0,0.0,0.0,0.0,0.0,1.0,0.0
08/04/2020,0.0,0.0,0.0,0.0,0.0,0.0,0.0,0.0,0.0,0.0,0.0,0.0,0.0,0.0,0.0,0.0,1.0,0.0
09/04/2020,0.0,0.0,0.0,0.0,0.0,0.0,0.0,0.0,0.0,0.0,0.0,0.0,0.0,0.0,0.0,0.0,1.0,0.0
10/04/2020,0.0,0.0,0.0,0.0,0.0,0.0,0.0,0.0,0.0,0.0,0.0,0.0,0.0,0.0,0.0,0.0,1.0,0.0
11/04/2020,0.0,0.0,0.0,0.0,0.0,0.0,0.0,0.0,0.0,0.0,0.0,0.0,0.0,0.0,0.0,0.0,1.0,0.0
12/04/2020,0.0,0.0,0.0,0.0,0.0,0.0,0.0,0.0,0.0,0.0,0.0,0.0,0.0,0.0,0.0,0.0,1.0,0.0
13/04/2020,0.0,0.0,0.0,0.0,0.0,0.0,0.0,0.0,0.0,0.0,0.0,0.0,0.0,0.0,0.0,0.0,1.0,0.0
14/04/2020,0.0,0.0,0.0,0.0,0.0,0.0,0.0,0.0,0.0,0.0,0.0,0.0,0.0,0.0,0.0,0.0,1.0,0.0
15/04/2020,0.0,0.0,0.0,0.0,0.0,0.0,0.0,0.0,0.0,0.0,0.0,0.0,0.0,0.0,0.0,0.0,1.0,0.0
16/04/2020,0.0,0.0,0.0,0.0,0.0,0.0,0.0,0.0,0.0,0.0,0.0,0.0,0.0,0.0,0.0,0.0,1.0,0.0
17/04/2020,0.0,0.0,0.0,0.0,0.0,0.0,0.0,0.0,0.0,0.0,0.0,0.0,0.0,0.0,0.0,0.0,1.0,0.0
18/04/2020,0.0,0.0,0.0,0.0,0.0,0.0,0.0,0.0,0.0,0.0,0.0,0.0,0.0,0.0,0.0,0.0,1.0,0.0
19/04/2020,0.0,0.0,0.0,0.0,0.0,0.0,0.0,0.0,0.0,0.0,0.0,0.0,0.0,0.0,0.0,0.0,1.0,0.0
20/04/2020,0.0,0.0,0.0,0.0,0.0,0.0,0.0,0.0,0.0,0.0,0.0,0.0,0.0,0.0,0.0,0.0,1.0,0.0
21/04/2020,0.0,0.0,0.0,0.0,0.0,0.0,0.0,0.0,0.0,0.0,0.0,0.0,0.0,0.0,0.0,0.0,1.0,0.0
22/04/2020,0.0,0.0,0.0,0.0,0.0,0.0,0.0,0.0,0.0,0.0,0.0,0.0,0.0,0.0,0.0,0.0,1.0,0.0
23/04/2020,0.0,0.0,0.0,0.0,0.0,0.0,0.0,0.0,0.0,0.0,0.0,0.0,0.0,0.0,0.0,0.0,1.0,0.0
24/04/2020,0.0,0.0,0.0,0.0,0.0,0.0,0.0,0.0,0.0,0.0,0.0,0.0,0.0,0.0,0.0,0.0,1.0,0.0
25/04/2020,0.0,0.0,0.0,0.0,0.0,0.0,0.0,0.0,0.0,0.0,0.0,0.0,0.0,0.0,0.0,0.0,1.0,0.0
26/04/2020,0.0,0.0,0.0,0.0,0.0,0.0,0.0,0.0,0.0,0.0,0.0,0.0,0.0,0.0,0.0,0.0,1.0,0.0
27/04/2020,0.0,0.0,0.0,0.0,0.0,0.0,0.0,0.0,0.0,0.0,0.0,0.0,0.0,0.0,0.0,0.0,1.0,0.0
28/04/2020,0.0,0.0,0.0,0.0,0.0,0.0,0.0,0.0,0.0,0.0,0.0,0.0,0.0,0.0,0.0,0.0,1.0,0.0
29/04/2020,0.0,0.0,0.0,0.0,0.0,0.0,0.0,0.0,0.0,0.0,0.0,0.0,0.0,0.0,0.0,0.0,1.0,0.0
30/04/2020,0.0,0.0,0.0,0.0,0.0,0.0,0.0,0.0,0.0,0.0,0.0,0.0,0.0,0.0,0.0,0.0,1.0,0.0
01/05/2020,0.0,0.0,0.0,0.0,0.0,0.0,0.0,0.0,0.0,0.0,0.0,0.0,0.0,0.0,0.0,0.0,1.0,0.0
02/05/2020,0.0,0.0,0.0,0.0,0.0,0.0,0.0,0.0,0.0,0.0,0.0,0.0,0.0,0.0,0.0,0.0,1.0,0.0
03/05/2020,0.0,0.0,0.0,0.0,0.0,0.0,0.0,0.0,0.0,0.0,0.0,0.0,0.0,0.0,0.0,0.0,1.0,0.0
04/05/2020,0.0,0.0,0.0,0.0,0.0,0.0,0.0,0.0,0.0,0.0,0.0,0.0,0.0,0.0,0.0,0.0,1.0,0.0
05/05/2020,0.0,0.0,0.0,0.0,0.0,0.0,0.0,0.0,0.0,0.0,0.0,0.0,0.0,0.0,0.0,0.0,1.0,0.0
06/05/2020,0.0,0.0,0.0,0.0,0.0,0.0,0.0,0.0,0.0,0.0,0.0,0.0,0.0,0.0,0.0,0.0,1.0,0.0
07/05/2020,0.0,0.0,0.0,0.0,0.0,0.0,0.0,0.0,0.0,0.0,0.0,0.0,0.0,0.0,0.0,0.0,1.0,0.0
08/05/2020,0.0,0.0,0.0,0.0,0.0,0.0,0.0,0.0,0.0,0.0,0.0,0.0,0.0,0.0,0.0,0.0,1.0,0.0
09/05/2020,0.0,0.0,0.0,0.0,0.0,0.0,0.0,0.0,0.0,0.0,0.0,0.0,0.0,0.0,0.0,0.0,1.0,0.0
10/05/2020,0.0,0.0,0.0,0.0,0.0,0.0,0.0,0.0,0.0,0.0,0.0,0.0,0.0,0.0,0.0,0.0,1.0,0.0
11/05/2020,0.0,0.0,0.0,0.0,0.0,0.0,0.0,0.0,0.0,0.0,0.0,0.0,0.0,0.0,0.0,0.0,1.0,0.0
12/05/2020,0.0,0.0,0.0,0.0,0.0,0.0,0.0,0.0,0.0,0.0,0.0,0.0,0.0,0.0,0.0,0.0,1.0,0.0
13/05/2020,0.0,0.0,0.0,0.0,0.0,0.0,0.0,0.0,0.0,0.0,0.0,0.0,0.0,0.0,0.0,0.0,1.0,0.0
14/05/2020,0.0,0.0,0.0,0.0,0.0,0.0,0.0,0.0,0.0,0.0,0.0,0.0,0.0,0.0,0.0,0.0,1.0,0.0
15/05/2020,0.0,0.0,0.0,0.0,0.0,0.0,0.0,0.0,0.0,0.0,0.0,0.0,0.0,0.0,0.0,0.0,1.0,0.0
16/05/2020,0.0,0.0,0.0,0.0,0.0,0.0,0.0,0.0,0.0,0.0,0.0,0.0,0.0,0.0,0.0,0.0,1.0,0.0
17/05/2020,0.0,0.0,0.0,0.0,0.0,0.0,0.0,0.0,0.0,0.0,0.0,0.0,0.0,0.0,0.0,0.0,1.0,0.0
18/05/2020,0.0,0.0,0.0,0.0,0.0,0.0,0.0,0.0,0.0,0.0,0.0,0.0,0.0,0.0,0.0,0.0,1.0,0.0
19/05/2020,0.0,0.0,0.0,0.0,0.0,0.0,0.0,0.0,0.0,0.0,0.0,0.0,0.0,0.0,0.0,0.0,1.0,0.0
20/05/2020,0.0,0.0,0.0,0.0,0.0,0.0,0.0,0.0,0.0,0.0,0.0,0.0,0.0,0.0,0.0,0.0,1.0,0.0
21/05/2020,0.0,0.0,0.0,0.0,0.0,0.0,0.0,0.0,0.0,0.0,0.0,0.0,0.0,0.0,0.0,0.0,1.0,0.0
22/05/2020,0.0,0.0,0.0,0.0,0.0,0.0,0.0,0.0,0.0,0.0,0.0,0.0,0.0,0.0,0.0,0.0,1.0,0.0
23/05/2020,0.0,0.0,0.0,0.0,0.0,0.0,0.0,0.0,0.0,0.0,0.0,0.0,0.0,0.0,0.0,0.0,1.0,0.0
24/05/2020,0.0,0.0,0.0,0.0,0.0,0.0,0.0,0.0,0.0,0.0,0.0,0.0,0.0,0.0,0.0,0.0,1.0,0.0
25/05/2020,0.0,0.0,0.0,0.0,0.0,0.0,0.0,0.0,0.0,0.0,0.0,0.0,0.0,0.0,0.0,0.0,1.0,0.0
26/05/2020,0.0,0.0,0.0,0.0,0.0,0.0,0.0,0.0,0.0,0.0,0.0,0.0,0.0,0.0,0.0,0.0,1.0,0.0
27/05/2020,0.0,0.0,0.0,0.0,0.0,0.0,0.0,0.0,0.0,0.0,0.0,0.0,0.0,0.0,0.0,0.0,1.0,0.0
28/05/2020,0.0,0.0,0.0,0.0,0.0,0.0,0.0,0.0,0.0,0.0,0.0,0.0,0.0,0.0,0.0,0.0,1.0,0.0
29/05/2020,0.0,0.0,0.0,0.0,0.0,0.0,0.0,0.0,0.0,0.0,0.0,0.0,0.0,0.0,0.0,0.0,1.0,0.0
30/05/2020,0.0,0.0,0.0,0.0,0.0,0.0,0.0,0.0,0.0,0.0,0.0,0.0,0.0,0.0,0.0,0.0,1.0,0.0
31/05/2020,0.0,0.0,0.0,0.0,0.0,0.0,0.0,0.0,0.0,0.0,0.0,0.0,0.0,0.0,0.0,0.0,1.0,0.0
01/06/2020,0.0,0.0,0.0,0.0,0.0,0.0,0.0,0.0,0.0,0.0,0.0,0.0,0.0,0.0,0.0,0.0,1.0,0.0
02/06/2020,0.0,0.0,0.0,0.0,0.0,0.0,0.0,0.0,0.0,0.0,0.0,0.0,0.0,0.0,0.0,0.0,1.0,0.0
03/06/2020,0.0,0.0,0.0,0.0,0.0,0.0,0.0,0.0,0.0,0.0,0.0,0.0,0.0,0.0,0.0,0.0,1.0,0.0
04/06/2020,0.0,0.0,0.0,0.0,0.0,0.0,0.0,0.0,0.0,0.0,0.0,0.0,0.0,0.0,0.0,0.0,1.0,0.0
05/06/2020,0.0,0.0,0.0,0.0,0.0,0.0,0.0,0.0,0.0,0.0,0.0,0.0,0.0,0.0,0.0,0.0,1.0,0.0
06/06/2020,0.0,0.0,0.0,0.0,0.0,0.0,0.0,0.0,0.0,0.0,0.0,0.0,0.0,0.0,0.0,0.0,1.0,0.0
07/06/2020,0.0,0.0,0.0,0.0,0.0,0.0,0.0,0.0,0.0,0.0,0.0,0.0,0.0,0.0,0.0,0.0,1.0,0.0
08/06/2020,0.0,0.0,0.0,0.0,0.0,0.0,0.0,0.0,0.0,0.0,0.0,0.0,0.0,0.0,0.0,0.0,1.0,0.0
09/06/2020,0.0,0.0,0.0,0.0,0.0,0.0,0.0,0.0,0.0,0.0,0.0,0.0,0.0,0.0,0.0,0.0,1.0,0.0
10/06/2020,0.0,0.0,0.0,0.0,0.0,0.0,0.0,0.0,0.0,0.0,0.0,0.0,0.0,0.0,0.0,0.0,1.0,0.0
11/06/2020,0.0,0.0,0.0,0.0,0.0,0.0,0.0,0.0,0.0,0.0,0.0,0.0,0.0,0.0,0.0,0.0,1.0,0.0
12/06/2020,0.0,0.0,0.0,0.0,0.0,0.0,0.0,0.0,0.0,0.0,0.0,0.0,0.0,0.0,0.0,0.0,1.0,0.0
13/06/2020,0.0,0.0,0.0,0.0,0.0,0.0,0.0,0.0,0.0,0.0,0.0,0.0,0.0,0.0,0.0,0.0,1.0,0.0
14/06/2020,0.0,0.0,0.0,0.0,0.0,0.0,0.0,0.0,0.0,0.0,0.0,0.0,0.0,0.0,0.0,0.0,1.0,0.0
15/06/2020,0.0,0.0,0.0,0.0,0.0,0.0,0.0,0.0,0.0,0.0,0.0,0.0,0.0,0.0,0.0,0.0,1.0,0.0
16/06/2020,0.0,0.0,0.0,0.0,0.0,0.0,0.0,0.0,0.0,0.0,0.0,0.0,0.0,0.0,0.0,0.0,1.0,0.0
17/06/2020,0.0,0.0,0.0,0.0,0.0,0.0,0.0,0.0,0.0,0.0,0.0,0.0,0.0,0.0,0.0,0.0,1.0,0.0
18/06/2020,0.0,0.0,0.0,0.0,0.0,0.0,0.0,0.0,0.0,0.0,0.0,0.0,0.0,0.0,0.0,0.0,1.0,0.0
19/06/2020,0.0,0.0,0.0,0.0,0.0,0.0,0.0,0.0,0.0,0.0,0.0,0.0,0.0,0.0,0.0,0.0,1.0,0.0
20/06/2020,0.0,0.0,0.0,0.0,0.0,0.0,0.0,0.0,0.0,0.0,0.0,0.0,0.0,0.0,0.0,0.0,1.0,0.0
21/06/2020,0.0,0.0,0.0,0.0,0.0,0.0,0.0,0.0,0.0,0.0,0.0,0.0,0.0,0.0,0.0,0.0,1.0,0.0
22/06/2020,0.0,0.0,0.0,0.0,0.0,0.0,0.0,0.0,0.0,0.0,0.0,0.0,0.0,0.0,0.0,0.0,1.0,0.0
23/06/2020,0.0,0.0,0.0,0.0,0.0,0.0,0.0,0.0,0.0,0.0,0.0,0.0,0.0,0.0,0.0,0.0,1.0,0.0
24/06/2020,0.0,0.0,0.0,0.0,0.0,0.0,0.0,0.0,0.0,0.0,0.0,0.0,0.0,0.0,0.0,0.0,1.0,0.0
25/06/2020,0.0,0.0,0.0,0.0,0.0,0.0,0.0,0.0,0.0,0.0,0.0,0.0,0.0,0.0,0.0,0.0,1.0,0.0
26/06/2020,0.0,0.0,0.0,0.0,0.0,0.0,0.0,0.0,0.0,0.0,0.0,0.0,0.0,0.0,0.0,0.0,1.0,0.0
27/06/2020,0.0,0.0,0.0,0.0,0.0,0.0,0.0,0.0,0.0,0.0,0.0,0.0,0.0,0.0,0.0,0.0,1.0,0.0
28/06/2020,0.0,0.0,0.0,0.0,0.0,0.0,0.0,0.0,0.0,0.0,0.0,0.0,0.0,0.0,0.0,0.0,1.0,0.0
29/06/2020,0.0,0.0,0.0,0.0,0.0,0.0,0.0,0.0,0.0,0.0,0.0,0.0,0.0,0.0,0.0,0.0,1.0,0.0
30/06/2020,0.0,0.0,0.0,0.0,0.0,0.0,0.0,0.0,0.0,0.0,0.0,0.0,0.0,0.0,0.0,0.0,1.0,0.0
01/07/2020,0.0,0.0,0.0,0.0,0.0,0.0,0.0,0.0,0.0,0.0,0.0,0.0,0.0,0.0,0.0,0.0,1.0,0.0
02/07/2020,0.0,0.0,0.0,0.0,0.0,0.0,0.0,0.0,0.0,0.0,0.0,0.0,0.0,0.0,0.0,0.0,1.0,0.0
03/07/2020,0.0,0.0,0.0,0.0,0.0,0.0,0.0,0.0,0.0,0.0,0.0,0.0,0.0,0.0,0.0,0.0,1.0,0.0
04/07/2020,0.0,0.0,0.0,0.0,0.0,0.0,0.0,0.0,0.0,0.0,0.0,0.0,0.0,0.0,0.0,0.0,1.0,0.0
05/07/2020,0.0,0.0,0.0,0.0,0.0,0.0,0.0,0.0,0.0,0.0,0.0,0.0,0.0,0.0,0.0,0.0,1.0,0.0
06/07/2020,0.0,0.0,0.0,0.0,0.0,0.0,0.0,0.0,0.0,0.0,0.0,0.0,0.0,0.0,0.0,0.0,1.0,0.0
07/07/2020,0.0,0.0,0.0,0.0,0.0,0.0,0.0,0.0,0.0,0.0,0.0,0.0,0.0,0.0,0.0,0.0,1.0,0.0
08/07/2020,0.0,0.0,0.0,0.0,0.0,0.0,0.0,0.0,0.0,0.0,0.0,0.0,0.0,0.0,0.0,0.0,1.0,0.0
09/07/2020,0.0,0.0,0.0,0.0,0.0,0.0,0.0,0.0,0.0,0.0,0.0,0.0,0.0,0.0,0.0,0.0,1.0,0.0
10/07/2020,0.0,0.0,0.0,0.0,0.0,0.0,0.0,0.0,0.0,0.0,0.0,0.0,0.0,0.0,0.0,0.0,1.0,0.0
11/07/2020,0.0,0.0,0.0,0.0,0.0,0.0,0.0,0.0,0.0,0.0,0.0,0.0,0.0,0.0,0.0,0.0,1.0,0.0
12/07/2020,0.0,0.0,0.0,0.0,0.0,0.0,0.0,0.0,0.0,0.0,0.0,0.0,0.0,0.0,0.0,0.0,1.0,0.0
13/07/2020,0.0,0.0,0.0,0.0,0.0,0.0,0.0,0.0,0.0,0.0,0.0,0.0,0.0,0.0,0.0,0.0,1.0,0.0
14/07/2020,0.0,0.0,0.0,0.0,0.0,0.0,0.0,0.0,0.0,0.0,0.0,0.0,0.0,0.0,0.0,0.0,1.0,0.0
15/07/2020,0.0,0.0,0.0,0.0,0.0,0.0,0.0,0.0,0.0,0.0,0.0,0.0,0.0,0.0,0.0,0.0,1.0,0.0
16/07/2020,0.0,0.0,0.0,0.0,0.0,0.0,0.0,0.0,0.0,0.0,0.0,0.0,0.0,0.0,0.0,0.0,1.0,0.0
17/07/2020,0.0,0.0,0.0,0.0,0.0,0.0,0.0,0.0,0.0,0.0,0.0,0.0,0.0,0.0,0.0,0.0,1.0,0.0
18/07/2020,0.0,0.0,0.0,0.0,0.0,0.0,0.0,0.0,0.0,0.0,0.0,0.0,0.0,0.0,0.0,0.0,1.0,0.0
19/07/2020,0.0,0.0,0.0,0.0,0.0,0.0,0.0,0.0,0.0,0.0,0.0,0.0,0.0,0.0,0.0,0.0,1.0,0.0
20/07/2020,0.0,0.0,0.0,0.0,0.0,0.0,0.0,0.0,0.0,0.0,0.0,0.0,0.0,0.0,0.0,0.0,1.0,0.0
21/07/2020,0.0,0.0,0.0,0.0,0.0,0.0,0.0,0.0,0.0,0.0,0.0,0.0,0.0,0.0,0.0,0.0,1.0,0.0
22/07/2020,0.0,0.0,0.0,0.0,0.0,0.0,0.0,0.0,0.0,0.0,0.0,0.0,0.0,0.0,0.0,0.0,1.0,0.0
23/07/2020,0.0,0.0,0.0,0.0,0.0,0.0,0.0,0.0,0.0,0.0,0.0,0.0,0.0,0.0,0.0,0.0,1.0,0.0
24/07/2020,0.0,0.0,0.0,0.0,0.0,0.0,0.0,0.0,0.0,0.0,0.0,0.0,0.0,0.0,0.0,0.0,1.0,0.0
25/07/2020,0.0,0.0,0.0,0.0,0.0,0.0,0.0,0.0,0.0,0.0,0.0,0.0,0.0,0.0,0.0,0.0,1.0,0.0
26/07/2020,0.0,0.0,0.0,0.0,0.0,0.0,0.0,0.0,0.0,0.0,0.0,0.0,0.0,0.0,0.0,0.0,1.0,0.0
27/07/2020,0.0,0.0,0.0,0.0,0.0,0.0,0.0,0.0,0.0,0.0,0.0,0.0,0.0,0.0,0.0,0.0,1.0,0.0
28/07/2020,0.0,0.0,0.0,0.0,0.0,0.0,0.0,0.0,0.0,0.0,0.0,0.0,0.0,0.0,0.0,0.0,1.0,0.0
29/07/2020,0.0,0.0,0.0,0.0,0.0,0.0,0.0,0.0,0.0,0.0,0.0,0.0,0.0,0.0,0.0,0.0,1.0,0.0
30/07/2020,0.0,0.0,0.0,0.0,0.0,0.0,0.0,0.0,0.0,0.0,0.0,0.0,0.0,0.0,0.0,0.0,1.0,0.0
31/07/2020,0.0,0.0,0.0,0.0,0.0,0.0,0.0,0.0,0.0,0.0,0.0,0.0,0.0,0.0,0.0,0.0,1.0,0.0
01/08/2020,0.0,0.0,0.0,0.0,0.0,0.0,0.0,0.0,0.0,0.0,0.0,0.0,0.0,0.0,0.0,0.0,1.0,0.0
02/08/2020,0.0,0.0,0.0,0.0,0.0,0.0,0.0,0.0,0.0,0.0,0.0,0.0,0.0,0.0,0.0,0.0,1.0,0.0
03/08/2020,0.0,0.0,0.0,0.0,0.0,0.0,0.0,0.0,0.0,0.0,0.0,0.0,0.0,0.0,0.0,0.0,1.0,0.0
04/08/2020,0.0,0.0,0.0,0.0,0.0,0.0,0.0,0.0,0.0,0.0,0.0,0.0,0.0,0.0,0.0,0.0,1.0,0.0
05/08/2020,0.0,0.0,0.0,0.0,0.0,0.0,0.0,0.0,0.0,0.0,0.0,0.0,0.0,0.0,0.0,0.0,1.0,0.0
06/08/2020,0.0,0.0,0.0,0.0,0.0,0.0,0.0,0.0,0.0,0.0,0.0,0.0,0.0,0.0,0.0,0.0,1.0,0.0
07/08/2020,0.0,0.0,0.0,0.0,0.0,0.0,0.0,0.0,0.0,0.0,0.0,0.0,0.0,0.0,0.0,0.0,1.0,0.0
08/08/2020,0.0,0.0,0.0,0.0,0.0,0.0,0.0,0.0,0.0,0.0,0.0,0.0,0.0,0.0,0.0,0.0,1.0,0.0
09/08/2020,0.0,0.0,0.0,0.0,0.0,0.0,0.0,0.0,0.0,0.0,0.0,0.0,0.0,0.0,0.0,0.0,1.0,0.0
10/08/2020,0.0,0.0,0.0,0.0,0.0,0.0,0.0,0.0,0.0,0.0,0.0,0.0,0.0,0.0,0.0,0.0,1.0,0.0
11/08/2020,0.0,0.0,0.0,0.0,0.0,0.0,0.0,0.0,0.0,0.0,0.0,0.0,0.0,0.0,0.0,0.0,1.0,0.0
12/08/2020,0.0,0.0,0.0,0.0,0.0,0.0,0.0,0.0,0.0,0.0,0.0,0.0,0.0,0.0,0.0,0.0,1.0,0.0
13/08/2020,0.0,0.0,0.0,0.0,0.0,0.0,0.0,0.0,0.0,0.0,0.0,0.0,0.0,0.0,0.0,0.0,1.0,0.0
14/08/2020,0.0,0.0,0.0,0.0,0.0,0.0,0.0,0.0,0.0,0.0,0.0,0.0,0.0,0.0,0.0,0.0,1.0,0.0
15/08/2020,0.0,0.0,0.0,0.0,0.0,0.0,0.0,0.0,0.0,0.0,0.0,0.0,0.0,0.0,0.0,0.0,1.0,0.0
16/08/2020,0.0,0.0,0.0,0.0,0.0,0.0,0.0,0.0,0.0,0.0,0.0,0.0,0.0,0.0,0.0,0.0,1.0,0.0
17/08/2020,0.0,0.0,0.0,0.0,0.0,0.0,0.0,0.0,0.0,0.0,0.0,0.0,0.0,0.0,0.0,0.0,1.0,0.0
18/08/2020,0.0,0.0,0.0,0.0,0.0,0.0,0.0,0.0,0.0,0.0,0.0,0.0,0.0,0.0,0.0,0.0,1.0,0.0
19/08/2020,0.0,0.0,0.0,0.0,0.0,0.0,0.0,0.0,0.0,0.0,0.0,0.0,0.0,0.0,0.0,0.0,1.0,0.0
20/08/2020,0.0,0.0,0.0,0.0,0.0,0.0,0.0,0.0,0.0,0.0,0.0,0.0,0.0,0.0,0.0,0.0,1.0,0.0
21/08/2020,0.0,0.0,0.0,0.0,0.0,0.0,0.0,0.0,0.0,0.0,0.0,0.0,0.0,0.0,0.0,0.0,1.0,0.0
22/08/2020,0.0,0.0,0.0,0.0,0.0,0.0,0.0,0.0,0.0,0.0,0.0,0.0,0.0,0.0,0.0,0.0,1.0,0.0
23/08/2020,0.0,0.0,0.0,0.0,0.0,0.0,0.0,0.0,0.0,0.0,0.0,0.0,0.0,0.0,0.0,0.0,1.0,0.0
24/08/2020,0.0,0.0,0.0,0.0,0.0,0.0,0.0,0.0,0.0,0.0,0.0,0.0,0.0,0.0,0.0,0.0,1.0,0.0
25/08/2020,0.0,0.0,0.0,0.0,0.0,0.0,0.0,0.0,0.0,0.0,0.0,0.0,0.0,0.0,0.0,0.0,1.0,0.0
26/08/2020,0.0,0.0,0.0,0.0,0.0,0.0,0.0,0.0,0.0,0.0,0.0,0.0,0.0,0.0,0.0,0.0,1.0,0.0
27/08/2020,0.0,0.0,0.0,0.0,0.0,0.0,0.0,0.0,0.0,0.0,0.0,0.0,0.0,0.0,0.0,0.0,1.0,0.0
28/08/2020,0.0,0.0,0.0,0.0,0.0,0.0,0.0,0.0,0.0,0.0,0.0,0.0,0.0,0.0,0.0,0.0,1.0,0.0
29/08/2020,0.0,0.0,0.0,0.0,0.0,0.0,0.0,0.0,0.0,0.0,0.0,0.0,0.0,0.0,0.0,0.0,1.0,0.0
30/08/2020,0.0,0.0,0.0,0.0,0.0,0.0,0.0,0.0,0.0,0.0,0.0,0.0,0.0,0.0,0.0,0.0,1.0,0.0
31/08/2020,0.0,0.0,0.0,0.0,0.0,0.0,0.0,0.0,0.0,0.0,0.0,0.0,0.0,0.0,0.0,0.0,1.0,0.0
01/09/2020,0.0,0.0,0.0,0.0,0.0,0.0,0.0,0.0,0.0,0.0,0.0,0.0,0.0,0.0,0.0,0.0,1.0,0.0
02/09/2020,0.0,0.0,0.0,0.0,0.0,0.0,0.0,0.0,0.0,0.0,0.0,0.0,0.0,0.0,0.0,0.0,1.0,0.0
03/09/2020,0.0,0.0,0.0,0.0,0.0,0.0,0.0,0.0,0.0,0.0,0.0,0.0,0.0,0.0,0.0,0.0,1.0,0.0
04/09/2020,0.0,0.0,0.0,0.0,0.0,0.0,0.0,0.0,0.0,0.0,0.0,0.0,0.0,0.0,0.0,0.0,1.0,0.0
05/09/2020,0.0,0.0,0.0,0.0,0.0,0.0,0.0,0.0,0.0,0.0,0.0,0.0,0.0,0.0,0.0,0.0,1.0,0.0
06/09/2020,0.0,0.0,0.0,0.0,0.0,0.0,0.0,0.0,0.0,0.0,0.0,0.0,0.0,0.0,0.0,0.0,1.0,0.0
07/09/2020,0.0,0.0,0.0,0.0,0.0,0.0,0.0,0.0,0.0,0.0,0.0,0.0,0.0,0.0,0.0,0.0,1.0,0.0
08/09/2020,0.0,0.0,0.0,0.0,0.0,0.0,0.0,0.0,0.0,0.0,0.0,0.0,0.0,0.0,0.0,0.0,1.0,0.0
09/09/2020,0.0,0.0,0.0,0.0,0.0,0.0,0.0,0.0,0.0,0.0,0.0,0.0,0.0,0.0,0.0,0.0,1.0,0.0
10/09/2020,0.0,0.0,0.0,0.0,0.0,0.0,0.0,0.0,0.0,0.0,0.0,0.0,0.0,0.0,0.0,0.0,1.0,0.0
11/09/2020,0.0,0.0,0.0,0.0,0.0,0.0,0.0,0.0,0.0,0.0,0.0,0.0,0.0,0.0,0.0,0.0,1.0,0.0
12/09/2020,0.0,0.0,0.0,0.0,0.0,0.0,0.0,0.0,0.0,0.0,0.0,0.0,0.0,0.0,0.0,0.0,1.0,0.0
13/09/2020,0.0,0.0,0.0,0.0,0.0,0.0,0.0,0.0,0.0,0.0,0.0,0.0,0.0,0.0,0.0,0.0,1.0,0.0
14/09/2020,0.0,0.0,0.0,0.0,0.0,0.0,0.0,0.0,0.0,0.0,0.0,0.0,0.0,0.0,0.0,0.0,1.0,0.0
15/09/2020,0.0,0.0,0.0,0.0,0.0,0.0,0.0,0.0,0.0,0.0,0.0,0.0,0.0,0.0,0.0,0.0,1.0,0.0
16/09/2020,0.0,0.0,0.0,0.0,0.0,0.0,0.0,0.0,0.0,0.0,0.0,0.0,0.0,0.0,0.0,0.0,1.0,0.0
17/09/2020,0.0,0.0,0.0,0.0,0.0,0.0,0.0,0.0,0.0,0.0,0.0,0.0,0.0,0.0,0.0,0.0,1.0,0.0
18/09/2020,0.0,0.0,0.0,0.0,0.0,0.0,0.0,0.0,0.0,0.0,0.0,0.0,0.0,0.0,0.0,0.0,1.0,0.0
19/09/2020,0.0,0.0,0.0,0.0,0.0,0.0,0.0,0.0,0.0,0.0,0.0,0.0,0.0,0.0,0.0,0.0,1.0,0.0
20/09/2020,0.0,0.0,0.0,0.0,0.0,0.0,0.0,0.0,0.0,0.0,0.0,0.0,0.0,0.0,0.0,0.0,1.0,0.0
21/09/2020,0.0,0.0,0.0,0.0,0.0,0.0,0.0,0.0,0.0,0.0,0.0,0.0,0.0,0.0,0.0,0.0,1.0,0.0
22/09/2020,0.0,0.0,0.0,0.0,0.0,0.0,0.0,0.0,0.0,0.0,0.0,0.0,0.0,0.0,0.0,0.0,1.0,0.0
23/09/2020,0.0,0.0,0.0,0.0,0.0,0.0,0.0,0.0,0.0,0.0,0.0,0.0,0.0,0.0,0.0,0.0,1.0,0.0
24/09/2020,0.0,0.0,0.0,0.0,0.0,0.0,0.0,0.0,0.0,0.0,0.0,0.0,0.0,0.0,0.0,0.0,1.0,0.0
25/09/2020,0.0,0.0,0.0,0.0,0.0,0.0,0.0,0.0,0.0,0.0,0.0,0.0,0.0,0.0,0.0,0.0,1.0,0.0
26/09/2020,0.0,0.0,0.0,0.0,0.0,0.0,0.0,0.0,0.0,0.0,0.0,0.0,0.0,0.0,0.0,0.0,1.0,0.0
27/09/2020,0.0,0.0,0.0,0.0,0.0,0.0,0.0,0.0,0.0,0.0,0.0,0.0,0.0,0.0,0.0,0.0,1.0,0.0
28/09/2020,0.0,0.0,0.0,0.0,0.0,0.0,0.0,0.0,0.0,0.0,0.0,0.0,0.0,0.0,0.0,0.0,1.0,0.0
29/09/2020,0.0,0.0,0.0,0.0,0.0,0.0,0.0,0.0,0.0,0.0,0.0,0.0,0.0,0.0,0.0,0.0,1.0,0.0
30/09/2020,0.0,0.0,0.0,0.0,0.0,0.0,0.0,0.0,0.0,0.0,0.0,0.0,0.0,0.0,0.0,0.0,1.0,0.0
01/10/2020,0.001121663,0.0,0.0,0.0,0.0,0.0,0.0,0.0,0.0,0.0,0.0,0.0,0.0,0.0,0.0,0.0,0.998878337,0.0
02/10/2020,0.0,0.0,0.0,0.0,0.0,0.0,0.0,0.0,0.0,0.0,0.0,0.0,0.0,0.0,0.0,0.0,1.0,0.0
03/10/2020,0.0,0.0,0.0,0.0,0.0,0.0,0.0,0.0,0.0,0.0,0.0,0.0,0.0,0.0,0.0,0.0,1.0,0.0
04/10/2020,0.0,0.0,0.0,0.0,0.0,0.0,0.0,0.0,0.0,0.0,0.0,0.0,0.0,0.0,0.0,0.0,1.0,0.0
05/10/2020,0.0,0.0,0.0,0.0,0.0,0.0,0.0,0.0,0.0,0.0,0.0,0.0,0.0,0.0,0.0,0.0,1.0,0.0
06/10/2020,0.0,0.0,0.0,0.0,0.0,0.0,0.0,0.0,0.0,0.0,0.0,0.0,0.0,0.0,0.0,0.0,1.0,0.0
07/10/2020,0.0,0.0,0.0,0.0,0.0,0.0,0.0,0.0,0.0,0.0,0.0,0.0,0.0,0.0,0.0,0.0,1.0,0.0
08/10/2020,0.000813361,0.0,0.0,0.0,0.0,0.0,0.0,0.0,0.0,0.0,0.0,0.0,0.0,0.0,0.0,0.0,0.999186639,0.0
09/10/2020,0.001005088,0.0,0.0,0.0,0.0,0.0,0.0,0.0,0.0,0.0,0.0,0.0,0.0,0.0,0.0,0.0,0.998994912,0.0
10/10/2020,0.0,0.0,0.0,0.0,0.0,0.0,0.0,0.0,0.0,0.0,0.0,0.0,0.0,0.0,0.0,0.0,1.0,0.0
11/10/2020,0.004969855,0.0,0.0,0.0,0.0,0.0,0.0,0.0,0.0,0.0,0.0,0.0,0.0,0.0,0.0,0.0,0.995030145,0.0
12/10/2020,0.000811112,0.0,0.0,0.0,0.0,0.0,0.0,0.0,0.0,0.0,0.0,0.0,0.0,0.0,0.0,0.0,0.999188888,0.0
13/10/2020,0.0,0.0,0.0,0.0,0.0,0.0,0.0,0.0,0.0,0.0,0.0,0.0,0.0,0.0,0.0,0.0,1.0,0.0
14/10/2020,0.0,0.0,0.0,0.0,0.0,0.0,0.0,0.0,0.0,0.0,0.0,0.0,0.0,0.0,0.0,0.0,1.0,0.0
15/10/2020,0.003262032,0.0,0.0,0.0,0.0,0.0,0.0,0.0,0.0,0.0,0.0,0.0,0.0,0.0,0.0,0.0,0.996737968,0.0
16/10/2020,0.0,0.0,0.0,0.0,0.0,0.0,0.0,0.0,0.0,0.0,0.0,0.0,0.0,0.0,0.0,0.0,1.0,0.0
17/10/2020,0.001073537,0.0,0.0,0.0,0.0,0.0,0.0,0.0,0.0,0.0,0.0,0.0,0.0,0.0,0.0,0.0,0.998926463,0.0
18/10/2020,0.0,0.0,0.0,0.0,0.0,0.0,0.0,0.0,0.0,0.0,0.0,0.0,0.0,0.0,0.0,0.0,1.0,0.0
19/10/2020,0.0,0.0,0.0,0.0,0.0,0.0,0.0,0.0,0.0,0.0,0.0,0.0,0.0,0.0,0.0,0.0,1.0,0.0
20/10/2020,0.00120571,0.0,0.0,0.0,0.0,0.0,0.0,0.0,0.0,0.0,0.0,0.0,0.0,0.0,0.0,0.0,0.99879429,0.0
21/10/2020,0.010255806,0.0,0.0,0.0,0.0,0.0,0.0,0.0,0.0,0.0,0.0,0.0,0.0,0.0,0.0,0.0,0.989744194,0.0
22/10/2020,0.009210302,0.0,0.0,0.0,0.0,0.0,0.0,0.0,0.0,0.0,0.0,0.0,0.0,0.0,0.0,0.0,0.990789698,0.0
23/10/2020,0.004240804,0.0,0.0,0.0,0.0,0.0,0.0,0.0,0.0,0.0,0.0,0.0,0.0,0.0,0.0,0.0,0.995759196,0.0
24/10/2020,0.005655214,0.0,0.0,0.0,0.0,0.0,0.0,0.0,0.0,0.0,0.0,0.0,0.0,0.0,0.0,0.0,0.994344786,0.0
25/10/2020,0.001949931,0.0,0.0,0.0,0.0,0.0,0.0,0.0,0.0,0.0,0.0,0.0,0.0,0.0,0.0,0.0,0.998050069,0.0
26/10/2020,0.001119403,0.0,0.0,0.0,0.0,0.0,0.0,0.0,0.0,0.0,0.0,0.0,0.0,0.0,0.0,0.0,0.998880597,0.0
27/10/2020,0.001930106,0.0,0.0,0.0,0.0,0.0,0.0,0.0,0.0,0.0,0.0,0.0,0.0,0.0,0.0,0.0,0.998069894,0.0
28/10/2020,0.0,0.0,0.0,0.0,0.0,0.0,0.0,0.0,0.0,0.0,0.0,0.0,0.0,0.0,0.0,0.0,1.0,0.0
29/10/2020,0.011742264,0.0,0.0,0.0,0.0,0.0,0.0,0.0,0.0,0.0,0.0,0.0,0.0,0.0,0.0,0.0,0.988257736,0.0
30/10/2020,0.007392826,0.0,0.0,0.0,0.0,0.0,0.0,0.0,0.0,0.0,0.0,0.0,0.0,0.0,0.0,0.0,0.992607174,0.0
31/10/2020,0.004614924,0.0,0.0,0.0,0.0,0.0,0.0,0.0,0.0,0.0,0.0,0.0,0.0,0.0,0.0,0.0,0.995385076,0.0
01/11/2020,0.041740227,0.0,0.0,0.0,0.0,0.0,0.0,0.0,0.0,0.0,0.0,0.0,0.0,0.0,0.0,0.0,0.958259773,0.0
02/11/2020,0.031012141,0.0,0.0,0.0,0.0,0.0,0.0,0.0,0.0,0.0,0.0,0.0,0.0,0.0,0.0,0.0,0.968987859,0.0
03/11/2020,0.004159125,0.0,0.0,0.0,0.0,0.0,0.0,0.0,0.0,0.0,0.0,0.0,0.0,0.0,0.0,0.0,0.995840875,0.0
04/11/2020,0.003827751,0.0,0.0,0.0,0.0,0.0,0.0,0.0,0.0,0.0,0.0,0.0,0.0,0.0,0.0,0.0,0.996172249,0.0
05/11/2020,0.066736798,0.0,0.0,0.0,0.0,0.0,0.0,0.0,0.0,0.0,0.0,0.0,0.0,0.0,0.0,0.0,0.933263202,0.0
06/11/2020,0.025480137,0.0,0.0,0.0,0.0,0.0,0.0,0.0,0.0,0.0,0.0,0.0,0.0,0.0,0.0,0.0,0.974519863,0.0
07/11/2020,0.001651044,0.0,0.0,0.0,0.0,0.0,0.0,0.0,0.0,0.0,0.0,0.0,0.0,0.0,0.0,0.0,0.998348956,0.0
08/11/2020,0.078869421,0.0,0.0,0.0,0.0,0.0,0.0,0.0,0.0,0.0,0.0,0.0,0.0,0.0,0.0,0.0,0.921130579,0.0
09/11/2020,0.020560153,0.0,0.0,0.0,0.0,0.0,0.0,0.0,0.0,0.0,0.0,0.0,0.0,0.0,0.0,0.0,0.979439847,0.0
10/11/2020,0.006657071,0.0,0.0,0.0,0.0,0.0,0.0,0.0,0.0,0.0,0.0,0.0,0.0,0.0,0.0,0.0,0.993342929,0.0
11/11/2020,0.024522569,0.0,0.0,0.0,0.0,0.0,0.0,0.0,0.0,0.0,0.0,0.0,0.0,0.0,0.0,0.0,0.975477431,0.0
12/11/2020,0.096652445,0.0,0.0,0.0,0.0,0.0,0.0,0.0,0.0,0.0,0.0,0.0,0.0,0.0,0.0,0.0,0.903347555,0.0
13/11/2020,0.124191516,0.0,0.0,0.0,0.0,0.0,0.0,0.0,0.0,0.0,0.0,0.0,0.0,0.0,0.0,0.0,0.875808484,0.0
14/11/2020,0.116686311,0.0,0.0,0.0,0.0,0.0,0.0,0.0,0.0,0.0,0.0,0.0,0.0,0.0,0.0,0.0,0.883313689,0.0
15/11/2020,0.093720595,0.0,0.0,0.0,0.0,0.0,0.0,0.0,0.0,0.0,0.0,0.0,0.0,0.0,0.0,0.0,0.906279405,0.0
16/11/2020,0.007417297,0.0,0.0,0.0,0.0,0.0,0.0,0.0,0.0,0.0,0.0,0.0,0.0,0.0,0.0,0.0,0.992582703,0.0
17/11/2020,0.073765539,0.0,0.0,0.0,0.0,0.0,0.0,0.0,0.0,0.0,0.0,0.0,0.0,0.0,0.0,0.0,0.926234461,0.0
18/11/2020,0.080868895,0.0,0.0,0.0,0.0,0.0,0.0,0.0,0.0,0.0,0.0,0.0,0.0,0.0,0.0,0.0,0.919131105,0.0
19/11/2020,0.078814131,0.0,0.0,0.0,0.0,0.0,0.0,0.0,0.0,0.0,0.0,0.0,0.0,0.0,0.0,0.0,0.921185869,0.0
20/11/2020,0.038957218,0.0,0.0,0.0,0.0,0.0,0.0,0.0,0.0,0.0,0.0,0.0,0.0,0.0,0.0,0.0,0.961042782,0.0
21/11/2020,0.235741763,0.0,0.0,0.0,0.0,0.0,0.0,0.0,0.0,0.0,0.0,0.0,0.0,0.0,0.0,0.0,0.764258237,0.0
22/11/2020,0.433311944,0.0,0.0,0.0,0.0,0.0,0.0,0.0,0.0,0.0,0.0,0.0,0.0,0.0,0.0,0.0,0.566688056,0.0
23/11/2020,0.043204654,0.0,0.0,0.0,0.0,0.0,0.0,0.0,0.0,0.0,0.0,0.0,0.0,0.0,0.0,0.0,0.956795346,0.0
24/11/2020,0.024068837,0.0,0.0,0.0,0.0,0.0,0.0,0.0,0.0,0.0,0.0,0.0,0.0,0.0,0.0,0.0,0.975931163,0.0
25/11/2020,0.030330169,0.0,0.0,0.0,0.0,0.0,0.0,0.0,0.0,0.0,0.0,0.0,0.0,0.0,0.0,0.0,0.969669831,0.0
26/11/2020,0.151285087,0.0,0.0,0.0,0.0,0.0,0.0,0.0,0.0,0.0,0.0,0.0,0.0,0.0,0.0,0.0,0.848714913,0.0
27/11/2020,0.127858701,0.0,0.0,0.0,0.0,0.0,0.0,0.0,0.0,0.0,0.0,0.0,0.0,0.0,0.0,0.0,0.872141299,0.0
28/11/2020,0.12090145,0.0,0.0,0.0,0.0,0.0,0.0,0.0,0.0,0.0,0.0,0.0,0.0,0.0,0.0,0.0,0.87909855,0.0
29/11/2020,0.08797077,0.0,0.0,0.0,0.0,0.0,0.0,0.0,0.0,0.0,0.0,0.0,0.0,0.0,0.0,0.0,0.91202923,0.0
30/11/2020,0.05203144,0.0,0.0,0.0,0.0,0.0,0.0,0.0,0.0,0.0,0.0,0.0,0.0,0.0,0.0,0.0,0.94796856,0.0
01/12/2020,0.050156929,0.0,0.0,0.0,0.0,0.0,0.0,0.0,0.0,0.0,0.0,0.0,0.0,0.0,0.0,0.0,0.949843071,0.0
02/12/2020,0.073802304,0.0,0.0,0.0,0.0,0.0,0.0,0.0,0.0,0.0,0.0,0.0,0.0,0.0,0.0,0.0,0.926197696,0.0
03/12/2020,0.066670912,0.0,0.0,0.0,0.0,0.0,0.0,0.0,0.0,0.0,0.0,0.0,0.0,0.0,0.0,0.0,0.933329088,0.0
04/12/2020,0.20351131,0.0,0.0,0.0,0.0,0.0,0.0,0.0,0.0,0.0,0.0,0.0,0.0,0.0,0.0,0.0,0.79648869,0.0
05/12/2020,0.247209321,0.0,0.0,0.0,0.0,0.0,0.0,0.0,0.0,0.0,0.0,0.0,0.0,0.0,0.0,0.0,0.752790679,0.0
06/12/2020,0.154873565,0.0,0.0,0.0,0.0,0.0,0.0,0.0,0.0,0.0,0.0,0.0,0.0,0.0,0.0,0.0,0.845126435,0.0
07/12/2020,0.264529351,0.0,0.0,0.0,0.0,0.0,0.0,0.0,0.0,0.0,0.0,0.0,0.0,0.0,0.0,0.0,0.735470649,0.0
08/12/2020,0.189034612,0.0,0.0,0.0,0.0,0.0,0.0,0.0,0.0,0.0,0.0,0.0,0.0,0.0,0.0,0.0,0.810965388,0.0
09/12/2020,0.146946834,0.0,0.0,0.0,0.0,0.0,0.0,0.0,0.0,0.0,0.0,0.0,0.0,0.0,0.0,0.0,0.853053166,0.0
10/12/2020,0.826702215,0.0,0.0,0.0,0.0,0.0,0.0,0.0,0.0,0.0,0.0,0.0,0.0,0.0,0.0,0.0,0.173297785,0.0
11/12/2020,0.284852169,0.0,0.0,0.0,0.0,0.0,0.0,0.0,0.0,0.0,0.0,0.0,0.0,0.0,0.0,0.0,0.715147831,0.0
12/12/2020,0.240396996,0.0,0.0,0.0,0.0,0.0,0.0,0.0,0.0,0.0,0.0,0.0,0.0,0.0,0.0,0.0,0.759603004,0.0
13/12/2020,0.44317847,0.0,0.0,0.0,0.0,0.0,0.0,0.0,0.0,0.0,0.0,0.0,0.0,0.0,0.0,0.0,0.55682153,0.0
14/12/2020,0.323350931,0.0,0.0,0.0,0.0,0.0,0.0,0.0,0.0,0.0,0.0,0.0,0.0,0.0,0.0,0.0,0.676649069,0.0
15/12/2020,0.406907002,0.0,0.0,0.0,0.0,0.0,0.0,0.0,0.0,0.0,0.0,0.0,0.0,0.0,0.0,0.0,0.593092998,0.0
16/12/2020,0.4182874,0.0,0.0,0.0,0.0,0.0,0.0,0.0,0.0,0.0,0.0,0.0,0.0,0.0,0.0,0.0,0.5817126,0.0
17/12/2020,0.505546445,0.0,0.0,0.0,0.0,0.0,0.0,0.0,0.0,0.0,0.0,0.0,0.0,0.0,0.0,0.0,0.494453555,0.0
18/12/2020,0.522911709,0.0,0.0,0.0,0.0,0.0,0.0,0.0,0.0,0.0,0.0,0.0,0.0,0.0,0.0,0.0,0.477088291,0.0
19/12/2020,0.342835583,0.0,0.0,0.0,0.0,0.0,0.0,0.0,0.0,0.0,0.0,0.0,0.0,0.0,0.0,0.0,0.657164417,0.0
20/12/2020,0.24912426,0.0,0.0,0.0,0.0,0.0,0.0,0.0,0.0,0.0,0.0,0.0,0.0,0.0,0.0,0.0,0.75087574,0.0
21/12/2020,0.238711928,0.0,0.0,0.0,0.0,0.0,0.0,0.0,0.0,0.0,0.0,0.0,0.0,0.0,0.0,0.0,0.761288072,0.0
22/12/2020,0.162489427,0.0,0.0,0.0,0.0,0.0,0.0,0.0,0.0,0.0,0.0,0.0,0.0,0.0,0.0,0.0,0.837510573,0.0
23/12/2020,0.168656968,0.0,0.0,0.0,0.0,0.0,0.0,0.0,0.0,0.0,0.0,0.0,0.0,0.0,0.0,0.0,0.831343032,0.0
24/12/2020,0.200251038,0.0,0.0,0.0,0.0,0.0,0.0,0.0,0.0,0.0,0.0,0.0,0.0,0.0,0.0,0.0,0.799748962,0.0
25/12/2020,0.367299641,0.0,0.0,0.0,0.0,0.0,0.0,0.0,0.0,0.0,0.0,0.0,0.0,0.0,0.0,0.0,0.632700359,0.0
26/12/2020,0.368806232,0.0,0.0,0.0,0.0,0.0,0.0,0.0,0.0,0.0,0.0,0.0,0.0,0.0,0.0,0.0,0.631193768,0.0
27/12/2020,0.219933125,0.0,0.0,0.0,0.0,0.0,0.0,0.0,0.0,0.0,0.0,0.0,0.0,0.0,0.0,0.0,0.780066875,0.0
28/12/2020,0.208979408,0.0,0.0,0.0,0.0,0.0,0.0,0.0,0.0,0.0,0.0,0.0,0.0,0.0,0.0,0.0,0.791020592,0.0
29/12/2020,0.297979346,0.0,0.0,0.0,0.0,0.0,0.0,0.0,0.0,0.0,0.0,0.0,0.0,0.0,0.0,0.0,0.702020654,0.0
30/12/2020,0.194897031,0.0,0.0,0.0,0.0,0.0,0.0,0.0,0.0,0.0,0.0,0.0,0.0,0.0,0.0,0.0,0.805102969,0.0
31/12/2020,0.290676849,0.0,0.0,0.0,0.0,0.0,0.0,0.0,0.0,0.0,0.0,0.0,0.0,0.0,0.0,0.0,0.709323151,0.0
01/01/2021,0.283504145,0.0,0.0,0.0,0.0,0.0,0.0,0.0,0.0,0.0,0.0,0.0,0.0,0.0,0.0,0.0,0.716495855,0.0
02/01/2021,0.497982316,0.0,0.0,0.0,0.0,0.0,0.0,0.0,0.0,0.0,0.0,0.0,0.0,0.0,0.0,0.0,0.502017684,0.0
03/01/2021,0.40752599,0.0,0.0,0.0,0.0,0.0,0.0,0.0,0.0,0.0,0.0,0.0,0.0,0.0,0.0,0.0,0.59247401,0.0
04/01/2021,0.322680554,0.0,0.0,0.0,0.0,0.0,0.0,0.0,0.0,0.0,0.0,0.0,0.0,0.0,0.0,0.0,0.677319446,0.0
05/01/2021,0.347955714,0.0,0.0,0.0,0.0,0.0,0.0,0.0,0.0,0.0,0.0,0.0,0.0,0.0,0.0,0.0,0.652044286,0.0
06/01/2021,0.30072208,0.0,0.0,0.0,0.0,0.0,0.0,0.0,0.0,0.0,0.0,0.0,0.0,0.0,0.0,0.0,0.69927792,0.0
07/01/2021,0.400575311,0.0,0.0,0.0,0.0,0.0,0.0,0.0,0.0,0.0,0.0,0.0,0.0,0.0,0.0,0.0,0.599424689,0.0
08/01/2021,0.562273108,0.0,0.0,0.0,0.0,0.0,0.0,0.0,0.0,0.0,0.0,0.0,0.0,0.0,0.0,0.0,0.437726892,0.0
09/01/2021,0.834029166,0.0,0.0,0.0,0.0,0.0,0.0,0.0,0.0,0.0,0.0,0.0,0.0,0.0,0.0,0.0,0.165970834,0.0
10/01/2021,0.636760619,0.0,0.0,0.0,0.0,0.0,0.0,0.0,0.0,0.0,0.0,0.0,0.0,0.0,0.0,0.0,0.363239381,0.0
11/01/2021,0.588065891,0.0,0.0,0.0,0.0,0.0,0.0,0.0,0.0,0.0,0.0,0.0,0.0,0.0,0.0,0.0,0.411934109,0.0
12/01/2021,0.834758961,0.0,0.0,0.0,0.0,0.0,0.0,0.0,0.0,0.0,0.0,0.0,0.0,0.0,0.0,0.0,0.165241039,0.0
13/01/2021,0.56606046,0.0,0.0,0.0,0.0,0.0,0.0,0.0,0.0,0.0,0.0,0.0,0.0,0.0,0.0,0.0,0.43393954,0.0
14/01/2021,0.773748627,0.0,0.0,0.0,0.0,0.0,0.0,0.0,0.0,0.0,0.0,0.0,0.0,0.0,0.0,0.0,0.226251373,0.0
15/01/2021,0.908567646,0.0,0.0,0.0,0.0,0.0,0.0,0.0,0.0,0.0,0.0,0.0,0.0,0.0,0.0,0.0,0.091432354,0.0
16/01/2021,0.90762301,0.0,0.0,0.0,0.0,0.0,0.0,0.0,0.0,0.0,0.0,0.0,0.0,0.0,0.0,0.0,0.09237699,0.0
17/01/2021,0.9104861426666667,0.0,0.0,0.0,0.0,0.0,0.0,0.0,0.0,0.0,0.0,0.0,0.0,0.0,0.0,0.0,0.0,0.0
18/01/2021,0.9133492753333333,0.0,0.0,0.0,0.0,0.0,0.0,0.0,0.0,0.0,0.0,0.0,0.0,0.0,0.0,0.0,0.0,0.0
19/01/2021,0.916212408,0.0,0.0,0.0,0.0,0.0,0.0,0.0,0.0,0.0,0.0,0.0,0.0,0.0,0.0,0.0,0.0,0.0
20/01/2021,0.9190755406666666,0.0,0.0,0.0,0.0,0.0,0.0,0.0,0.0,0.0,0.0,0.0,0.0,0.0,0.0,0.0,0.0,0.0
21/01/2021,0.9219386733333333,0.0,0.0,0.0,0.0,0.0,0.0,0.0,0.0,0.0,0.0,0.0,0.0,0.0,0.0,0.0,0.0,0.0
22/01/2021,0.9248018060000001,0.0,0.0,0.0,0.0,0.0,0.0,0.0,0.0,0.0,0.0,0.0,0.0,0.0,0.0,0.0,0.0,0.0
23/01/2021,0.9276649386666667,0.0,0.0,0.0,0.0,0.0,0.0,0.0,0.0,0.0,0.0,0.0,0.0,0.0,0.0,0.0,0.0,0.0
24/01/2021,0.9305280713333334,0.0,0.0,0.0,0.0,0.0,0.0,0.0,0.0,0.0,0.0,0.0,0.0,0.0,0.0,0.0,0.0,0.0
25/01/2021,0.933391204,0.0,0.0,0.0,0.0,0.0,0.0,0.0,0.0,0.0,0.0,0.0,0.0,0.0,0.0,0.0,0.0,0.0
26/01/2021,0.9362543366666667,0.0,0.0,0.0,0.0,0.0,0.0,0.0,0.0,0.0,0.0,0.0,0.0,0.0,0.0,0.0,0.0,0.0
27/01/2021,0.9391174693333334,0.0,0.0,0.0,0.0,0.0,0.0,0.0,0.0,0.0,0.0,0.0,0.0,0.0,0.0,0.0,0.0,0.0
28/01/2021,0.941980602,0.0,0.0,0.0,0.0,0.0,0.0,0.0,0.0,0.0,0.0,0.0,0.0,0.0,0.0,0.0,0.0,0.0
29/01/2021,0.9448437346666667,0.0,0.0,0.0,0.0,0.0,0.0,0.0,0.0,0.0,0.0,0.0,0.0,0.0,0.0,0.0,0.0,0.0
30/01/2021,0.9477068673333333,0.0,0.0,0.0,0.0,0.0,0.0,0.0,0.0,0.0,0.0,0.0,0.0,0.0,0.0,0.0,0.0,0.0
31/01/2021,0.95057,0.001359,0.0,0.001672,0.0,0.0,0.0,0.000105,0.0,0.0,0.0,0.0,0.0,0.0,0.0,0.045668,0.0,0.0
01/02/2021,0.952282571,0.001487714,0.0,0.001680714,1.08e-05,0.0,0.0,9e-05,0.0,0.0,0.0,0.0,0.0,0.0,0.0,0.043771714,0.0,0.0
02/02/2021,0.953995143,0.001616429,0.0,0.001689429,2.15e-05,0.0,0.0,7.5e-05,0.0,0.0,0.0,0.0,0.0,0.0,0.0,0.041875429,0.0,0.0
03/02/2021,0.955707714,0.001745143,0.0,0.001698143,3.23e-05,0.0,0.0,6e-05,0.0,0.0,0.0,0.0,0.0,0.0,0.0,0.039979143,0.0,0.0
04/02/2021,0.957420286,0.001873857,0.0,0.001706857,4.3e-05,0.0,0.0,4.5e-05,0.0,0.0,0.0,0.0,0.0,0.0,0.0,0.038082857,0.0,0.0
05/02/2021,0.959132857,0.002002571,0.0,0.001715571,5.38e-05,0.0,0.0,3e-05,0.0,0.0,0.0,0.0,0.0,0.0,0.0,0.036186571,0.0,0.0
06/02/2021,0.960845429,0.002131286,0.0,0.001724286,6.45e-05,0.0,0.0,1.5e-05,0.0,0.0,0.0,0.0,0.0,0.0,0.0,0.034290286,0.0,0.0
07/02/2021,0.962558,0.00226,0.0,0.001733,7.53e-05,0.0,0.0,0.0,0.0,0.0,0.0,0.0,0.0,0.0,0.0,0.032394,0.0,0.0
08/02/2021,0.964079714,0.002111571,0.0,0.001700857,7.48e-05,0.0,0.0,0.000102571,0.0,0.0,0.0,0.0,0.0,0.0,0.0,0.030967571,0.0,0.0
09/02/2021,0.965601429,0.001963143,0.0,0.001668714,7.43e-05,0.0,0.0,0.000205143,0.0,0.0,0.0,0.0,0.0,0.0,0.0,0.029541143,0.0,0.0
10/02/2021,0.967123143,0.001814714,0.0,0.001636571,7.38e-05,0.0,0.0,0.000307714,0.0,0.0,0.0,0.0,0.0,0.0,0.0,0.028114714,0.0,0.0
11/02/2021,0.968644857,0.001666286,0.0,0.001604429,7.33e-05,0.0,0.0,0.000410286,0.0,0.0,0.0,0.0,0.0,0.0,0.0,0.026688286,0.0,0.0
12/02/2021,0.970166571,0.001517857,0.0,0.001572286,7.28e-05,0.0,0.0,0.000512857,0.0,0.0,0.0,0.0,0.0,0.0,0.0,0.025261857,0.0,0.0
13/02/2021,0.971688286,0.001369429,0.0,0.001540143,7.23e-05,0.0,0.0,0.000615429,0.0,0.0,0.0,0.0,0.0,0.0,0.0,0.023835429,0.0,0.0
14/02/2021,0.97321,0.001221,0.0,0.001508,7.18e-05,0.0,0.0,0.000718,0.0,0.0,0.0,0.0,0.0,0.0,0.0,0.022409,0.0,0.0
15/02/2021,0.973418429,0.001329,0.0,0.001721429,0.000113829,5.23e-05,0.0,0.000625886,1.05e-05,0.0,0.0,0.0,0.0,0.0,0.0,0.021832857,0.0,0.0
16/02/2021,0.973626857,0.001437,0.0,0.001934857,0.000155857,0.000104571,0.0,0.000533771,2.09e-05,0.0,0.0,0.0,0.0,0.0,0.0,0.021256714,0.0,0.0
17/02/2021,0.973835286,0.001545,0.0,0.002148286,0.000197886,0.000156857,0.0,0.000441657,3.14e-05,0.0,0.0,0.0,0.0,0.0,0.0,0.020680571,0.0,0.0
18/02/2021,0.974043714,0.001653,0.0,0.002361714,0.000239914,0.000209143,0.0,0.000349543,4.18e-05,0.0,0.0,0.0,0.0,0.0,0.0,0.020104429,0.0,0.0
19/02/2021,0.974252143,0.001761,0.0,0.002575143,0.000281943,0.000261429,0.0,0.000257429,5.23e-05,0.0,0.0,0.0,0.0,0.0,0.0,0.019528286,0.0,0.0
20/02/2021,0.974460571,0.001869,0.0,0.002788571,0.000323971,0.000313714,0.0,0.000165314,6.27e-05,0.0,0.0,0.0,0.0,0.0,0.0,0.018952143,0.0,0.0
21/02/2021,0.974669,0.001977,0.0,0.003002,0.000366,0.000366,0.0,7.32e-05,7.32e-05,0.0,0.0,0.0,0.0,0.0,0.0,0.018376,0.0,0.0
22/02/2021,0.974059429,0.002188429,0.0,0.003235714,0.000361857,0.000374,4.81e-05,9.89e-05,7.48e-05,0.0,0.0,0.0,0.0,0.0,0.0,0.018244429,0.0,0.0
23/02/2021,0.973449857,0.002399857,0.0,0.003469429,0.000357714,0.000382,9.63e-05,0.000124571,7.64e-05,0.0,0.0,0.0,0.0,0.0,0.0,0.018112857,0.0,0.0
24/02/2021,0.972840286,0.002611286,0.0,0.003703143,0.000353571,0.00039,0.000144429,0.000150257,7.8e-05,0.0,0.0,0.0,0.0,0.0,0.0,0.017981286,0.0,0.0
25/02/2021,0.972230714,0.002822714,0.0,0.003936857,0.000349429,0.000398,0.000192571,0.000175943,7.95e-05,0.0,0.0,0.0,0.0,0.0,0.0,0.017849714,0.0,0.0
26/02/2021,0.971621143,0.003034143,0.0,0.004170571,0.000345286,0.000406,0.000240714,0.000201629,8.11e-05,0.0,0.0,0.0,0.0,0.0,0.0,0.017718143,0.0,0.0
27/02/2021,0.971011571,0.003245571,0.0,0.004404286,0.000341143,0.000414,0.000288857,0.000227314,8.27e-05,0.0,0.0,0.0,0.0,0.0,0.0,0.017586571,0.0,0.0
28/02/2021,0.970402,0.003457,0.0,0.004638,0.000337,0.000422,0.000337,0.000253,8.43e-05,0.0,0.0,0.0,0.0,0.0,0.0,0.017455,0.0,0.0
01/03/2021,0.970833571,0.003388571,0.0,0.004433714,0.000387,0.000492571,0.000288857,0.000238714,7.23e-05,0.0,0.0,0.0,0.0,0.0,0.0,0.017350714,0.0,0.0
02/03/2021,0.971265143,0.003320143,0.0,0.004229429,0.000437,0.000563143,0.000240714,0.000224429,6.02e-05,0.0,0.0,0.0,0.0,0.0,0.0,0.017246429,0.0,0.0
03/03/2021,0.971696714,0.003251714,0.0,0.004025143,0.000487,0.000633714,0.000192571,0.000210143,4.82e-05,0.0,0.0,0.0,0.0,0.0,0.0,0.017142143,0.0,0.0
04/03/2021,0.972128286,0.003183286,0.0,0.003820857,0.000537,0.000704286,0.000144429,0.000195857,3.61e-05,0.0,0.0,0.0,0.0,0.0,0.0,0.017037857,0.0,0.0
05/03/2021,0.972559857,0.003114857,0.0,0.003616571,0.000587,0.000774857,9.63e-05,0.000181571,2.41e-05,0.0,0.0,0.0,0.0,0.0,0.0,0.016933571,0.0,0.0
06/03/2021,0.972991429,0.003046429,0.0,0.003412286,0.000637,0.000845429,4.81e-05,0.000167286,1.2e-05,0.0,0.0,0.0,0.0,0.0,0.0,0.016829286,0.0,0.0
07/03/2021,0.973423,0.002978,0.0,0.003208,0.000687,0.000916,0.0,0.000153,0.0,0.0,0.0,0.0,0.0,0.0,0.0,0.016725,0.0,0.0
08/03/2021,0.973881143,0.003255429,0.0,0.003222,0.000698714,0.000949857,0.0,0.000131143,0.0,0.0,0.0,0.0,0.0,0.0,0.0,0.016038,0.0,0.0
09/03/2021,0.974339286,0.003532857,0.0,0.003236,0.000710429,0.000983714,0.0,0.000109286,0.0,0.0,0.0,0.0,0.0,0.0,0.0,0.015351,0.0,0.0
10/03/2021,0.974797429,0.003810286,0.0,0.00325,0.000722143,0.001017571,0.0,8.74e-05,0.0,0.0,0.0,0.0,0.0,0.0,0.0,0.014664,0.0,0.0
11/03/2021,0.975255571,0.004087714,0.0,0.003264,0.000733857,0.001051429,0.0,6.56e-05,0.0,0.0,0.0,0.0,0.0,0.0,0.0,0.013977,0.0,0.0
12/03/2021,0.975713714,0.004365143,0.0,0.003278,0.000745571,0.001085286,0.0,4.37e-05,0.0,0.0,0.0,0.0,0.0,0.0,0.0,0.01329,0.0,0.0
13/03/2021,0.976171857,0.004642571,0.0,0.003292,0.000757286,0.001119143,0.0,2.19e-05,0.0,0.0,0.0,0.0,0.0,0.0,0.0,0.012603,0.0,0.0
14/03/2021,0.97663,0.00492,0.0,0.003306,0.000769,0.001153,0.0,0.0,0.0,0.0,0.0,0.0,0.0,0.0,0.0,0.011916,0.0,0.0
15/03/2021,0.977390429,0.004856714,0.0,0.003103571,0.000719143,0.001218143,0.0,0.0,0.0,0.0,0.0,0.0,0.0,0.0,0.0,0.011273,0.0,0.0
16/03/2021,0.978150857,0.004793429,0.0,0.002901143,0.000669286,0.001283286,0.0,0.0,0.0,0.0,0.0,0.0,0.0,0.0,0.0,0.01063,0.0,0.0
17/03/2021,0.978911286,0.004730143,0.0,0.002698714,0.000619429,0.001348429,0.0,0.0,0.0,0.0,0.0,0.0,0.0,0.0,0.0,0.009987,0.0,0.0
18/03/2021,0.979671714,0.004666857,0.0,0.002496286,0.000569571,0.001413571,0.0,0.0,0.0,0.0,0.0,0.0,0.0,0.0,0.0,0.009344,0.0,0.0
19/03/2021,0.980432143,0.004603571,0.0,0.002293857,0.000519714,0.001478714,0.0,0.0,0.0,0.0,0.0,0.0,0.0,0.0,0.0,0.008701,0.0,0.0
20/03/2021,0.981192571,0.004540286,0.0,0.002091429,0.000469857,0.001543857,0.0,0.0,0.0,0.0,0.0,0.0,0.0,0.0,0.0,0.008058,0.0,0.0
21/03/2021,0.981953,0.004477,0.0,0.001889,0.00042,0.001609,0.0,0.0,0.0,0.0,0.0,0.0,0.0,0.0,0.0,0.007415,0.0,0.0
22/03/2021,0.981211857,0.004716143,0.000167429,0.001926,0.000499429,0.001881286,0.0,0.0,1.39e-05,0.0,0.0,0.0,0.0,0.0,0.0,0.007304143,0.0,0.0
23/03/2021,0.980470714,0.004955286,0.000334857,0.001963,0.000578857,0.002153571,0.0,0.0,2.79e-05,0.0,0.0,0.0,0.0,0.0,0.0,0.007193286,0.0,0.0
24/03/2021,0.979729571,0.005194429,0.000502286,0.002,0.000658286,0.002425857,0.0,0.0,4.18e-05,0.0,0.0,0.0,0.0,0.0,0.0,0.007082429,0.0,0.0
25/03/2021,0.978988429,0.005433571,0.000669714,0.002037,0.000737714,0.002698143,0.0,0.0,5.58e-05,0.0,0.0,0.0,0.0,0.0,0.0,0.006971571,0.0,0.0
26/03/2021,0.978247286,0.005672714,0.000837143,0.002074,0.000817143,0.002970429,0.0,0.0,6.97e-05,0.0,0.0,0.0,0.0,0.0,0.0,0.006860714,0.0,0.0
27/03/2021,0.977506143,0.005911857,0.001004571,0.002111,0.000896571,0.003242714,0.0,0.0,8.37e-05,0.0,0.0,0.0,0.0,0.0,0.0,0.006749857,0.0,0.0
28/03/2021,0.976765,0.006151,0.001172,0.002148,0.000976,0.003515,0.0,0.0,9.76e-05,0.0,0.0,0.0,0.0,0.0,0.0,0.006639,0.0,0.0
29/03/2021,0.974529714,0.006547857,0.002156714,0.002129143,0.001042286,0.004000286,0.0,0.0,8.37e-05,0.0,0.0,0.0,0.0,0.0,0.0,0.006739714,0.0,0.0
30/03/2021,0.972294429,0.006944714,0.003141429,0.002110286,0.001108571,0.004485571,0.0,0.0,6.97e-05,0.0,0.0,0.0,0.0,0.0,0.0,0.006840429,0.0,0.0
31/03/2021,0.970059143,0.007341571,0.004126143,0.002091429,0.001174857,0.004970857,0.0,0.0,5.58e-05,0.0,0.0,0.0,0.0,0.0,0.0,0.006941143,0.0,0.0
01/04/2021,0.967823857,0.007738429,0.005110857,0.002072571,0.001241143,0.005456143,0.0,0.0,4.18e-05,0.0,0.0,0.0,0.0,0.0,0.0,0.007041857,0.0,0.0
02/04/2021,0.965588571,0.008135286,0.006095571,0.002053714,0.001307429,0.005941429,0.0,0.0,2.79e-05,0.0,0.0,0.0,0.0,0.0,0.0,0.007142571,0.0,0.0
03/04/2021,0.963353286,0.008532143,0.007080286,0.002034857,0.001373714,0.006426714,0.0,0.0,1.39e-05,0.0,0.0,0.0,0.0,0.0,0.0,0.007243286,0.0,0.0
04/04/2021,0.961118,0.008929,0.008065,0.002016,0.00144,0.006912,0.0,0.0,0.0,0.0,0.0,0.0,0.0,0.0,0.0,0.007344,0.0,0.0
05/04/2021,0.957969,0.008806,0.010606,0.002057286,0.001634143,0.007241857,0.0,2.36e-05,0.0,0.0,0.0,0.0,0.0,0.0,0.0,0.007259286,0.0,0.0
06/04/2021,0.95482,0.008683,0.013147,0.002098571,0.001828286,0.007571714,0.0,4.71e-05,0.0,0.0,0.0,0.0,0.0,0.0,0.0,0.007174571,0.0,0.0
07/04/2021,0.951671,0.00856,0.015688,0.002139857,0.002022429,0.007901571,0.0,7.07e-05,0.0,0.0,0.0,0.0,0.0,0.0,0.0,0.007089857,0.0,0.0
08/04/2021,0.948522,0.008437,0.018229,0.002181143,0.002216571,0.008231429,0.0,9.43e-05,0.0,0.0,0.0,0.0,0.0,0.0,0.0,0.007005143,0.0,0.0
09/04/2021,0.945373,0.008314,0.02077,0.002222429,0.002410714,0.008561286,0.0,0.000117857,0.0,0.0,0.0,0.0,0.0,0.0,0.0,0.006920429,0.0,0.0
10/04/2021,0.942224,0.008191,0.023311,0.002263714,0.002604857,0.008891143,0.0,0.000141429,0.0,0.0,0.0,0.0,0.0,0.0,0.0,0.006835714,0.0,0.0
11/04/2021,0.939075,0.008068,0.025852,0.002305,0.002799,0.009221,0.0,0.000165,0.0,0.0,0.0,0.0,0.0,0.0,0.0,0.006751,0.0,0.0
12/04/2021,0.933462429,0.008272143,0.030673714,0.002326571,0.00275,0.009728286,2.34e-05,0.000141429,0.0,0.0,0.0,0.0,0.0,0.0,0.0,0.006535143,0.0,0.0
13/04/2021,0.927849857,0.008476286,0.035495429,0.002348143,0.002701,0.010235571,4.69e-05,0.000117857,0.0,0.0,0.0,0.0,0.0,0.0,0.0,0.006319286,0.0,0.0
14/04/2021,0.922237286,0.008680429,0.040317143,0.002369714,0.002652,0.010742857,7.03e-05,9.43e-05,0.0,0.0,0.0,0.0,0.0,0.0,0.0,0.006103429,0.0,0.0
15/04/2021,0.916624714,0.008884571,0.045138857,0.002391286,0.002603,0.011250143,9.37e-05,7.07e-05,0.0,0.0,0.0,0.0,0.0,0.0,0.0,0.005887571,0.0,0.0
16/04/2021,0.911012143,0.009088714,0.049960571,0.002412857,0.002554,0.011757429,0.000117143,4.71e-05,0.0,0.0,0.0,0.0,0.0,0.0,0.0,0.005671714,0.0,0.0
17/04/2021,0.905399571,0.009292857,0.054782286,0.002434429,0.002505,0.012264714,0.000140571,2.36e-05,0.0,0.0,0.0,0.0,0.0,0.0,0.0,0.005455857,0.0,0.0
18/04/2021,0.899787,0.009497,0.059604,0.002456,0.002456,0.012772,0.000164,0.0,0.0,0.0,0.0,0.0,0.0,0.0,0.0,0.00524,0.0,0.0
19/04/2021,0.891855286,0.009293143,0.068087714,0.002546714,0.002644714,0.012394571,0.000140571,0.0,0.0,0.0,0.0,0.0,0.0,0.0,0.0,0.005031,0.0,0.0
20/04/2021,0.883923571,0.009089286,0.076571429,0.002637429,0.002833429,0.012017143,0.000117143,0.0,0.0,0.0,0.0,0.0,0.0,0.0,0.0,0.004822,0.0,0.0
21/04/2021,0.875991857,0.008885429,0.085055143,0.002728143,0.003022143,0.011639714,9.37e-05,0.0,0.0,0.0,0.0,0.0,0.0,0.0,0.0,0.004613,0.0,0.0
22/04/2021,0.868060143,0.008681571,0.093538857,0.002818857,0.003210857,0.011262286,7.03e-05,0.0,0.0,0.0,0.0,0.0,0.0,0.0,0.0,0.004404,0.0,0.0
23/04/2021,0.860128429,0.008477714,0.102022571,0.002909571,0.003399571,0.010884857,4.69e-05,0.0,0.0,0.0,0.0,0.0,0.0,0.0,0.0,0.004195,0.0,0.0
24/04/2021,0.852196714,0.008273857,0.110506286,0.003000286,0.003588286,0.010507429,2.34e-05,0.0,0.0,0.0,0.0,0.0,0.0,0.0,0.0,0.003986,0.0,0.0
25/04/2021,0.844265,0.00807,0.11899,0.003091,0.003777,0.01013,0.0,0.0,0.0,0.0,0.0,0.0,0.0,0.0,0.0,0.003777,0.0,0.0
26/04/2021,0.826744714,0.007759143,0.137212571,0.003106571,0.003622429,0.009284286,0.0,0.0,4.81e-05,2.4e-05,0.0,0.0,0.0,0.0,0.0,0.003911,0.0,0.0
27/04/2021,0.809224429,0.007448286,0.155435143,0.003122143,0.003467857,0.008438571,0.0,0.0,9.63e-05,4.8e-05,0.0,0.0,0.0,0.0,0.0,0.004045,0.0,0.0
28/04/2021,0.791704143,0.007137429,0.173657714,0.003137714,0.003313286,0.007592857,0.0,0.0,0.000144429,7.2e-05,0.0,0.0,0.0,0.0,0.0,0.004179,0.0,0.0
29/04/2021,0.774183857,0.006826571,0.191880286,0.003153286,0.003158714,0.006747143,0.0,0.0,0.000192571,9.6e-05,0.0,0.0,0.0,0.0,0.0,0.004313,0.0,0.0
30/04/2021,0.756663571,0.006515714,0.210102857,0.003168857,0.003004143,0.005901429,0.0,0.0,0.000240714,0.00012,0.0,0.0,0.0,0.0,0.0,0.004447,0.0,0.0
01/05/2021,0.739143286,0.006204857,0.228325429,0.003184429,0.002849571,0.005055714,0.0,0.0,0.000288857,0.000144,0.0,0.0,0.0,0.0,0.0,0.004581,0.0,0.0
02/05/2021,0.721623,0.005894,0.246548,0.0032,0.002695,0.00421,0.0,0.0,0.000337,0.000168,0.0,0.0,0.0,0.0,0.0,0.004715,0.0,0.0
03/05/2021,0.699355857,0.005516714,0.269790714,0.003060857,0.002628,0.003951,0.0,0.0,0.000288857,0.000144,0.0,0.0,0.0,0.0,0.0,0.004701857,0.0,0.0
04/05/2021,0.677088714,0.005139429,0.293033429,0.002921714,0.002561,0.003692,0.0,0.0,0.000240714,0.00012,0.0,0.0,0.0,0.0,0.0,0.004688714,0.0,0.0
05/05/2021,0.654821571,0.004762143,0.316276143,0.002782571,0.002494,0.003433,0.0,0.0,0.000192571,9.6e-05,0.0,0.0,0.0,0.0,0.0,0.004675571,0.0,0.0
06/05/2021,0.632554429,0.004384857,0.339518857,0.002643429,0.002427,0.003174,0.0,0.0,0.000144429,7.2e-05,0.0,0.0,0.0,0.0,0.0,0.004662429,0.0,0.0
07/05/2021,0.610287286,0.004007571,0.362761571,0.002504286,0.00236,0.002915,0.0,0.0,9.63e-05,4.8e-05,0.0,0.0,0.0,0.0,0.0,0.004649286,0.0,0.0
08/05/2021,0.588020143,0.003630286,0.386004286,0.002365143,0.002293,0.002656,0.0,0.0,4.81e-05,2.4e-05,0.0,0.0,0.0,0.0,0.0,0.004636143,0.0,0.0
09/05/2021,0.565753,0.003253,0.409247,0.002226,0.002226,0.002397,0.0,0.0,0.0,0.0,0.0,0.0,0.0,0.0,0.0,0.004623,0.0,0.0
10/05/2021,0.537079,0.003036714,0.439084714,0.001965286,0.002041714,0.002379429,0.0,0.0,0.0,1.91e-05,0.0,0.0,0.0,0.0,0.0,0.004402143,0.0,0.0
11/05/2021,0.508405,0.002820429,0.468922429,0.001704571,0.001857429,0.002361857,0.0,0.0,0.0,3.83e-05,0.0,0.0,0.0,0.0,0.0,0.004181286,0.0,0.0
12/05/2021,0.479731,0.002604143,0.498760143,0.001443857,0.001673143,0.002344286,0.0,0.0,0.0,5.74e-05,0.0,0.0,0.0,0.0,0.0,0.003960429,0.0,0.0
13/05/2021,0.451057,0.002387857,0.528597857,0.001183143,0.001488857,0.002326714,0.0,0.0,0.0,7.66e-05,0.0,0.0,0.0,0.0,0.0,0.003739571,0.0,0.0
14/05/2021,0.422383,0.002171571,0.558435571,0.000922429,0.001304571,0.002309143,0.0,0.0,0.0,9.57e-05,0.0,0.0,0.0,0.0,0.0,0.003518714,0.0,0.0
15/05/2021,0.393709,0.001955286,0.588273286,0.000661714,0.001120286,0.002291571,0.0,0.0,0.0,0.000114857,0.0,0.0,0.0,0.0,0.0,0.003297857,0.0,0.0
16/05/2021,0.365035,0.001739,0.618111,0.000401,0.000936,0.002274,0.0,0.0,0.0,0.000134,0.0,0.0,0.0,0.0,0.0,0.003077,0.0,0.0
17/05/2021,0.340537714,0.001671143,0.643571571,0.000434,0.000982857,0.002129714,1.29e-05,0.0,0.0,0.000140714,0.0,0.0,0.0,0.0,0.0,0.002882429,0.0,0.0
18/05/2021,0.316040429,0.001603286,0.669032143,0.000467,0.001029714,0.001985429,2.58e-05,0.0,0.0,0.000147429,0.0,0.0,0.0,0.0,0.0,0.002687857,0.0,0.0
19/05/2021,0.291543143,0.001535429,0.694492714,0.0005,0.001076571,0.001841143,3.87e-05,0.0,0.0,0.000154143,0.0,0.0,0.0,0.0,0.0,0.002493286,0.0,0.0
20/05/2021,0.267045857,0.001467571,0.719953286,0.000533,0.001123429,0.001696857,5.16e-05,0.0,0.0,0.000160857,0.0,0.0,0.0,0.0,0.0,0.002298714,0.0,0.0
21/05/2021,0.242548571,0.001399714,0.745413857,0.000566,0.001170286,0.001552571,6.45e-05,0.0,0.0,0.000167571,0.0,0.0,0.0,0.0,0.0,0.002104143,0.0,0.0
22/05/2021,0.218051286,0.001331857,0.770874429,0.000599,0.001217143,0.001408286,7.74e-05,0.0,0.0,0.000174286,0.0,0.0,0.0,0.0,0.0,0.001909571,0.0,0.0
23/05/2021,0.193554,0.001264,0.796335,0.000632,0.001264,0.001264,9.03e-05,0.0,0.0,0.000181,0.0,0.0,0.0,0.0,0.0,0.001715,0.0,0.0
24/05/2021,0.179622571,0.001196429,0.811073286,0.000549786,0.001156,0.001131857,7.74e-05,0.0,0.0,0.000171286,0.0,0.0,0.0,0.0,0.0,0.001591,0.0,0.0
25/05/2021,0.165691143,0.001128857,0.825811571,0.000467571,0.001048,0.000999714,6.45e-05,0.0,0.0,0.000161571,0.0,0.0,0.0,0.0,0.0,0.001467,0.0,0.0
26/05/2021,0.151759714,0.001061286,0.840549857,0.000385357,0.00094,0.000867571,5.16e-05,0.0,0.0,0.000151857,0.0,0.0,0.0,0.0,0.0,0.001343,0.0,0.0
27/05/2021,0.137828286,0.000993714,0.855288143,0.000303143,0.000832,0.000735429,3.87e-05,0.0,0.0,0.000142143,0.0,0.0,0.0,0.0,0.0,0.001219,0.0,0.0
28/05/2021,0.123896857,0.000926143,0.870026429,0.000220929,0.000724,0.000603286,2.58e-05,0.0,0.0,0.000132429,0.0,0.0,0.0,0.0,0.0,0.001095,0.0,0.0
29/05/2021,0.109965429,0.000858571,0.884764714,0.000138714,0.000616,0.000471143,1.29e-05,0.0,0.0,0.000122714,0.0,0.0,0.0,0.0,0.0,0.000971,0.0,0.0
30/05/2021,0.096034,0.000791,0.899503,5.65e-05,0.000508,0.000339,0.0,0.0,0.0,0.000113,0.0,0.0,0.0,0.0,0.0,0.000847,0.0,0.0
31/05/2021,0.089344571,0.000760143,0.906426571,4.84e-05,0.000495143,0.000298043,0.0,0.0,7.47e-06,0.000104329,0.0,0.0,0.0,0.0,0.0,0.000785714,0.0,0.0
01/06/2021,0.082655143,0.000729286,0.913350143,4.04e-05,0.000482286,0.000257086,0.0,0.0,1.49e-05,9.57e-05,0.0,0.0,0.0,0.0,0.0,0.000724429,0.0,0.0
02/06/2021,0.075965714,0.000698429,0.920273714,3.23e-05,0.000469429,0.000216129,0.0,0.0,2.24e-05,8.7e-05,0.0,0.0,0.0,0.0,0.0,0.000663143,0.0,0.0
03/06/2021,0.069276286,0.000667571,0.927197286,2.42e-05,0.000456571,0.000175171,0.0,0.0,2.99e-05,7.83e-05,0.0,0.0,0.0,0.0,0.0,0.000601857,0.0,0.0
04/06/2021,0.062586857,0.000636714,0.934120857,1.61e-05,0.000443714,0.000134214,0.0,0.0,3.74e-05,6.96e-05,0.0,0.0,0.0,0.0,0.0,0.000540571,0.0,0.0
05/06/2021,0.055897429,0.000605857,0.941044429,8.07e-06,0.000430857,9.33e-05,0.0,0.0,4.48e-05,6.1e-05,0.0,0.0,0.0,0.0,0.0,0.000479286,0.0,0.0
06/06/2021,0.049208,0.000575,0.947968,0.0,0.000418,5.23e-05,0.0,0.0,5.23e-05,5.23e-05,0.0,0.0,0.0,0.0,0.0,0.000418,0.0,0.0
07/06/2021,0.044631857,0.000512429,0.952702143,9.81e-06,0.0003681,4.48e-05,0.0,0.0,6.44e-05,5.46e-05,0.0,0.0,0.0,0.0,0.0,0.000427,0.0,0.0
08/06/2021,0.040055714,0.000449857,0.957436286,1.96e-05,0.0003182,3.74e-05,0.0,0.0,7.65e-05,5.7e-05,0.0,0.0,0.0,0.0,0.0,0.000436,0.0,0.0
09/06/2021,0.035479571,0.000387286,0.962170429,2.94e-05,0.0002683,2.99e-05,0.0,0.0,8.86e-05,5.93e-05,0.0,0.0,0.0,0.0,0.0,0.000445,0.0,0.0
10/06/2021,0.030903429,0.000324714,0.966904571,3.93e-05,0.0002184,2.24e-05,0.0,0.0,0.0001007,6.17e-05,0.0,0.0,0.0,0.0,0.0,0.000454,0.0,0.0
11/06/2021,0.026327286,0.000262143,0.971638714,4.91e-05,0.0001685,1.49e-05,0.0,0.0,0.0001128,6.4e-05,0.0,0.0,0.0,0.0,0.0,0.000463,0.0,0.0
12/06/2021,0.021751143,0.000199571,0.976372857,5.89e-05,0.0001186,7.47e-06,0.0,0.0,0.0001249,6.64e-05,0.0,0.0,0.0,0.0,0.0,0.000472,0.0,0.0
13/06/2021,0.017175,0.000137,0.981107,6.87e-05,6.87e-05,0.0,0.0,0.0,0.000137,6.87e-05,0.0,0.0,0.0,0.0,0.0,0.000481,0.0,0.0
14/06/2021,0.016174429,0.000155429,0.981934571,5.89e-05,7.42e-05,0.0,0.0,0.0,0.000117429,8.93e-05,0.0,0.0,0.0,0.0,0.0,0.000488429,0.0,0.0
15/06/2021,0.015173857,0.000173857,0.982762143,4.91e-05,7.96e-05,0.0,0.0,0.0,9.79e-05,0.000109929,0.0,0.0,0.0,0.0,0.0,0.000495857,0.0,0.0
16/06/2021,0.014173286,0.000192286,0.983589714,3.93e-05,8.51e-05,0.0,0.0,0.0,7.83e-05,0.000130543,0.0,0.0,0.0,0.0,0.0,0.000503286,0.0,0.0
17/06/2021,0.013172714,0.000210714,0.984417286,2.94e-05,9.06e-05,0.0,0.0,0.0,5.87e-05,0.000151157,0.0,0.0,0.0,0.0,0.0,0.000510714,0.0,0.0
18/06/2021,0.012172143,0.000229143,0.985244857,1.96e-05,9.61e-05,0.0,0.0,0.0,3.91e-05,0.000171771,0.0,0.0,0.0,0.0,0.0,0.000518143,0.0,0.0
19/06/2021,0.011171571,0.000247571,0.986072429,9.81e-06,0.000101529,0.0,0.0,0.0,1.96e-05,0.000192386,0.0,0.0,0.0,0.0,0.0,0.000525571,0.0,0.0
20/06/2021,0.010171,0.000266,0.9869,0.0,0.000107,0.0,0.0,0.0,0.0,0.000213,0.0,0.0,0.0,0.0,0.0,0.000533,0.0,0.0
21/06/2021,0.009607429,0.000228,0.987350857,0.0,9.17e-05,6.17e-06,0.0,0.0,0.0,0.000207286,0.0,0.0,0.0,0.0,0.0,0.000592714,0.0,0.0
22/06/2021,0.009043857,0.00019,0.987801714,0.0,7.64e-05,1.23e-05,0.0,0.0,0.0,0.000201571,0.0,0.0,0.0,0.0,0.0,0.000652429,0.0,0.0
23/06/2021,0.008480286,0.000152,0.988252571,0.0,6.11e-05,1.85e-05,0.0,0.0,0.0,0.000195857,0.0,0.0,0.0,0.0,0.0,0.000712143,0.0,0.0
24/06/2021,0.007916714,0.000114,0.988703429,0.0,4.59e-05,2.47e-05,0.0,0.0,0.0,0.000190143,0.0,0.0,0.0,0.0,0.0,0.000771857,0.0,0.0
25/06/2021,0.007353143,7.6e-05,0.989154286,0.0,3.06e-05,3.09e-05,0.0,0.0,0.0,0.000184429,0.0,0.0,0.0,0.0,0.0,0.000831571,0.0,0.0
26/06/2021,0.006789571,3.8e-05,0.989605143,0.0,1.53e-05,3.7e-05,0.0,0.0,0.0,0.000178714,0.0,0.0,0.0,0.0,0.0,0.000891286,0.0,0.0
27/06/2021,0.006226,0.0,0.990056,0.0,0.0,4.32e-05,0.0,0.0,0.0,0.000173,0.0,0.0,0.0,0.0,0.0,0.000951,0.0,0.0
28/06/2021,0.005682286,0.0,0.990288571,0.0,1.89e-05,3.7e-05,0.0,0.0,0.0,0.000186,0.0,0.0,0.0,0.0,0.0,0.000922,0.0,0.0
29/06/2021,0.005138571,0.0,0.990521143,0.0,3.77e-05,3.09e-05,0.0,0.0,0.0,0.000199,0.0,0.0,0.0,0.0,0.0,0.000893,0.0,0.0
30/06/2021,0.004594857,0.0,0.990753714,0.0,5.66e-05,2.47e-05,0.0,0.0,0.0,0.000212,0.0,0.0,0.0,0.0,0.0,0.000864,0.0,0.0
01/07/2021,0.004051143,0.0,0.990986286,0.0,7.54e-05,1.85e-05,0.0,0.0,0.0,0.000225,0.0,0.0,0.0,0.0,0.0,0.000835,0.0,0.0
02/07/2021,0.003507429,0.0,0.991218857,0.0,9.43e-05,1.23e-05,0.0,0.0,0.0,0.000238,0.0,0.0,0.0,0.0,0.0,0.000806,0.0,0.0
03/07/2021,0.002963714,0.0,0.991451429,0.0,0.000113143,6.17e-06,0.0,0.0,0.0,0.000251,0.0,0.0,0.0,0.0,0.0,0.000777,0.0,0.0
04/07/2021,0.00242,0.0,0.991684,0.0,0.000132,0.0,0.0,0.0,0.0,0.000264,0.0,0.0,0.0,0.0,0.0,0.000748,0.0,0.0
05/07/2021,0.002231571,1.5e-05,0.991247429,0.0,0.000135571,0.0,0.0,0.0,0.0,0.000286143,0.0,0.0,0.0,0.0,0.0,0.000805857,0.0,0.0
06/07/2021,0.002043143,3e-05,0.990810857,0.0,0.000139143,0.0,0.0,0.0,0.0,0.000308286,0.0,0.0,0.0,0.0,0.0,0.000863714,0.0,0.0
07/07/2021,0.001854714,4.5e-05,0.990374286,0.0,0.000142714,0.0,0.0,0.0,0.0,0.000330429,0.0,0.0,0.0,0.0,0.0,0.000921571,0.0,0.0
08/07/2021,0.001666286,6e-05,0.989937714,0.0,0.000146286,0.0,0.0,0.0,0.0,0.000352571,0.0,0.0,0.0,0.0,0.0,0.000979429,0.0,0.0
09/07/2021,0.001477857,7.5e-05,0.989501143,0.0,0.000149857,0.0,0.0,0.0,0.0,0.000374714,0.0,0.0,0.0,0.0,0.0,0.001037286,0.0,0.0
10/07/2021,0.001289429,9e-05,0.989064571,0.0,0.000153429,0.0,0.0,0.0,0.0,0.000396857,0.0,0.0,0.0,0.0,0.0,0.001095143,0.0,0.0
11/07/2021,0.001101,0.000105,0.988628,0.0,0.000157,0.0,0.0,0.0,0.0,0.000419,0.0,0.0,0.0,0.0,0.0,0.001153,0.0,0.0
12/07/2021,0.001049714,9.5e-05,0.988425,0.0,0.000149714,0.0,0.0,0.0,0.0,0.000394429,0.0,0.0,0.0,0.0,0.0,0.001271,0.0,0.0
13/07/2021,0.000998429,8.51e-05,0.988222,0.0,0.000142429,0.0,0.0,0.0,0.0,0.000369857,0.0,0.0,0.0,0.0,0.0,0.001389,0.0,0.0
14/07/2021,0.000947143,7.51e-05,0.988019,0.0,0.000135143,0.0,0.0,0.0,0.0,0.000345286,0.0,0.0,0.0,0.0,0.0,0.001507,0.0,0.0
15/07/2021,0.000895857,6.52e-05,0.987816,0.0,0.000127857,0.0,0.0,0.0,0.0,0.000320714,0.0,0.0,0.0,0.0,0.0,0.001625,0.0,0.0
16/07/2021,0.000844571,5.52e-05,0.987613,0.0,0.000120571,0.0,0.0,0.0,0.0,0.000296143,0.0,0.0,0.0,0.0,0.0,0.001743,0.0,0.0
17/07/2021,0.000793286,4.53e-05,0.98741,0.0,0.000113286,0.0,0.0,0.0,0.0,0.000271571,0.0,0.0,0.0,0.0,0.0,0.001861,0.0,0.0
18/07/2021,0.000742,3.53e-05,0.987207,0.0,0.000106,0.0,0.0,0.0,0.0,0.000247,0.0,0.0,0.0,0.0,0.0,0.001979,0.0,0.0
19/07/2021,0.000693571,4.47e-05,0.987061143,0.0,0.000100457,0.0,0.0,0.0,0.0,0.000226143,0.0,0.0,0.0,0.0,0.0,0.001888286,0.0,0.0
20/07/2021,0.000645143,5.41e-05,0.986915286,0.0,9.49e-05,0.0,0.0,0.0,0.0,0.000205286,0.0,0.0,0.0,0.0,0.0,0.001797571,0.0,0.0
21/07/2021,0.000596714,6.35e-05,0.986769429,0.0,8.94e-05,0.0,0.0,0.0,0.0,0.000184429,0.0,0.0,0.0,0.0,0.0,0.001706857,0.0,0.0
22/07/2021,0.000548286,7.28e-05,0.986623571,0.0,8.38e-05,0.0,0.0,0.0,0.0,0.000163571,0.0,0.0,0.0,0.0,0.0,0.001616143,0.0,0.0
23/07/2021,0.000499857,8.22e-05,0.986477714,0.0,7.83e-05,0.0,0.0,0.0,0.0,0.000142714,0.0,0.0,0.0,0.0,0.0,0.001525429,0.0,0.0
24/07/2021,0.000451429,9.16e-05,0.986331857,0.0,7.27e-05,0.0,0.0,0.0,0.0,0.000121857,0.0,0.0,0.0,0.0,0.0,0.001434714,0.0,0.0
25/07/2021,0.000403,0.000101,0.986186,0.0,6.72e-05,0.0,0.0,0.0,0.0,0.000101,0.0,0.0,0.0,0.0,0.0,0.001344,0.0,0.0
26/07/2021,0.000399286,9.64e-05,0.985941429,0.0,6.25e-05,4.9e-06,0.0,0.0,0.0,9.64e-05,0.0,0.0,0.0,0.0,0.0,0.001489857,0.0,0.0
27/07/2021,0.000395571,9.17e-05,0.985696857,0.0,5.78e-05,9.8e-06,0.0,0.0,0.0,9.17e-05,0.0,0.0,0.0,0.0,0.0,0.001635714,0.0,0.0
28/07/2021,0.000391857,8.71e-05,0.985452286,0.0,5.31e-05,1.47e-05,0.0,0.0,0.0,8.71e-05,0.0,0.0,0.0,0.0,0.0,0.001781571,0.0,0.0
29/07/2021,0.000388143,8.24e-05,0.985207714,0.0,4.84e-05,1.96e-05,0.0,0.0,0.0,8.24e-05,0.0,0.0,0.0,0.0,0.0,0.001927429,0.0,0.0
30/07/2021,0.000384429,7.78e-05,0.984963143,0.0,4.37e-05,2.45e-05,0.0,0.0,0.0,7.78e-05,0.0,0.0,0.0,0.0,0.0,0.002073286,0.0,0.0
31/07/2021,0.000380714,7.31e-05,0.984718571,0.0,3.9e-05,2.94e-05,0.0,0.0,0.0,7.31e-05,0.0,0.0,0.0,0.0,0.0,0.002219143,0.0,0.0
01/08/2021,0.000377,6.85e-05,0.984474,0.0,3.43e-05,3.43e-05,0.0,0.0,0.0,6.85e-05,0.0,0.0,0.0,0.0,0.0,0.002365,0.0,0.0
02/08/2021,0.000359714,6.39e-05,0.981330857,0.0,3.46e-05,2.94e-05,0.0,0.0,0.0,8.49e-05,0.0,0.0,0.0,0.0,0.0,0.004511571,0.0,0.0
03/08/2021,0.000342429,5.94e-05,0.978187714,0.0,3.5e-05,2.45e-05,0.0,0.0,0.0,0.000101214,0.0,0.0,0.0,0.0,0.0,0.006658143,0.0,0.0
04/08/2021,0.000325143,5.48e-05,0.975044571,0.0,3.53e-05,1.96e-05,0.0,0.0,0.0,0.000117571,0.0,0.0,0.0,0.0,0.0,0.008804714,0.0,0.0
05/08/2021,0.000307857,5.03e-05,0.971901429,0.0,3.56e-05,1.47e-05,0.0,0.0,0.0,0.000133929,0.0,0.0,0.0,0.0,0.0,0.010951286,0.0,0.0
06/08/2021,0.000290571,4.57e-05,0.968758286,0.0,3.59e-05,9.8e-06,0.0,0.0,0.0,0.000150286,0.0,0.0,0.0,0.0,0.0,0.013097857,0.0,0.0
07/08/2021,0.000273286,4.12e-05,0.965615143,0.0,3.63e-05,4.9e-06,0.0,0.0,0.0,0.000166643,0.0,0.0,0.0,0.0,0.0,0.015244429,0.0,0.0
08/08/2021,0.000256,3.66e-05,0.962472,0.0,3.66e-05,0.0,0.0,0.0,0.0,0.000183,0.0,0.0,0.0,0.0,0.0,0.017391,0.0,0.0
09/08/2021,0.000233229,3.6e-05,0.964304143,0.0,3.14e-05,4.6e-06,0.0,0.0,0.0,0.000156857,0.0,0.0,0.0,0.0,0.0,0.015173429,0.0,0.0
10/08/2021,0.000210457,3.53e-05,0.966136286,0.0,2.61e-05,9.2e-06,0.0,0.0,0.0,0.000130714,0.0,0.0,0.0,0.0,0.0,0.012955857,0.0,0.0
11/08/2021,0.000187686,3.47e-05,0.967968429,0.0,2.09e-05,1.38e-05,0.0,0.0,0.0,0.000104571,0.0,0.0,0.0,0.0,0.0,0.010738286,0.0,0.0
12/08/2021,0.000164914,3.41e-05,0.969800571,0.0,1.57e-05,1.84e-05,0.0,0.0,0.0,7.84e-05,0.0,0.0,0.0,0.0,0.0,0.008520714,0.0,0.0
13/08/2021,0.000142143,3.35e-05,0.971632714,0.0,1.05e-05,2.3e-05,0.0,0.0,0.0,5.23e-05,0.0,0.0,0.0,0.0,0.0,0.006303143,0.0,0.0
14/08/2021,0.000119371,3.28e-05,0.973464857,0.0,5.23e-06,2.76e-05,0.0,0.0,0.0,2.61e-05,0.0,0.0,0.0,0.0,0.0,0.004085571,0.0,0.0
15/08/2021,9.66e-05,3.22e-05,0.975297,0.0,0.0,3.22e-05,0.0,0.0,0.0,0.0,0.0,0.0,0.0,0.0,0.0,0.001868,0.0,0.0
16/08/2021,0.000105229,3.21e-05,0.974191571,0.0,0.0,2.76e-05,0.0,0.0,0.0,0.0,0.0,0.0,0.0,0.0,0.0,0.001686571,0.0,0.0
17/08/2021,0.000113857,3.2e-05,0.973086143,0.0,0.0,2.3e-05,0.0,0.0,0.0,0.0,0.0,0.0,0.0,0.0,0.0,0.001505143,0.0,0.0
18/08/2021,0.000122486,3.19e-05,0.971980714,0.0,0.0,1.84e-05,0.0,0.0,0.0,0.0,0.0,0.0,0.0,0.0,0.0,0.001323714,0.0,0.0
19/08/2021,0.000131114,3.18e-05,0.970875286,0.0,0.0,1.38e-05,0.0,0.0,0.0,0.0,0.0,0.0,0.0,0.0,0.0,0.001142286,0.0,0.0
20/08/2021,0.000139743,3.17e-05,0.969769857,0.0,0.0,9.2e-06,0.0,0.0,0.0,0.0,0.0,0.0,0.0,0.0,0.0,0.000960857,0.0,0.0
21/08/2021,0.000148371,3.16e-05,0.968664429,0.0,0.0,4.6e-06,0.0,0.0,0.0,0.0,0.0,0.0,0.0,0.0,0.0,0.000779429,0.0,0.0
22/08/2021,0.000157,3.15e-05,0.967559,0.0,0.0,0.0,0.0,0.0,0.0,0.0,0.0,0.0,0.0,0.0,0.0,0.000598,0.0,0.0
23/08/2021,0.000157429,2.7e-05,0.967231143,0.0,4.56e-06,0.0,0.0,0.0,0.0,0.0,0.0,0.0,0.0,0.0,0.0,0.000654,0.0,0.0
24/08/2021,0.000157857,2.25e-05,0.966903286,0.0,9.11e-06,0.0,0.0,0.0,0.0,0.0,0.0,0.0,0.0,0.0,0.0,0.00071,0.0,0.0
25/08/2021,0.000158286,1.8e-05,0.966575429,0.0,1.37e-05,0.0,0.0,0.0,0.0,0.0,0.0,0.0,0.0,0.0,0.0,0.000766,0.0,0.0
26/08/2021,0.000158714,1.35e-05,0.966247571,0.0,1.82e-05,0.0,0.0,0.0,0.0,0.0,0.0,0.0,0.0,0.0,0.0,0.000822,0.0,0.0
27/08/2021,0.000159143,9e-06,0.965919714,0.0,2.28e-05,0.0,0.0,0.0,0.0,0.0,0.0,0.0,0.0,0.0,0.0,0.000878,0.0,0.0
28/08/2021,0.000159571,4.5e-06,0.965591857,0.0,2.73e-05,0.0,0.0,0.0,0.0,0.0,0.0,0.0,0.0,0.0,0.0,0.000934,0.0,0.0
29/08/2021,0.00016,0.0,0.965264,0.0,3.19e-05,0.0,0.0,0.0,0.0,0.0,0.0,0.0,0.0,0.0,0.0,0.00099,0.0,0.0
30/08/2021,0.000152429,0.0,0.964200286,0.0,2.73e-05,0.0,0.0,0.0,0.0,0.0,0.0,0.0,0.0,0.0,0.0,0.001031429,0.0,0.0
31/08/2021,0.000144857,0.0,0.963136571,0.0,2.28e-05,0.0,0.0,0.0,0.0,0.0,0.0,0.0,0.0,0.0,0.0,0.001072857,0.0,0.0
01/09/2021,0.000137286,0.0,0.962072857,0.0,1.82e-05,0.0,0.0,0.0,0.0,0.0,0.0,0.0,0.0,0.0,0.0,0.001114286,0.0,0.0
02/09/2021,0.000129714,0.0,0.961009143,0.0,1.37e-05,0.0,0.0,0.0,0.0,0.0,0.0,0.0,0.0,0.0,0.0,0.001155714,0.0,0.0
03/09/2021,0.000122143,0.0,0.959945429,0.0,9.11e-06,0.0,0.0,0.0,0.0,0.0,0.0,0.0,0.0,0.0,0.0,0.001197143,0.0,0.0
04/09/2021,0.000114571,0.0,0.958881714,0.0,4.56e-06,0.0,0.0,0.0,0.0,0.0,0.0,0.0,0.0,0.0,0.0,0.001238571,0.0,0.0
05/09/2021,0.000107,0.0,0.957818,0.0,0.0,0.0,0.0,0.0,0.0,0.0,0.0,0.0,0.0,0.0,0.0,0.00128,0.0,0.0
06/09/2021,0.000115429,0.0,0.956235714,0.0,0.0,4.74e-06,0.0,0.0,0.0,0.0,0.0,0.0,0.0,0.0,0.0,0.001239286,0.0,0.0
07/09/2021,0.000123857,0.0,0.954653429,0.0,0.0,9.49e-06,0.0,0.0,0.0,0.0,0.0,0.0,0.0,0.0,0.0,0.001198571,0.0,0.0
08/09/2021,0.000132286,0.0,0.953071143,0.0,0.0,1.42e-05,0.0,0.0,0.0,0.0,0.0,0.0,0.0,0.0,0.0,0.001157857,0.0,0.0
09/09/2021,0.000140714,0.0,0.951488857,0.0,0.0,1.9e-05,0.0,0.0,0.0,0.0,0.0,0.0,0.0,0.0,0.0,0.001117143,0.0,0.0
10/09/2021,0.000149143,0.0,0.949906571,0.0,0.0,2.37e-05,0.0,0.0,0.0,0.0,0.0,0.0,0.0,0.0,0.0,0.001076429,0.0,0.0
11/09/2021,0.000157571,0.0,0.948324286,0.0,0.0,2.85e-05,0.0,0.0,0.0,0.0,0.0,0.0,0.0,0.0,0.0,0.001035714,0.0,0.0
12/09/2021,0.000166,0.0,0.946742,0.0,0.0,3.32e-05,0.0,0.0,0.0,0.0,0.0,0.0,0.0,0.0,0.0,0.000995,0.0,0.0
13/09/2021,0.000161857,0.0,0.945032,0.0,0.0,2.85e-05,0.0,0.0,0.0,0.0,0.0,0.0,0.0,0.0,0.0,0.000906714,0.0,0.0
14/09/2021,0.000157714,0.0,0.943322,0.0,0.0,2.37e-05,0.0,0.0,0.0,0.0,0.0,0.0,0.0,0.0,0.0,0.000818429,0.0,0.0
15/09/2021,0.000153571,0.0,0.941612,0.0,0.0,1.9e-05,0.0,0.0,0.0,0.0,0.0,0.0,0.0,0.0,0.0,0.000730143,0.0,0.0
16/09/2021,0.000149429,0.0,0.939902,0.0,0.0,1.42e-05,0.0,0.0,0.0,0.0,0.0,0.0,0.0,0.0,0.0,0.000641857,0.0,0.0
17/09/2021,0.000145286,0.0,0.938192,0.0,0.0,9.49e-06,0.0,0.0,0.0,0.0,0.0,0.0,0.0,0.0,0.0,0.000553571,0.0,0.0
18/09/2021,0.000141143,0.0,0.936482,0.0,0.0,4.74e-06,0.0,0.0,0.0,0.0,0.0,0.0,0.0,0.0,0.0,0.000465286,0.0,0.0
19/09/2021,0.000137,0.0,0.934772,0.0,0.0,0.0,0.0,0.0,0.0,0.0,0.0,0.0,0.0,0.0,0.0,0.000377,0.0,0.0
20/09/2021,0.000117429,0.0,0.932824,0.0,0.0,0.0,0.0,0.0,0.0,0.0,0.0,0.0,0.0,0.0,0.0,0.000422857,0.0,0.0
21/09/2021,9.79e-05,0.0,0.930876,0.0,0.0,0.0,0.0,0.0,0.0,0.0,0.0,0.0,0.0,0.0,0.0,0.000468714,0.0,0.0
22/09/2021,7.83e-05,0.0,0.928928,0.0,0.0,0.0,0.0,0.0,0.0,0.0,0.0,0.0,0.0,0.0,0.0,0.000514571,0.0,0.0
23/09/2021,5.87e-05,0.0,0.92698,0.0,0.0,0.0,0.0,0.0,0.0,0.0,0.0,0.0,0.0,0.0,0.0,0.000560429,0.0,0.0
24/09/2021,3.91e-05,0.0,0.925032,0.0,0.0,0.0,0.0,0.0,0.0,0.0,0.0,0.0,0.0,0.0,0.0,0.000606286,0.0,0.0
25/09/2021,1.96e-05,0.0,0.923084,0.0,0.0,0.0,0.0,0.0,0.0,0.0,0.0,0.0,0.0,0.0,0.0,0.000652143,0.0,0.0
26/09/2021,0.0,0.0,0.921136,0.0,0.0,0.0,0.0,0.0,0.0,0.0,0.0,0.0,0.0,0.0,0.0,0.000698,0.0,0.0
27/09/2021,9.01e-06,0.0,0.920070429,0.0,9.01e-06,0.0,0.0,0.0,0.0,0.0,0.0,0.0,0.0,0.0,0.0,0.000747,0.0,0.0
28/09/2021,1.8e-05,0.0,0.919004857,0.0,1.8e-05,0.0,0.0,0.0,0.0,0.0,0.0,0.0,0.0,0.0,0.0,0.000796,0.0,0.0
29/09/2021,2.7e-05,0.0,0.917939286,0.0,2.7e-05,0.0,0.0,0.0,0.0,0.0,0.0,0.0,0.0,0.0,0.0,0.000845,0.0,0.0
30/09/2021,3.61e-05,0.0,0.916873714,0.0,3.61e-05,0.0,0.0,0.0,0.0,0.0,0.0,0.0,0.0,0.0,0.0,0.000894,0.0,0.0
01/10/2021,4.51e-05,0.0,0.915808143,0.0,4.51e-05,0.0,0.0,0.0,0.0,0.0,0.0,0.0,0.0,0.0,0.0,0.000943,0.0,0.0
02/10/2021,5.41e-05,0.0,0.914742571,0.0,5.41e-05,0.0,0.0,0.0,0.0,0.0,0.0,0.0,0.0,0.0,0.0,0.000992,0.0,0.0
03/10/2021,6.31e-05,0.0,0.913677,0.0,6.31e-05,0.0,0.0,0.0,0.0,0.0,0.0,0.0,0.0,0.0,0.0,0.001041,0.0,0.0
04/10/2021,6.87e-05,0.0,0.912882286,0.0,5.41e-05,0.0,0.0,0.0,0.0,0.0,0.0,0.0,0.0,0.0,0.0,0.001042429,0.0,0.0
05/10/2021,7.42e-05,0.0,0.912087571,0.0,4.51e-05,0.0,0.0,0.0,0.0,0.0,0.0,0.0,0.0,0.0,0.0,0.001043857,0.0,0.0
06/10/2021,7.98e-05,0.0,0.911292857,0.0,3.61e-05,0.0,0.0,0.0,0.0,0.0,0.0,0.0,0.0,0.0,0.0,0.001045286,0.0,0.0
07/10/2021,8.53e-05,0.0,0.910498143,0.0,2.7e-05,0.0,0.0,0.0,0.0,0.0,0.0,0.0,0.0,0.0,0.0,0.001046714,0.0,0.0
08/10/2021,9.09e-05,0.0,0.909703429,0.0,1.8e-05,0.0,0.0,0.0,0.0,0.0,0.0,0.0,0.0,0.0,0.0,0.001048143,0.0,0.0
09/10/2021,9.64e-05,0.0,0.908908714,0.0,9.01e-06,0.0,0.0,0.0,0.0,0.0,0.0,0.0,0.0,0.0,0.0,0.001049571,0.0,0.0
10/10/2021,0.000102,0.0,0.908114,0.0,0.0,0.0,0.0,0.0,0.0,0.0,0.0,0.0,0.0,0.0,0.0,0.001051,0.0,0.0
11/10/2021,9.16e-05,0.0,0.905543143,0.0,0.0,0.0,0.0,0.0,0.0,4.19e-06,0.0,0.0,0.0,0.0,0.0,0.001030857,0.0,0.0
12/10/2021,8.12e-05,0.0,0.902972286,0.0,0.0,0.0,0.0,0.0,0.0,8.37e-06,0.0,0.0,0.0,0.0,0.0,0.001010714,0.0,0.0
13/10/2021,7.08e-05,0.0,0.900401429,0.0,0.0,0.0,0.0,0.0,0.0,1.26e-05,0.0,0.0,0.0,0.0,0.0,0.000990571,0.0,0.0
14/10/2021,6.05e-05,0.0,0.897830571,0.0,0.0,0.0,0.0,0.0,0.0,1.67e-05,0.0,0.0,0.0,0.0,0.0,0.000970429,0.0,0.0
15/10/2021,5.01e-05,0.0,0.895259714,0.0,0.0,0.0,0.0,0.0,0.0,2.09e-05,0.0,0.0,0.0,0.0,0.0,0.000950286,0.0,0.0
16/10/2021,3.97e-05,0.0,0.892688857,0.0,0.0,0.0,0.0,0.0,0.0,2.51e-05,0.0,0.0,0.0,0.0,0.0,0.000930143,0.0,0.0
17/10/2021,2.93e-05,0.0,0.890118,0.0,0.0,0.0,0.0,0.0,0.0,2.93e-05,0.0,0.0,0.0,0.0,0.0,0.00091,0.0,0.0
18/10/2021,2.94e-05,0.0,0.888250714,0.0,0.0,0.0,0.0,0.0,0.0,2.51e-05,0.0,0.0,0.0,0.0,0.0,0.000899571,0.0,0.0
19/10/2021,2.95e-05,0.0,0.886383429,0.0,0.0,0.0,0.0,0.0,0.0,2.09e-05,0.0,0.0,0.0,0.0,0.0,0.000889143,0.0,0.0
20/10/2021,2.96e-05,0.0,0.884516143,0.0,0.0,0.0,0.0,0.0,0.0,1.67e-05,0.0,0.0,0.0,0.0,0.0,0.000878714,0.0,0.0
21/10/2021,2.96e-05,0.0,0.882648857,0.0,0.0,0.0,0.0,0.0,0.0,1.26e-05,0.0,0.0,0.0,0.0,0.0,0.000868286,0.0,0.0
22/10/2021,2.97e-05,0.0,0.880781571,0.0,0.0,0.0,0.0,0.0,0.0,8.37e-06,0.0,0.0,0.0,0.0,0.0,0.000857857,0.0,0.0
23/10/2021,2.98e-05,0.0,0.878914286,0.0,0.0,0.0,0.0,0.0,0.0,4.19e-06,0.0,0.0,0.0,0.0,0.0,0.000847429,0.0,0.0
24/10/2021,2.99e-05,0.0,0.877047,0.0,0.0,0.0,0.0,0.0,0.0,0.0,0.0,0.0,0.0,0.0,0.0,0.000837,0.0,0.0
25/10/2021,2.95e-05,0.0,0.873588286,0.0,0.0,0.0,0.0,0.0,0.0,0.0,2.31e-05,0.0,0.0,0.0,0.0,0.000786714,0.0,2.31e-05
26/10/2021,2.91e-05,0.0,0.870129571,0.0,0.0,0.0,0.0,0.0,0.0,0.0,4.63e-05,0.0,0.0,0.0,0.0,0.000736429,0.0,4.63e-05
27/10/2021,2.87e-05,0.0,0.866670857,0.0,0.0,0.0,0.0,0.0,0.0,0.0,6.94e-05,0.0,0.0,0.0,0.0,0.000686143,0.0,6.94e-05
28/10/2021,2.82e-05,0.0,0.863212143,0.0,0.0,0.0,0.0,0.0,0.0,0.0,9.26e-05,0.0,0.0,0.0,0.0,0.000635857,0.0,9.26e-05
29/10/2021,2.78e-05,0.0,0.859753429,0.0,0.0,0.0,0.0,0.0,0.0,0.0,0.000115714,0.0,0.0,0.0,0.0,0.000585571,0.0,0.000115714
30/10/2021,2.74e-05,0.0,0.856294714,0.0,0.0,0.0,0.0,0.0,0.0,0.0,0.000138857,0.0,0.0,0.0,0.0,0.000535286,0.0,0.000138857
31/10/2021,2.7e-05,0.0,0.852836,0.0,0.0,0.0,0.0,0.0,0.0,0.0,0.000162,0.0,0.0,0.0,0.0,0.000485,0.0,0.000162
01/11/2021,2.65e-05,3.31e-06,0.849396429,0.0,0.0,0.0,0.0,0.0,0.0,0.0,0.000142171,0.0,0.0,0.0,0.0,0.000502,0.0,0.000142171
02/11/2021,2.59e-05,6.63e-06,0.845956857,0.0,0.0,0.0,0.0,0.0,0.0,0.0,0.000122343,0.0,0.0,0.0,0.0,0.000519,0.0,0.000122343
03/11/2021,2.54e-05,9.94e-06,0.842517286,0.0,0.0,0.0,0.0,0.0,0.0,0.0,0.000102514,0.0,0.0,0.0,0.0,0.000536,0.0,0.000102514
04/11/2021,2.48e-05,1.33e-05,0.839077714,0.0,0.0,0.0,0.0,0.0,0.0,0.0,8.27e-05,0.0,0.0,0.0,0.0,0.000553,0.0,8.27e-05
05/11/2021,2.43e-05,1.66e-05,0.835638143,0.0,0.0,0.0,0.0,0.0,0.0,0.0,6.29e-05,0.0,0.0,0.0,0.0,0.00057,0.0,6.29e-05
06/11/2021,2.37e-05,1.99e-05,0.832198571,0.0,0.0,0.0,0.0,0.0,0.0,0.0,4.3e-05,0.0,0.0,0.0,0.0,0.000587,0.0,4.3e-05
07/11/2021,2.32e-05,2.32e-05,0.828759,0.0,0.0,0.0,0.0,0.0,0.0,0.0,2.32e-05,0.0,0.0,0.0,0.0,0.000604,0.0,2.32e-05
08/11/2021,1.99e-05,1.99e-05,0.825119429,0.0,0.0,0.0,0.0,0.0,0.0,0.0,4.59e-05,0.0,0.0,0.0,0.0,0.000631571,0.0,4.59e-05
09/11/2021,1.66e-05,1.66e-05,0.821479857,0.0,0.0,0.0,0.0,0.0,0.0,0.0,6.86e-05,0.0,0.0,0.0,0.0,0.000659143,0.0,6.86e-05
10/11/2021,1.33e-05,1.33e-05,0.817840286,0.0,0.0,0.0,0.0,0.0,0.0,0.0,9.13e-05,0.0,0.0,0.0,0.0,0.000686714,0.0,9.13e-05
11/11/2021,9.94e-06,9.94e-06,0.814200714,0.0,0.0,0.0,0.0,0.0,0.0,0.0,0.000113943,0.0,0.0,0.0,0.0,0.000714286,0.0,0.000113943
12/11/2021,6.63e-06,6.63e-06,0.810561143,0.0,0.0,0.0,0.0,0.0,0.0,0.0,0.000136629,0.0,0.0,0.0,0.0,0.000741857,0.0,0.000136629
13/11/2021,3.31e-06,3.31e-06,0.806921571,0.0,0.0,0.0,0.0,0.0,0.0,0.0,0.000159314,0.0,0.0,0.0,0.0,0.000769429,0.0,0.000159314
14/11/2021,0.0,0.0,0.803282,0.0,0.0,0.0,0.0,0.0,0.0,0.0,0.000182,0.0,0.0,0.0,0.0,0.000797,0.0,0.000182
15/11/2021,2.97e-06,0.0,0.800623143,0.0,0.0,0.0,0.0,0.0,0.0,0.0,0.000435571,0.0,0.0,0.0,0.0,0.000739714,0.0,0.000435571
16/11/2021,5.94e-06,0.0,0.797964286,0.0,0.0,0.0,0.0,0.0,0.0,0.0,0.000689143,0.0,0.0,0.0,0.0,0.000682429,0.0,0.000689143
17/11/2021,8.91e-06,0.0,0.795305429,0.0,0.0,0.0,0.0,0.0,0.0,0.0,0.000942714,0.0,0.0,0.0,0.0,0.000625143,0.0,0.000942714
18/11/2021,1.19e-05,0.0,0.792646571,0.0,0.0,0.0,0.0,0.0,0.0,0.0,0.001196286,0.0,0.0,0.0,0.0,0.000567857,0.0,0.001196286
19/11/2021,1.49e-05,0.0,0.789987714,0.0,0.0,0.0,0.0,0.0,0.0,0.0,0.001449857,0.0,0.0,0.0,0.0,0.000510571,0.0,0.001449857
20/11/2021,1.78e-05,0.0,0.787328857,0.0,0.0,0.0,0.0,0.0,0.0,0.0,0.001703429,0.0,0.0,0.0,0.0,0.000453286,0.0,0.001703429
21/11/2021,2.08e-05,0.0,0.78467,0.0,0.0,0.0,0.0,0.0,0.0,0.0,0.001957,0.0,0.0,0.0,0.0,0.000396,0.0,0.001957
22/11/2021,1.78e-05,0.0,0.779589429,0.0,0.0,0.0,0.0,0.0,0.0,0.0,0.003678571,0.0,0.0,0.0,0.0,0.000410286,0.0,0.003678571
23/11/2021,1.49e-05,0.0,0.774508857,0.0,0.0,0.0,0.0,0.0,0.0,0.0,0.005400143,0.0,0.0,0.0,0.0,0.000424571,0.0,0.005400143
24/11/2021,1.19e-05,0.0,0.769428286,0.0,0.0,0.0,0.0,0.0,0.0,0.0,0.007121714,0.0,0.0,0.0,0.0,0.000438857,0.0,0.007121714
25/11/2021,8.91e-06,0.0,0.764347714,0.0,0.0,0.0,0.0,0.0,0.0,0.0,0.008843286,0.0,0.0,0.0,0.0,0.000453143,0.0,0.008843286
26/11/2021,5.94e-06,0.0,0.759267143,0.0,0.0,0.0,0.0,0.0,0.0,0.0,0.010564857,0.0,0.0,0.0,0.0,0.000467429,0.0,0.010564857
27/11/2021,2.97e-06,0.0,0.754186571,0.0,0.0,0.0,0.0,0.0,0.0,0.0,0.012286429,0.0,0.0,0.0,0.0,0.000481714,0.0,0.012286429
28/11/2021,0.0,0.0,0.749106,0.0,0.0,0.0,0.0,0.0,0.0,0.0,0.014008,0.0,0.0,0.0,0.0,0.000496,0.0,0.014008
29/11/2021,0.0,0.0,0.733863571,0.0,0.0,0.0,0.0,0.0,0.0,0.0,0.030934429,9.99e-06,0.0,0.0,0.0,0.000564857,0.0,0.030944419
30/11/2021,0.0,0.0,0.718621143,0.0,0.0,0.0,0.0,0.0,0.0,0.0,0.047860857,2e-05,0.0,0.0,0.0,0.000633714,0.0,0.047880857
01/12/2021,0.0,0.0,0.703378714,0.0,0.0,0.0,0.0,0.0,0.0,0.0,0.064787286,3e-05,0.0,0.0,0.0,0.000702571,0.0,0.064817286
02/12/2021,0.0,0.0,0.688136286,0.0,0.0,0.0,0.0,0.0,0.0,0.0,0.081713714,3.99e-05,0.0,0.0,0.0,0.000771429,0.0,0.081753614
03/12/2021,0.0,0.0,0.672893857,0.0,0.0,0.0,0.0,0.0,0.0,0.0,0.098640143,4.99e-05,0.0,0.0,0.0,0.000840286,0.0,0.098690043
04/12/2021,0.0,0.0,0.657651429,0.0,0.0,0.0,0.0,0.0,0.0,0.0,0.115566571,5.99e-05,0.0,0.0,0.0,0.000909143,0.0,0.11562647100000001
05/12/2021,0.0,0.0,0.642409,0.0,0.0,0.0,0.0,0.0,0.0,0.0,0.132493,6.99e-05,0.0,0.0,0.0,0.000978,0.0,0.1325629
06/12/2021,0.0,0.0,0.593947857,0.0,0.0,0.0,0.0,0.0,0.0,2.2e-06,0.196596714,5.99e-05,0.0,0.0,0.0,0.000948286,0.0,0.196656614
07/12/2021,0.0,0.0,0.545486714,0.0,0.0,0.0,0.0,0.0,0.0,4.4e-06,0.260700429,4.99e-05,0.0,0.0,0.0,0.000918571,0.0,0.260750329
08/12/2021,0.0,0.0,0.497025571,0.0,0.0,0.0,0.0,0.0,0.0,6.6e-06,0.324804143,3.99e-05,0.0,0.0,0.0,0.000888857,0.0,0.32484404299999997
09/12/2021,0.0,0.0,0.448564429,0.0,0.0,0.0,0.0,0.0,0.0,8.8e-06,0.388907857,3e-05,0.0,0.0,0.0,0.000859143,0.0,0.388937857
10/12/2021,0.0,0.0,0.400103286,0.0,0.0,0.0,0.0,0.0,0.0,1.1e-05,0.453011571,2e-05,0.0,0.0,0.0,0.000829429,0.0,0.453031571
11/12/2021,0.0,0.0,0.351642143,0.0,0.0,0.0,0.0,0.0,0.0,1.32e-05,0.517115286,9.99e-06,0.0,0.0,0.0,0.000799714,0.0,0.517125276
12/12/2021,0.0,0.0,0.303181,0.0,0.0,0.0,0.0,0.0,0.0,1.54e-05,0.581219,0.0,0.0,0.0,0.0,0.00077,0.0,0.581219
13/12/2021,0.0,0.0,0.277570429,0.0,0.0,0.0,0.0,0.0,0.0,1.32e-05,0.615944714,2.97e-05,0.0,0.0,0.0,0.000882571,0.0,0.615974414
14/12/2021,0.0,0.0,0.251959857,0.0,0.0,0.0,0.0,0.0,0.0,1.1e-05,0.650670429,5.94e-05,0.0,0.0,0.0,0.000995143,0.0,0.6507298290000001
15/12/2021,0.0,0.0,0.226349286,0.0,0.0,0.0,0.0,0.0,0.0,8.8e-06,0.685396143,8.91e-05,0.0,0.0,0.0,0.001107714,0.0,0.6854852429999999
16/12/2021,0.0,0.0,0.200738714,0.0,0.0,0.0,0.0,0.0,0.0,6.6e-06,0.720121857,0.000118857,0.0,0.0,0.0,0.001220286,0.0,0.720240714
17/12/2021,0.0,0.0,0.175128143,0.0,0.0,0.0,0.0,0.0,0.0,4.4e-06,0.754847571,0.000148571,0.0,0.0,0.0,0.001332857,0.0,0.754996142
18/12/2021,0.0,0.0,0.149517571,0.0,0.0,0.0,0.0,0.0,0.0,2.2e-06,0.789573286,0.000178286,0.0,0.0,0.0,0.001445429,0.0,0.789751572
19/12/2021,0.0,0.0,0.123907,0.0,0.0,0.0,0.0,0.0,0.0,0.0,0.824299,0.000208,0.0,0.0,0.0,0.001558,0.0,0.824507
20/12/2021,2.3e-06,0.0,0.111465714,0.0,0.0,0.0,0.0,0.0,0.0,0.0,0.841780857,0.000366857,0.0,0.0,0.0,0.001443429,0.0,0.8421477140000001
21/12/2021,4.6e-06,0.0,0.099024429,0.0,0.0,0.0,0.0,0.0,0.0,0.0,0.859262714,0.000525714,0.0,0.0,0.0,0.001328857,0.0,0.859788428
22/12/2021,6.9e-06,0.0,0.086583143,0.0,0.0,0.0,0.0,0.0,0.0,0.0,0.876744571,0.000684571,0.0,0.0,0.0,0.001214286,0.0,0.877429142
23/12/2021,9.2e-06,0.0,0.074141857,0.0,0.0,0.0,0.0,0.0,0.0,0.0,0.894226429,0.000843429,0.0,0.0,0.0,0.001099714,0.0,0.895069858
24/12/2021,1.15e-05,0.0,0.061700571,0.0,0.0,0.0,0.0,0.0,0.0,0.0,0.911708286,0.001002286,0.0,0.0,0.0,0.000985143,0.0,0.9127105719999999
25/12/2021,1.38e-05,0.0,0.049259286,0.0,0.0,0.0,0.0,0.0,0.0,0.0,0.929190143,0.001161143,0.0,0.0,0.0,0.000870571,0.0,0.930351286
26/12/2021,1.61e-05,0.0,0.036818,0.0,0.0,0.0,0.0,0.0,0.0,0.0,0.946672,0.00132,0.0,0.0,0.0,0.000756,0.0,0.947992
27/12/2021,1.75e-05,0.0,0.033877857,0.0,0.0,0.0,0.0,0.0,0.0,0.0,0.950117286,0.002003857,0.0,0.0,0.0,0.000745286,0.0,0.9521211430000001
28/12/2021,1.9e-05,0.0,0.030937714,0.0,0.0,0.0,0.0,0.0,0.0,0.0,0.953562571,0.002687714,0.0,0.0,0.0,0.000734571,0.0,0.956250285
29/12/2021,2.04e-05,0.0,0.027997571,0.0,0.0,0.0,0.0,0.0,0.0,0.0,0.957007857,0.003371571,0.0,0.0,0.0,0.000723857,0.0,0.960379428
30/12/2021,2.19e-05,0.0,0.025057429,0.0,0.0,0.0,0.0,0.0,0.0,0.0,0.960453143,0.004055429,0.0,0.0,0.0,0.000713143,0.0,0.964508572
31/12/2021,2.33e-05,0.0,0.022117286,0.0,0.0,0.0,0.0,0.0,0.0,0.0,0.963898429,0.004739286,0.0,0.0,0.0,0.000702429,0.0,0.968637715
01/01/2022,2.48e-05,0.0,0.019177143,0.0,0.0,0.0,0.0,0.0,0.0,0.0,0.967343714,0.005423143,0.0,0.0,0.0,0.000691714,0.0,0.972766857
02/01/2022,2.62e-05,0.0,0.016237,0.0,0.0,0.0,0.0,0.0,0.0,0.0,0.970789,0.006107,0.0,0.0,0.0,0.000681,0.0,0.976896
03/01/2022,2.72e-05,0.0,0.015029429,0.0,0.0,0.0,0.0,0.0,0.0,0.0,0.971241857,0.007418571,0.0,0.0,0.0,0.000666143,0.0,0.978660428
04/01/2022,2.81e-05,0.0,0.013821857,0.0,0.0,0.0,0.0,0.0,0.0,0.0,0.971694714,0.008730143,0.0,0.0,0.0,0.000651286,0.0,0.9804248569999999
05/01/2022,2.91e-05,0.0,0.012614286,0.0,0.0,0.0,0.0,0.0,0.0,0.0,0.972147571,0.010041714,0.0,0.0,0.0,0.000636429,0.0,0.982189285
06/01/2022,3.01e-05,0.0,0.011406714,0.0,0.0,0.0,0.0,0.0,0.0,0.0,0.972600429,0.011353286,0.0,0.0,0.0,0.000621571,0.0,0.983953715
07/01/2022,3.11e-05,0.0,0.010199143,0.0,0.0,0.0,0.0,0.0,0.0,0.0,0.973053286,0.012664857,0.0,0.0,0.0,0.000606714,0.0,0.9857181429999999
08/01/2022,3.2e-05,0.0,0.008991571,0.0,0.0,0.0,0.0,0.0,0.0,0.0,0.973506143,0.013976429,0.0,0.0,0.0,0.000591857,0.0,0.987482572
09/01/2022,3.3e-05,0.0,0.007784,0.0,0.0,0.0,0.0,0.0,0.0,0.0,0.973959,0.015288,0.0,0.0,0.0,0.000577,0.0,0.989247
10/01/2022,2.83e-05,0.0,0.007040571,0.0,0.0,0.0,0.0,0.0,0.0,0.0,0.972295429,0.017851286,4.57e-06,2.29e-06,0.0,0.000586143,0.0,0.9901490049999999
11/01/2022,2.36e-05,0.0,0.006297143,0.0,0.0,0.0,0.0,0.0,0.0,0.0,0.970631857,0.020414571,9.14e-06,4.57e-06,0.0,0.000595286,0.0,0.991050998
12/01/2022,1.89e-05,0.0,0.005553714,0.0,0.0,0.0,0.0,0.0,0.0,0.0,0.968968286,0.022977857,1.37e-05,6.86e-06,0.0,0.000604429,0.0,0.991953003
13/01/2022,1.41e-05,0.0,0.004810286,0.0,0.0,0.0,0.0,0.0,0.0,0.0,0.967304714,0.025541143,1.83e-05,9.14e-06,0.0,0.000613571,0.0,0.9928549969999999
14/01/2022,9.43e-06,0.0,0.004066857,0.0,0.0,0.0,0.0,0.0,0.0,0.0,0.965641143,0.028104429,2.29e-05,1.14e-05,0.0,0.000622714,0.0,0.993756972
15/01/2022,4.71e-06,0.0,0.003323429,0.0,0.0,0.0,0.0,0.0,0.0,0.0,0.963977571,0.030667714,2.74e-05,1.37e-05,0.0,0.000631857,0.0,0.994658985
16/01/2022,0.0,0.0,0.00258,0.0,0.0,0.0,0.0,0.0,0.0,0.0,0.962314,0.033231,3.2e-05,1.6e-05,0.0,0.000641,0.0,0.995561
17/01/2022,0.0,0.0,0.002360571,0.0,0.0,0.0,0.0,0.0,0.0,0.0,0.957560714,0.038314571,4.83e-05,1.37e-05,0.0,0.000617429,0.0,0.995888985
18/01/2022,0.0,0.0,0.002141143,0.0,0.0,0.0,0.0,0.0,0.0,0.0,0.952807429,0.043398143,6.46e-05,1.14e-05,0.0,0.000593857,0.0,0.996216972
19/01/2022,0.0,0.0,0.001921714,0.0,0.0,0.0,0.0,0.0,0.0,0.0,0.948054143,0.048481714,8.09e-05,9.14e-06,0.0,0.000570286,0.0,0.996544997
20/01/2022,0.0,0.0,0.001702286,0.0,0.0,0.0,0.0,0.0,0.0,0.0,0.943300857,0.053565286,9.71e-05,6.86e-06,0.0,0.000546714,0.0,0.996873003
21/01/2022,0.0,0.0,0.001482857,0.0,0.0,0.0,0.0,0.0,0.0,0.0,0.938547571,0.058648857,0.000113429,4.57e-06,0.0,0.000523143,0.0,0.997200998
22/01/2022,0.0,0.0,0.001263429,0.0,0.0,0.0,0.0,0.0,0.0,0.0,0.933794286,0.063732429,0.000129714,2.29e-06,0.0,0.000499571,0.0,0.997529005
23/01/2022,0.0,0.0,0.001044,0.0,0.0,0.0,0.0,0.0,0.0,0.0,0.929041,0.068816,0.000146,0.0,0.0,0.000476,0.0,0.997857
24/01/2022,4.3e-06,0.0,0.000959429,0.0,0.0,0.0,0.0,0.0,0.0,0.0,0.918552429,0.079294286,0.000161714,0.0,2.16e-06,0.000580286,0.0,0.997848875
25/01/2022,8.6e-06,0.0,0.000874857,0.0,0.0,0.0,0.0,0.0,0.0,0.0,0.908063857,0.089772571,0.000177429,0.0,4.31e-06,0.000684571,0.0,0.9978407380000001
26/01/2022,1.29e-05,0.0,0.000790286,0.0,0.0,0.0,0.0,0.0,0.0,0.0,0.897575286,0.100250857,0.000193143,0.0,6.47e-06,0.000788857,0.0,0.997832613
27/01/2022,1.72e-05,0.0,0.000705714,0.0,0.0,0.0,0.0,0.0,0.0,0.0,0.887086714,0.110729143,0.000208857,0.0,8.63e-06,0.000893143,0.0,0.997824487
28/01/2022,2.15e-05,0.0,0.000621143,0.0,0.0,0.0,0.0,0.0,0.0,0.0,0.876598143,0.121207429,0.000224571,0.0,1.08e-05,0.000997429,0.0,0.9978163720000001
29/01/2022,2.58e-05,0.0,0.000536571,0.0,0.0,0.0,0.0,0.0,0.0,0.0,0.866109571,0.131685714,0.000240286,0.0,1.29e-05,0.001101714,0.0,0.997808185
30/01/2022,3.01e-05,0.0,0.000452,0.0,0.0,0.0,0.0,0.0,0.0,0.0,0.855621,0.142164,0.000256,0.0,1.51e-05,0.001206,0.0,0.9978001
31/01/2022,2.58e-05,0.0,0.000440143,0.0,0.0,0.0,0.0,0.0,0.0,0.0,0.842822714,0.154969143,0.000315714,0.0,1.29e-05,0.001175857,0.0,0.9978047569999999
01/02/2022,2.15e-05,0.0,0.000428286,0.0,0.0,0.0,0.0,0.0,0.0,0.0,0.830024429,0.167774286,0.000375429,0.0,1.08e-05,0.001145714,0.0,0.9978095149999999
02/02/2022,1.72e-05,0.0,0.000416429,0.0,0.0,0.0,0.0,0.0,0.0,0.0,0.817226143,0.180579429,0.000435143,0.0,8.63e-06,0.001115571,0.0,0.9978142019999999
03/02/2022,1.29e-05,0.0,0.000404571,0.0,0.0,0.0,0.0,0.0,0.0,0.0,0.804427857,0.193384571,0.000494857,0.0,6.47e-06,0.001085429,0.0,0.997818898
04/02/2022,8.6e-06,0.0,0.000392714,0.0,0.0,0.0,0.0,0.0,0.0,0.0,0.791629571,0.206189714,0.000554571,0.0,4.31e-06,0.001055286,0.0,0.997823595
05/02/2022,4.3e-06,0.0,0.000380857,0.0,0.0,0.0,0.0,0.0,0.0,0.0,0.778831286,0.218994857,0.000614286,0.0,2.16e-06,0.001025143,0.0,0.9978283029999999
06/02/2022,0.0,0.0,0.000369,0.0,0.0,0.0,0.0,0.0,0.0,0.0,0.766033,0.2318,0.000674,0.0,0.0,0.000995,0.0,0.997833
07/02/2022,0.0,0.0,0.000358714,0.0,0.0,0.0,0.0,0.0,0.0,0.0,0.742996714,0.254729143,0.000777286,0.0,0.0,0.001017571,0.0,0.997725857
08/02/2022,0.0,0.0,0.000348429,0.0,0.0,0.0,0.0,0.0,0.0,0.0,0.719960429,0.277658286,0.000880571,0.0,0.0,0.001040143,0.0,0.997618715
09/02/2022,0.0,0.0,0.000338143,0.0,0.0,0.0,0.0,0.0,0.0,0.0,0.696924143,0.300587429,0.000983857,0.0,0.0,0.001062714,0.0,0.9975115720000001
10/02/2022,0.0,0.0,0.000327857,0.0,0.0,0.0,0.0,0.0,0.0,0.0,0.673887857,0.323516571,0.001087143,0.0,0.0,0.001085286,0.0,0.997404428
11/02/2022,0.0,0.0,0.000317571,0.0,0.0,0.0,0.0,0.0,0.0,0.0,0.650851571,0.346445714,0.001190429,0.0,0.0,0.001107857,0.0,0.997297285
12/02/2022,0.0,0.0,0.000307286,0.0,0.0,0.0,0.0,0.0,0.0,0.0,0.627815286,0.369374857,0.001293714,0.0,0.0,0.001130429,0.0,0.9971901430000001
13/02/2022,0.0,0.0,0.000297,0.0,0.0,0.0,0.0,0.0,0.0,0.0,0.604779,0.392304,0.001397,0.0,0.0,0.001153,0.0,0.9970829999999999
14/02/2022,0.0,0.0,0.000296714,0.0,0.0,0.0,0.0,0.0,0.0,0.0,0.580948,0.416022714,0.001509,0.0,0.0,0.001157,0.0,0.996970714
15/02/2022,0.0,0.0,0.000296429,0.0,0.0,0.0,0.0,0.0,0.0,0.0,0.557117,0.439741429,0.001621,0.0,0.0,0.001161,0.0,0.996858429
16/02/2022,0.0,0.0,0.000296143,0.0,0.0,0.0,0.0,0.0,0.0,0.0,0.533286,0.463460143,0.001733,0.0,0.0,0.001165,0.0,0.996746143
17/02/2022,0.0,0.0,0.000295857,0.0,0.0,0.0,0.0,0.0,0.0,0.0,0.509455,0.487178857,0.001845,0.0,0.0,0.001169,0.0,0.996633857
18/02/2022,0.0,0.0,0.000295571,0.0,0.0,0.0,0.0,0.0,0.0,0.0,0.485624,0.510897571,0.001957,0.0,0.0,0.001173,0.0,0.9965215709999999
19/02/2022,0.0,0.0,0.000295286,0.0,0.0,0.0,0.0,0.0,0.0,0.0,0.461793,0.534616286,0.002069,0.0,0.0,0.001177,0.0,0.996409286
20/02/2022,0.0,0.0,0.000295,0.0,0.0,0.0,0.0,0.0,0.0,0.0,0.437962,0.558335,0.002181,0.0,0.0,0.001181,0.0,0.996297
21/02/2022,0.0,0.0,0.000256229,0.0,0.0,0.0,0.0,0.0,0.0,0.0,0.413500429,0.582870429,0.002247,0.0,0.0,0.001086429,0.0,0.9963708579999999
22/02/2022,0.0,0.0,0.000217457,0.0,0.0,0.0,0.0,0.0,0.0,0.0,0.389038857,0.607405857,0.002313,0.0,0.0,0.000991857,0.0,0.9964447140000001
23/02/2022,0.0,0.0,0.000178686,0.0,0.0,0.0,0.0,0.0,0.0,0.0,0.364577286,0.631941286,0.002379,0.0,0.0,0.000897286,0.0,0.996518572
24/02/2022,0.0,0.0,0.000139914,0.0,0.0,0.0,0.0,0.0,0.0,0.0,0.340115714,0.656476714,0.002445,0.0,0.0,0.000802714,0.0,0.996592428
25/02/2022,0.0,0.0,0.000101143,0.0,0.0,0.0,0.0,0.0,0.0,0.0,0.315654143,0.681012143,0.002511,0.0,0.0,0.000708143,0.0,0.996666286
26/02/2022,0.0,0.0,6.24e-05,0.0,0.0,0.0,0.0,0.0,0.0,0.0,0.291192571,0.705547571,0.002577,0.0,0.0,0.000613571,0.0,0.9967401419999999
27/02/2022,0.0,0.0,2.36e-05,0.0,0.0,0.0,0.0,0.0,0.0,0.0,0.266731,0.730083,0.002643,0.0,0.0,0.000519,0.0,0.9968140000000001
28/02/2022,0.0,0.0,4.85e-05,0.0,0.0,0.0,0.0,0.0,0.0,0.0,0.251349857,0.745294,0.002772286,0.0,0.0,0.000532286,0.0,0.996643857
01/03/2022,0.0,0.0,7.34e-05,0.0,0.0,0.0,0.0,0.0,0.0,0.0,0.235968714,0.760505,0.002901571,0.0,0.0,0.000545571,0.0,0.996473714
02/03/2022,0.0,0.0,9.83e-05,0.0,0.0,0.0,0.0,0.0,0.0,0.0,0.220587571,0.775716,0.003030857,0.0,0.0,0.000558857,0.0,0.996303571
03/03/2022,0.0,0.0,0.000123257,0.0,0.0,0.0,0.0,0.0,0.0,0.0,0.205206429,0.790927,0.003160143,0.0,0.0,0.000572143,0.0,0.996133429
04/03/2022,0.0,0.0,0.000148171,0.0,0.0,0.0,0.0,0.0,0.0,0.0,0.189825286,0.806138,0.003289429,0.0,0.0,0.000585429,0.0,0.9959632860000001
05/03/2022,0.0,0.0,0.000173086,0.0,0.0,0.0,0.0,0.0,0.0,0.0,0.174444143,0.821349,0.003418714,0.0,0.0,0.000598714,0.0,0.995793143
06/03/2022,0.0,0.0,0.000198,0.0,0.0,0.0,0.0,0.0,0.0,0.0,0.159063,0.83656,0.003548,0.0,0.0,0.000612,0.0,0.9956229999999999
07/03/2022,0.0,0.0,0.000186286,0.0,0.0,0.0,0.0,0.0,0.0,0.0,0.149287714,0.846150286,0.003716429,0.0,0.0,0.000640714,0.0,0.9954379999999999
08/03/2022,0.0,0.0,0.000174571,0.0,0.0,0.0,0.0,0.0,0.0,0.0,0.139512429,0.855740571,0.003884857,0.0,0.0,0.000669429,0.0,0.9952529999999999
09/03/2022,0.0,0.0,0.000162857,0.0,0.0,0.0,0.0,0.0,0.0,0.0,0.129737143,0.865330857,0.004053286,0.0,0.0,0.000698143,0.0,0.9950680000000001
10/03/2022,0.0,0.0,0.000151143,0.0,0.0,0.0,0.0,0.0,0.0,0.0,0.119961857,0.874921143,0.004221714,0.0,0.0,0.000726857,0.0,0.994883
11/03/2022,0.0,0.0,0.000139429,0.0,0.0,0.0,0.0,0.0,0.0,0.0,0.110186571,0.884511429,0.004390143,0.0,0.0,0.000755571,0.0,0.994698
12/03/2022,0.0,0.0,0.000127714,0.0,0.0,0.0,0.0,0.0,0.0,0.0,0.100411286,0.894101714,0.004558571,0.0,0.0,0.000784286,0.0,0.9945130000000001
13/03/2022,0.0,0.0,0.000116,0.0,0.0,0.0,0.0,0.0,0.0,0.0,0.090636,0.903692,0.004727,0.0,0.0,0.000813,0.0,0.9943280000000001
14/03/2022,0.0,0.0,0.000115714,0.0,0.0,0.0,0.0,0.0,0.0,0.0,0.085048714,0.909222714,0.004799,2.71e-06,0.0,0.000797429,0.0,0.994274138
15/03/2022,0.0,0.0,0.000115429,0.0,0.0,0.0,0.0,0.0,0.0,0.0,0.079461429,0.914753429,0.004871,5.43e-06,0.0,0.000781857,0.0,0.994220288
16/03/2022,0.0,0.0,0.000115143,0.0,0.0,0.0,0.0,0.0,0.0,0.0,0.073874143,0.920284143,0.004943,8.14e-06,0.0,0.000766286,0.0,0.994166426
17/03/2022,0.0,0.0,0.000114857,0.0,0.0,0.0,0.0,0.0,0.0,0.0,0.068286857,0.925814857,0.005015,1.09e-05,0.0,0.000750714,0.0,0.9941126140000001
18/03/2022,0.0,0.0,0.000114571,0.0,0.0,0.0,0.0,0.0,0.0,0.0,0.062699571,0.931345571,0.005087,1.36e-05,0.0,0.000735143,0.0,0.994058742
19/03/2022,0.0,0.0,0.000114286,0.0,0.0,0.0,0.0,0.0,0.0,0.0,0.057112286,0.936876286,0.005159,1.63e-05,0.0,0.000719571,0.0,0.9940048719999999
20/03/2022,0.0,0.0,0.000114,0.0,0.0,0.0,0.0,0.0,0.0,0.0,0.051525,0.942407,0.005231,1.9e-05,0.0,0.000704,0.0,0.993951
21/03/2022,0.0,0.0,9.77e-05,0.0,0.0,0.0,0.0,0.0,0.0,0.0,0.049216143,0.944660857,0.005284429,1.63e-05,5.27e-06,0.000719286,0.0,0.9938985699999999
22/03/2022,0.0,0.0,8.14e-05,0.0,0.0,0.0,0.0,0.0,0.0,0.0,0.046907286,0.946914714,0.005337857,1.36e-05,1.05e-05,0.000734571,0.0,0.9938461000000001
23/03/2022,0.0,0.0,6.51e-05,0.0,0.0,0.0,0.0,0.0,0.0,0.0,0.044598429,0.949168571,0.005391286,1.09e-05,1.58e-05,0.000749857,0.0,0.9937937
24/03/2022,0.0,0.0,4.89e-05,0.0,0.0,0.0,0.0,0.0,0.0,0.0,0.042289571,0.951422429,0.005444714,8.14e-06,2.11e-05,0.000765143,0.0,0.99374124
25/03/2022,0.0,0.0,3.26e-05,0.0,0.0,0.0,0.0,0.0,0.0,0.0,0.039980714,0.953676286,0.005498143,5.43e-06,2.64e-05,0.000780429,0.0,0.99368883
26/03/2022,0.0,0.0,1.63e-05,0.0,0.0,0.0,0.0,0.0,0.0,0.0,0.037671857,0.955930143,0.005551571,2.71e-06,3.16e-05,0.000795714,0.0,0.99363631
27/03/2022,0.0,0.0,0.0,0.0,0.0,0.0,0.0,0.0,0.0,0.0,0.035363,0.958184,0.005605,0.0,3.69e-05,0.000811,0.0,0.9935839000000001
28/03/2022,0.0,0.0,0.0,0.0,0.0,0.0,0.0,0.0,0.0,0.0,0.033744143,0.959594429,0.005607143,5.29e-05,4.22e-05,0.000959286,0.0,0.993433672
29/03/2022,0.0,0.0,0.0,0.0,0.0,0.0,0.0,0.0,0.0,0.0,0.032125286,0.961004857,0.005609286,0.000105714,4.75e-05,0.001107571,0.0,0.993283357
30/03/2022,0.0,0.0,0.0,0.0,0.0,0.0,0.0,0.0,0.0,0.0,0.030506429,0.962415286,0.005611429,0.000158571,5.28e-05,0.001255857,0.0,0.993133086
31/03/2022,0.0,0.0,0.0,0.0,0.0,0.0,0.0,0.0,0.0,0.0,0.028887571,0.963825714,0.005613571,0.000211429,5.8e-05,0.001404143,0.0,0.992982714
01/04/2022,0.0,0.0,0.0,0.0,0.0,0.0,0.0,0.0,0.0,0.0,0.027268714,0.965236143,0.005615714,0.000264286,6.33e-05,0.001552429,0.0,0.992832443
02/04/2022,0.0,0.0,0.0,0.0,0.0,0.0,0.0,0.0,0.0,0.0,0.025649857,0.966646571,0.005617857,0.000317143,6.86e-05,0.001700714,0.0,0.9926821709999999
03/04/2022,0.0,0.0,0.0,0.0,0.0,0.0,0.0,0.0,0.0,0.0,0.024031,0.968057,0.00562,0.00037,7.39e-05,0.001849,0.0,0.9925318999999999
04/04/2022,0.0,0.0,0.0,0.0,0.0,0.0,0.0,0.0,0.0,0.0,0.022755143,0.969276143,0.005808,0.000368714,0.000104629,0.001688,0.0,0.992504629
05/04/2022,0.0,0.0,0.0,0.0,0.0,0.0,0.0,0.0,0.0,0.0,0.021479286,0.970495286,0.005996,0.000367429,0.000135357,0.001527,0.0,0.992477358
06/04/2022,0.0,0.0,0.0,0.0,0.0,0.0,0.0,0.0,0.0,0.0,0.020203429,0.971714429,0.006184,0.000366143,0.000166086,0.001366,0.0,0.9924500870000001
07/04/2022,0.0,0.0,0.0,0.0,0.0,0.0,0.0,0.0,0.0,0.0,0.018927571,0.972933571,0.006372,0.000364857,0.000196814,0.001205,0.0,0.992422813
08/04/2022,0.0,0.0,0.0,0.0,0.0,0.0,0.0,0.0,0.0,0.0,0.017651714,0.974152714,0.00656,0.000363571,0.000227543,0.001044,0.0,0.992395542
09/04/2022,0.0,0.0,0.0,0.0,0.0,0.0,0.0,0.0,0.0,0.0,0.016375857,0.975371857,0.006748,0.000362286,0.000258271,0.000883,0.0,0.9923682709999999
10/04/2022,0.0,0.0,0.0,0.0,0.0,0.0,0.0,0.0,0.0,0.0,0.0151,0.976591,0.006936,0.000361,0.000289,0.000722,0.0,0.9923409999999999
11/04/2022,0.0,0.0,0.0,0.0,0.0,0.0,0.0,0.0,0.0,0.0,0.014186571,0.976921429,0.007173,0.000500714,0.000359286,0.000858,0.0,0.991968
12/04/2022,0.0,0.0,0.0,0.0,0.0,0.0,0.0,0.0,0.0,0.0,0.013273143,0.977251857,0.00741,0.000640429,0.000429571,0.000994,0.0,0.991595
13/04/2022,0.0,0.0,0.0,0.0,0.0,0.0,0.0,0.0,0.0,0.0,0.012359714,0.977582286,0.007647,0.000780143,0.000499857,0.00113,0.0,0.9912219999999999
14/04/2022,0.0,0.0,0.0,0.0,0.0,0.0,0.0,0.0,0.0,0.0,0.011446286,0.977912714,0.007884,0.000919857,0.000570143,0.001266,0.0,0.990849
15/04/2022,0.0,0.0,0.0,0.0,0.0,0.0,0.0,0.0,0.0,0.0,0.010532857,0.978243143,0.008121,0.001059571,0.000640429,0.001402,0.0,0.990476
16/04/2022,0.0,0.0,0.0,0.0,0.0,0.0,0.0,0.0,0.0,0.0,0.009619429,0.978573571,0.008358,0.001199286,0.000710714,0.001538,0.0,0.990103
17/04/2022,0.0,0.0,0.0,0.0,0.0,0.0,0.0,0.0,0.0,0.0,0.008706,0.978904,0.008595,0.001339,0.000781,0.001674,0.0,0.98973
18/04/2022,2.17e-05,0.0,0.0,0.0,0.0,0.0,0.0,0.0,0.0,0.0,0.008568571,0.977861429,0.008777,0.001798429,0.00119,0.001781857,0.0,0.989418429
19/04/2022,4.34e-05,0.0,0.0,0.0,0.0,0.0,0.0,0.0,0.0,0.0,0.008431143,0.976818857,0.008959,0.002257857,0.001599,0.001889714,0.0,0.9891068570000001
20/04/2022,6.51e-05,0.0,0.0,0.0,0.0,0.0,0.0,0.0,0.0,0.0,0.008293714,0.975776286,0.009141,0.002717286,0.002008,0.001997571,0.0,0.988795286
21/04/2022,8.69e-05,0.0,0.0,0.0,0.0,0.0,0.0,0.0,0.0,0.0,0.008156286,0.974733714,0.009323,0.003176714,0.002417,0.002105429,0.0,0.9884837139999999
22/04/2022,0.000108571,0.0,0.0,0.0,0.0,0.0,0.0,0.0,0.0,0.0,0.008018857,0.973691143,0.009505,0.003636143,0.002826,0.002213286,0.0,0.9881721430000001
23/04/2022,0.000130286,0.0,0.0,0.0,0.0,0.0,0.0,0.0,0.0,0.0,0.007881429,0.972648571,0.009687,0.004095571,0.003235,0.002321143,0.0,0.987860571
24/04/2022,0.000152,0.0,0.0,0.0,0.0,0.0,0.0,0.0,0.0,0.0,0.007744,0.971606,0.009869,0.004555,0.003644,0.002429,0.0,0.9875489999999999
25/04/2022,0.000130286,0.0,3.31e-05,0.0,0.0,0.0,0.0,0.0,0.0,0.0,0.007268143,0.970983286,0.009454714,0.005132143,0.004484,0.002513429,0.0,0.987867572
26/04/2022,0.000108571,0.0,6.63e-05,0.0,0.0,0.0,0.0,0.0,0.0,0.0,0.006792286,0.970360571,0.009040429,0.005709286,0.005324,0.002597857,0.0,0.988186143
27/04/2022,8.69e-05,0.0,9.94e-05,0.0,0.0,0.0,0.0,0.0,0.0,0.0,0.006316429,0.969737857,0.008626143,0.006286429,0.006164,0.002682286,0.0,0.9885047149999999
28/04/2022,6.51e-05,0.0,0.000132571,0.0,0.0,0.0,0.0,0.0,0.0,0.0,0.005840571,0.969115143,0.008211857,0.006863571,0.007004,0.002766714,0.0,0.988823285
29/04/2022,4.34e-05,0.0,0.000165714,0.0,0.0,0.0,0.0,0.0,0.0,0.0,0.005364714,0.968492429,0.007797571,0.007440714,0.007844,0.002851143,0.0,0.989141857
30/04/2022,2.17e-05,0.0,0.000198857,0.0,0.0,0.0,0.0,0.0,0.0,0.0,0.004888857,0.967869714,0.007383286,0.008017857,0.008684,0.002935571,0.0,0.989460428
01/05/2022,0.0,0.0,0.000232,0.0,0.0,0.0,0.0,0.0,0.0,0.0,0.004413,0.967247,0.006969,0.008595,0.009524,0.00302,0.0,0.989779
02/05/2022,0.0,0.0,0.000198857,0.0,0.0,0.0,0.0,0.0,0.0,0.0,0.004616857,0.961728571,0.006807714,0.012465857,0.011315429,0.002866714,0.0,0.9901267140000001
03/05/2022,0.0,0.0,0.000165714,0.0,0.0,0.0,0.0,0.0,0.0,0.0,0.004820714,0.956210143,0.006646429,0.016336714,0.013106857,0.002713429,0.0,0.990474428
04/05/2022,0.0,0.0,0.000132571,0.0,0.0,0.0,0.0,0.0,0.0,0.0,0.005024571,0.950691714,0.006485143,0.020207571,0.014898286,0.002560143,0.0,0.990822142
05/05/2022,0.0,0.0,9.94e-05,0.0,0.0,0.0,0.0,0.0,0.0,0.0,0.005228429,0.945173286,0.006323857,0.024078429,0.016689714,0.002406857,0.0,0.9911698579999999
06/05/2022,0.0,0.0,6.63e-05,0.0,0.0,0.0,0.0,0.0,0.0,0.0,0.005432286,0.939654857,0.006162571,0.027949286,0.018481143,0.002253571,0.0,0.991517572
07/05/2022,0.0,0.0,3.31e-05,0.0,0.0,0.0,0.0,0.0,0.0,0.0,0.005636143,0.934136429,0.006001286,0.031820143,0.020272571,0.002100286,0.0,0.9918652860000001
08/05/2022,0.0,0.0,0.0,0.0,0.0,0.0,0.0,0.0,0.0,0.0,0.00584,0.928618,0.00584,0.035691,0.022064,0.001947,0.0,0.992213
09/05/2022,0.0,0.0,0.0,0.0,0.0,0.0,0.0,0.0,0.0,0.0,0.005811286,0.921316286,0.005990286,0.038200571,0.026430857,0.002250714,0.0,0.9917590000000001
10/05/2022,0.0,0.0,0.0,0.0,0.0,0.0,0.0,0.0,0.0,0.0,0.005782571,0.914014571,0.006140571,0.040710143,0.030797714,0.002554429,0.0,0.991304999
11/05/2022,0.0,0.0,0.0,0.0,0.0,0.0,0.0,0.0,0.0,0.0,0.005753857,0.906712857,0.006290857,0.043219714,0.035164571,0.002858143,0.0,0.9908509990000001
12/05/2022,0.0,0.0,0.0,0.0,0.0,0.0,0.0,0.0,0.0,0.0,0.005725143,0.899411143,0.006441143,0.045729286,0.039531429,0.003161857,0.0,0.990397001
13/05/2022,0.0,0.0,0.0,0.0,0.0,0.0,0.0,0.0,0.0,0.0,0.005696429,0.892109429,0.006591429,0.048238857,0.043898286,0.003465571,0.0,0.989943001
14/05/2022,0.0,0.0,0.0,0.0,0.0,0.0,0.0,0.0,0.0,0.0,0.005667714,0.884807714,0.006741714,0.050748429,0.048265143,0.003769286,0.0,0.989489
15/05/2022,0.0,0.0,0.0,0.0,0.0,0.0,0.0,0.0,0.0,0.0,0.005639,0.877506,0.006892,0.053258,0.052632,0.004073,0.0,0.989035
16/05/2022,0.0,0.0,0.0,0.0,0.0,0.0,0.0,0.0,0.0,0.0,0.005263714,0.865007571,0.006645143,0.056898857,0.062447857,0.003737,0.0,0.989617999
17/05/2022,0.0,0.0,0.0,0.0,0.0,0.0,0.0,0.0,0.0,0.0,0.004888429,0.852509143,0.006398286,0.060539714,0.072263714,0.003401,0.0,0.990201
18/05/2022,0.0,0.0,0.0,0.0,0.0,0.0,0.0,0.0,0.0,0.0,0.004513143,0.840010714,0.006151429,0.064180571,0.082079571,0.003065,0.0,0.990783999
19/05/2022,0.0,0.0,0.0,0.0,0.0,0.0,0.0,0.0,0.0,0.0,0.004137857,0.827512286,0.005904571,0.067821429,0.091895429,0.002729,0.0,0.9913670010000001
20/05/2022,0.0,0.0,0.0,0.0,0.0,0.0,0.0,0.0,0.0,0.0,0.003762571,0.815013857,0.005657714,0.071462286,0.101711286,0.002393,0.0,0.99195
21/05/2022,0.0,0.0,0.0,0.0,0.0,0.0,0.0,0.0,0.0,0.0,0.003387286,0.802515429,0.005410857,0.075103143,0.111527143,0.002057,0.0,0.992533001
22/05/2022,0.0,0.0,0.0,0.0,0.0,0.0,0.0,0.0,0.0,0.0,0.003012,0.790017,0.005164,0.078744,0.121343,0.001721,0.0,0.993116
23/05/2022,0.0,0.0,0.0,0.0,0.0,0.0,0.0,0.0,0.0,0.0,0.002966571,0.764590857,0.004875286,0.086290143,0.138904714,0.002373143,0.0,0.992752285
24/05/2022,0.0,0.0,0.0,0.0,0.0,0.0,0.0,0.0,0.0,0.0,0.002921143,0.739164714,0.004586571,0.093836286,0.156466429,0.003025286,0.0,0.992388572
25/05/2022,0.0,0.0,0.0,0.0,0.0,0.0,0.0,0.0,0.0,0.0,0.002875714,0.713738571,0.004297857,0.101382429,0.174028143,0.003677429,0.0,0.992024857
26/05/2022,0.0,0.0,0.0,0.0,0.0,0.0,0.0,0.0,0.0,0.0,0.002830286,0.688312429,0.004009143,0.108928571,0.191589857,0.004329571,0.0,0.991661143
27/05/2022,0.0,0.0,0.0,0.0,0.0,0.0,0.0,0.0,0.0,0.0,0.002784857,0.662886286,0.003720429,0.116474714,0.209151571,0.004981714,0.0,0.991297428
28/05/2022,0.0,0.0,0.0,0.0,0.0,0.0,0.0,0.0,0.0,0.0,0.002739429,0.637460143,0.003431714,0.124020857,0.226713286,0.005633857,0.0,0.9909337149999999
29/05/2022,0.0,0.0,0.0,0.0,0.0,0.0,0.0,0.0,0.0,0.0,0.002694,0.612034,0.003143,0.131567,0.244275,0.006286,0.0,0.99057
30/05/2022,0.0,0.0,0.0,0.0,0.0,0.0,0.0,0.0,0.0,0.0,0.002365857,0.588860714,0.002864,0.138725143,0.261058714,0.006124714,0.0,0.991010428
31/05/2022,0.0,0.0,0.0,0.0,0.0,0.0,0.0,0.0,0.0,0.0,0.002037714,0.565687429,0.002585,0.145883286,0.277842429,0.005963429,0.0,0.991450858
01/06/2022,0.0,0.0,0.0,0.0,0.0,0.0,0.0,0.0,0.0,0.0,0.001709571,0.542514143,0.002306,0.153041429,0.294626143,0.005802143,0.0,0.9918912860000001
02/06/2022,0.0,0.0,0.0,0.0,0.0,0.0,0.0,0.0,0.0,0.0,0.001381429,0.519340857,0.002027,0.160199571,0.311409857,0.005640857,0.0,0.9923317140000001
03/06/2022,0.0,0.0,0.0,0.0,0.0,0.0,0.0,0.0,0.0,0.0,0.001053286,0.496167571,0.001748,0.167357714,0.328193571,0.005479571,0.0,0.992772142
04/06/2022,0.0,0.0,0.0,0.0,0.0,0.0,0.0,0.0,0.0,0.0,0.000725143,0.472994286,0.001469,0.174515857,0.344977286,0.005318286,0.0,0.993212572
05/06/2022,0.0,0.0,0.0,0.0,0.0,0.0,0.0,0.0,0.0,0.0,0.000397,0.449821,0.00119,0.181674,0.361761,0.005157,0.0,0.993653
06/06/2022,0.0,0.0,0.0,0.0,0.0,0.0,0.0,0.0,0.0,0.0,0.000340286,0.439132286,0.00102,0.191434857,0.363652286,0.004420286,0.0,0.9945597150000001
07/06/2022,0.0,0.0,0.0,0.0,0.0,0.0,0.0,0.0,0.0,0.0,0.000283571,0.428443571,0.00085,0.201195714,0.365543571,0.003683571,0.0,0.995466427
08/06/2022,0.0,0.0,0.0,0.0,0.0,0.0,0.0,0.0,0.0,0.0,0.000226857,0.417754857,0.00068,0.210956571,0.367434857,0.002946857,0.0,0.996373142
09/06/2022,0.0,0.0,0.0,0.0,0.0,0.0,0.0,0.0,0.0,0.0,0.000170143,0.407066143,0.00051,0.220717429,0.369326143,0.002210143,0.0,0.997279858
10/06/2022,0.0,0.0,0.0,0.0,0.0,0.0,0.0,0.0,0.0,0.0,0.000113429,0.396377429,0.00034,0.230478286,0.371217429,0.001473429,0.0,0.998186573
11/06/2022,0.0,0.0,0.0,0.0,0.0,0.0,0.0,0.0,0.0,0.0,5.67e-05,0.385688714,0.00017,0.240239143,0.373108714,0.000736714,0.0,0.999093271
12/06/2022,0.0,0.0,0.0,0.0,0.0,0.0,0.0,0.0,0.0,0.0,0.0,0.375,0.0,0.25,0.375,0.0,0.0,1.0
