date,Alpha,Beta,Delta,Eta,Gamma,Kappa,Theta,Zeta,Lambda,Mu,Omicron,Omicron - BA2,XE,Omicron - BA4,Omicron - BA5,Other
31/01/2021,13439.0,19.0,0.0,24.0,0.0,0.0,0.0,1.0,0.0,0.0,0.0,0.0,0.0,0.0,0.0,646.0
01/02/2021,19773.0,31.0,0.0,35.0,0.0,0.0,0.0,2.0,0.0,0.0,0.0,0.0,0.0,0.0,0.0,909.0
02/02/2021,17358.0,29.0,0.0,31.0,0.0,0.0,0.0,1.0,0.0,0.0,0.0,0.0,0.0,0.0,0.0,762.0
03/02/2021,17153.0,31.0,0.0,30.0,1.0,0.0,0.0,1.0,0.0,0.0,0.0,0.0,0.0,0.0,0.0,718.0
04/02/2021,16004.0,31.0,0.0,29.0,1.0,0.0,0.0,1.0,0.0,0.0,0.0,0.0,0.0,0.0,0.0,637.0
05/02/2021,13871.0,29.0,0.0,25.0,1.0,0.0,0.0,0.0,0.0,0.0,0.0,0.0,0.0,0.0,0.0,523.0
06/02/2021,10522.0,23.0,0.0,19.0,1.0,0.0,0.0,0.0,0.0,0.0,0.0,0.0,0.0,0.0,0.0,376.0
07/02/2021,10065.0,24.0,0.0,18.0,1.0,0.0,0.0,0.0,0.0,0.0,0.0,0.0,0.0,0.0,0.0,339.0
08/02/2021,13854.0,30.0,0.0,24.0,1.0,0.0,0.0,1.0,0.0,0.0,0.0,0.0,0.0,0.0,0.0,445.0
09/02/2021,12259.0,25.0,0.0,21.0,1.0,0.0,0.0,3.0,0.0,0.0,0.0,0.0,0.0,0.0,0.0,375.0
10/02/2021,11869.0,22.0,0.0,20.0,1.0,0.0,0.0,4.0,0.0,0.0,0.0,0.0,0.0,0.0,0.0,345.0
11/02/2021,11272.0,19.0,0.0,19.0,1.0,0.0,0.0,5.0,0.0,0.0,0.0,0.0,0.0,0.0,0.0,311.0
12/02/2021,10658.0,17.0,0.0,17.0,1.0,0.0,0.0,6.0,0.0,0.0,0.0,0.0,0.0,0.0,0.0,278.0
13/02/2021,7797.0,11.0,0.0,12.0,1.0,0.0,0.0,5.0,0.0,0.0,0.0,0.0,0.0,0.0,0.0,191.0
14/02/2021,7572.0,9.0,0.0,12.0,1.0,0.0,0.0,6.0,0.0,0.0,0.0,0.0,0.0,0.0,0.0,174.0
15/02/2021,12609.0,17.0,0.0,22.0,1.0,1.0,0.0,8.0,0.0,0.0,0.0,0.0,0.0,0.0,0.0,283.0
16/02/2021,10973.0,16.0,0.0,22.0,2.0,1.0,0.0,6.0,0.0,0.0,0.0,0.0,0.0,0.0,0.0,240.0
17/02/2021,10146.0,16.0,0.0,22.0,2.0,2.0,0.0,5.0,0.0,0.0,0.0,0.0,0.0,0.0,0.0,215.0
18/02/2021,10037.0,17.0,0.0,24.0,2.0,2.0,0.0,4.0,0.0,0.0,0.0,0.0,0.0,0.0,0.0,207.0
19/02/2021,9008.0,16.0,0.0,24.0,3.0,2.0,0.0,2.0,0.0,0.0,0.0,0.0,0.0,0.0,0.0,181.0
20/02/2021,6977.0,13.0,0.0,20.0,2.0,2.0,0.0,1.0,0.0,0.0,0.0,0.0,0.0,0.0,0.0,136.0
21/02/2021,6854.0,14.0,0.0,21.0,3.0,3.0,0.0,1.0,1.0,0.0,0.0,0.0,0.0,0.0,0.0,129.0
22/02/2021,10010.0,22.0,0.0,33.0,4.0,4.0,0.0,1.0,1.0,0.0,0.0,0.0,0.0,0.0,0.0,187.0
23/02/2021,8308.0,20.0,0.0,30.0,3.0,3.0,1.0,1.0,1.0,0.0,0.0,0.0,0.0,0.0,0.0,155.0
24/02/2021,7412.0,20.0,0.0,28.0,3.0,3.0,1.0,1.0,1.0,0.0,0.0,0.0,0.0,0.0,0.0,137.0
25/02/2021,6742.0,20.0,0.0,27.0,2.0,3.0,1.0,1.0,1.0,0.0,0.0,0.0,0.0,0.0,0.0,124.0
26/02/2021,5717.0,18.0,0.0,25.0,2.0,2.0,1.0,1.0,0.0,0.0,0.0,0.0,0.0,0.0,0.0,104.0
27/02/2021,4131.0,14.0,0.0,19.0,1.0,2.0,1.0,1.0,0.0,0.0,0.0,0.0,0.0,0.0,0.0,75.0
28/02/2021,3990.0,14.0,0.0,19.0,1.0,2.0,1.0,1.0,0.0,0.0,0.0,0.0,0.0,0.0,0.0,72.0
01/03/2021,6033.0,21.0,0.0,28.0,2.0,3.0,2.0,1.0,0.0,0.0,0.0,0.0,0.0,0.0,0.0,108.0
02/03/2021,5780.0,20.0,0.0,25.0,3.0,3.0,1.0,1.0,0.0,0.0,0.0,0.0,0.0,0.0,0.0,103.0
03/03/2021,5155.0,17.0,0.0,21.0,3.0,3.0,1.0,1.0,0.0,0.0,0.0,0.0,0.0,0.0,0.0,91.0
04/03/2021,4871.0,16.0,0.0,19.0,3.0,4.0,1.0,1.0,0.0,0.0,0.0,0.0,0.0,0.0,0.0,85.0
05/03/2021,4598.0,15.0,0.0,17.0,3.0,4.0,0.0,1.0,0.0,0.0,0.0,0.0,0.0,0.0,0.0,80.0
06/03/2021,3729.0,12.0,0.0,13.0,2.0,3.0,0.0,1.0,0.0,0.0,0.0,0.0,0.0,0.0,0.0,64.0
07/03/2021,3579.0,11.0,0.0,12.0,3.0,3.0,0.0,1.0,0.0,0.0,0.0,0.0,0.0,0.0,0.0,61.0
08/03/2021,5666.0,19.0,0.0,19.0,4.0,6.0,0.0,1.0,0.0,0.0,0.0,0.0,0.0,0.0,0.0,93.0
09/03/2021,5346.0,19.0,0.0,18.0,4.0,5.0,0.0,1.0,0.0,0.0,0.0,0.0,0.0,0.0,0.0,84.0
10/03/2021,5091.0,20.0,0.0,17.0,4.0,5.0,0.0,0.0,0.0,0.0,0.0,0.0,0.0,0.0,0.0,77.0
11/03/2021,4728.0,20.0,0.0,16.0,4.0,5.0,0.0,0.0,0.0,0.0,0.0,0.0,0.0,0.0,0.0,68.0
12/03/2021,4650.0,21.0,0.0,16.0,4.0,5.0,0.0,0.0,0.0,0.0,0.0,0.0,0.0,0.0,0.0,63.0
13/03/2021,3504.0,17.0,0.0,12.0,3.0,4.0,0.0,0.0,0.0,0.0,0.0,0.0,0.0,0.0,0.0,45.0
14/03/2021,3620.0,18.0,0.0,12.0,3.0,4.0,0.0,0.0,0.0,0.0,0.0,0.0,0.0,0.0,0.0,44.0
15/03/2021,5510.0,27.0,0.0,17.0,4.0,7.0,0.0,0.0,0.0,0.0,0.0,0.0,0.0,0.0,0.0,64.0
16/03/2021,4812.0,24.0,0.0,14.0,3.0,6.0,0.0,0.0,0.0,0.0,0.0,0.0,0.0,0.0,0.0,52.0
17/03/2021,4940.0,24.0,0.0,14.0,3.0,7.0,0.0,0.0,0.0,0.0,0.0,0.0,0.0,0.0,0.0,50.0
18/03/2021,4585.0,22.0,0.0,12.0,3.0,7.0,0.0,0.0,0.0,0.0,0.0,0.0,0.0,0.0,0.0,44.0
19/03/2021,4244.0,20.0,0.0,10.0,2.0,6.0,0.0,0.0,0.0,0.0,0.0,0.0,0.0,0.0,0.0,38.0
20/03/2021,3447.0,16.0,0.0,7.0,2.0,5.0,0.0,0.0,0.0,0.0,0.0,0.0,0.0,0.0,0.0,28.0
21/03/2021,4593.0,21.0,0.0,9.0,2.0,8.0,0.0,0.0,0.0,0.0,0.0,0.0,0.0,0.0,0.0,35.0
22/03/2021,5298.0,25.0,1.0,10.0,3.0,10.0,0.0,0.0,0.0,0.0,0.0,0.0,0.0,0.0,0.0,39.0
23/03/2021,4474.0,23.0,2.0,9.0,3.0,10.0,0.0,0.0,0.0,0.0,0.0,0.0,0.0,0.0,0.0,33.0
24/03/2021,5211.0,28.0,3.0,11.0,4.0,13.0,0.0,0.0,0.0,0.0,0.0,0.0,0.0,0.0,0.0,38.0
25/03/2021,4576.0,25.0,3.0,10.0,3.0,13.0,0.0,0.0,0.0,0.0,0.0,0.0,0.0,0.0,0.0,33.0
26/03/2021,3720.0,22.0,3.0,8.0,3.0,11.0,0.0,0.0,0.0,0.0,0.0,0.0,0.0,0.0,0.0,26.0
27/03/2021,3065.0,19.0,3.0,7.0,3.0,10.0,0.0,0.0,0.0,0.0,0.0,0.0,0.0,0.0,0.0,21.0
28/03/2021,4372.0,28.0,5.0,10.0,4.0,16.0,0.0,0.0,0.0,0.0,0.0,0.0,0.0,0.0,0.0,30.0
29/03/2021,3335.0,22.0,7.0,7.0,4.0,14.0,0.0,0.0,0.0,0.0,0.0,0.0,0.0,0.0,0.0,23.0
30/03/2021,3048.0,22.0,10.0,7.0,3.0,14.0,0.0,0.0,0.0,0.0,0.0,0.0,0.0,0.0,0.0,21.0
31/03/2021,3241.0,25.0,14.0,7.0,4.0,17.0,0.0,0.0,0.0,0.0,0.0,0.0,0.0,0.0,0.0,23.0
01/04/2021,2968.0,24.0,16.0,6.0,4.0,17.0,0.0,0.0,0.0,0.0,0.0,0.0,0.0,0.0,0.0,22.0
02/04/2021,2171.0,18.0,14.0,5.0,3.0,13.0,0.0,0.0,0.0,0.0,0.0,0.0,0.0,0.0,0.0,16.0
03/04/2021,2041.0,18.0,15.0,4.0,3.0,14.0,0.0,0.0,0.0,0.0,0.0,0.0,0.0,0.0,0.0,15.0
04/04/2021,1964.0,18.0,16.0,4.0,3.0,14.0,0.0,0.0,0.0,0.0,0.0,0.0,0.0,0.0,0.0,15.0
05/04/2021,2217.0,20.0,25.0,5.0,4.0,17.0,0.0,0.0,0.0,0.0,0.0,0.0,0.0,0.0,0.0,17.0
06/04/2021,2631.0,24.0,36.0,6.0,5.0,21.0,0.0,0.0,0.0,0.0,0.0,0.0,0.0,0.0,0.0,20.0
07/04/2021,2619.0,24.0,43.0,6.0,6.0,22.0,0.0,0.0,0.0,0.0,0.0,0.0,0.0,0.0,0.0,20.0
08/04/2021,2515.0,22.0,48.0,6.0,6.0,22.0,0.0,0.0,0.0,0.0,0.0,0.0,0.0,0.0,0.0,19.0
09/04/2021,2345.0,21.0,52.0,6.0,6.0,21.0,0.0,0.0,0.0,0.0,0.0,0.0,0.0,0.0,0.0,17.0
10/04/2021,1893.0,16.0,47.0,5.0,5.0,18.0,0.0,0.0,0.0,0.0,0.0,0.0,0.0,0.0,0.0,14.0
11/04/2021,1897.0,16.0,52.0,5.0,6.0,19.0,0.0,0.0,0.0,0.0,0.0,0.0,0.0,0.0,0.0,14.0
12/04/2021,2238.0,20.0,74.0,6.0,7.0,23.0,0.0,0.0,0.0,0.0,0.0,0.0,0.0,0.0,0.0,16.0
13/04/2021,1911.0,17.0,73.0,5.0,6.0,21.0,0.0,0.0,0.0,0.0,0.0,0.0,0.0,0.0,0.0,13.0
14/04/2021,1907.0,18.0,83.0,5.0,5.0,22.0,0.0,0.0,0.0,0.0,0.0,0.0,0.0,0.0,0.0,13.0
15/04/2021,1796.0,17.0,88.0,5.0,5.0,22.0,0.0,0.0,0.0,0.0,0.0,0.0,0.0,0.0,0.0,12.0
16/04/2021,1788.0,18.0,98.0,5.0,5.0,23.0,0.0,0.0,0.0,0.0,0.0,0.0,0.0,0.0,0.0,11.0
17/04/2021,1266.0,13.0,77.0,3.0,4.0,17.0,0.0,0.0,0.0,0.0,0.0,0.0,0.0,0.0,0.0,8.0
18/04/2021,2052.0,22.0,136.0,6.0,6.0,29.0,0.0,0.0,0.0,0.0,0.0,0.0,0.0,0.0,0.0,12.0
19/04/2021,2023.0,21.0,154.0,6.0,6.0,28.0,0.0,0.0,0.0,0.0,0.0,0.0,0.0,0.0,0.0,11.0
20/04/2021,1867.0,19.0,162.0,6.0,6.0,25.0,0.0,0.0,0.0,0.0,0.0,0.0,0.0,0.0,0.0,10.0
21/04/2021,2014.0,20.0,196.0,6.0,7.0,27.0,0.0,0.0,0.0,0.0,0.0,0.0,0.0,0.0,0.0,11.0
22/04/2021,1764.0,18.0,190.0,6.0,7.0,23.0,0.0,0.0,0.0,0.0,0.0,0.0,0.0,0.0,0.0,9.0
23/04/2021,1463.0,14.0,174.0,5.0,6.0,19.0,0.0,0.0,0.0,0.0,0.0,0.0,0.0,0.0,0.0,7.0
24/04/2021,1108.0,11.0,144.0,4.0,5.0,14.0,0.0,0.0,0.0,0.0,0.0,0.0,0.0,0.0,0.0,5.0
25/04/2021,1602.0,15.0,226.0,6.0,7.0,19.0,0.0,0.0,0.0,0.0,0.0,0.0,0.0,0.0,0.0,7.0
26/04/2021,1875.0,18.0,311.0,7.0,8.0,21.0,0.0,0.0,0.0,0.0,0.0,0.0,0.0,0.0,0.0,9.0
27/04/2021,1463.0,13.0,281.0,6.0,6.0,15.0,0.0,0.0,0.0,0.0,0.0,0.0,0.0,0.0,0.0,7.0
28/04/2021,1705.0,15.0,374.0,7.0,7.0,16.0,0.0,0.0,0.0,0.0,0.0,0.0,0.0,0.0,0.0,9.0
29/04/2021,1472.0,13.0,365.0,6.0,6.0,13.0,0.0,0.0,0.0,0.0,0.0,0.0,0.0,0.0,0.0,8.0
30/04/2021,1156.0,10.0,321.0,5.0,5.0,9.0,0.0,0.0,0.0,0.0,0.0,0.0,0.0,0.0,0.0,7.0
01/05/2021,894.0,8.0,276.0,4.0,3.0,6.0,0.0,0.0,0.0,0.0,0.0,0.0,0.0,0.0,0.0,6.0
02/05/2021,942.0,8.0,322.0,4.0,4.0,5.0,0.0,0.0,0.0,0.0,0.0,0.0,0.0,0.0,0.0,6.0
03/05/2021,1263.0,10.0,487.0,6.0,5.0,7.0,0.0,0.0,1.0,0.0,0.0,0.0,0.0,0.0,0.0,8.0
04/05/2021,1488.0,11.0,644.0,6.0,6.0,8.0,0.0,0.0,1.0,0.0,0.0,0.0,0.0,0.0,0.0,10.0
05/05/2021,1443.0,10.0,697.0,6.0,5.0,8.0,0.0,0.0,0.0,0.0,0.0,0.0,0.0,0.0,0.0,10.0
06/05/2021,1244.0,9.0,667.0,5.0,5.0,6.0,0.0,0.0,0.0,0.0,0.0,0.0,0.0,0.0,0.0,9.0
07/05/2021,1011.0,7.0,601.0,4.0,4.0,5.0,0.0,0.0,0.0,0.0,0.0,0.0,0.0,0.0,0.0,8.0
08/05/2021,764.0,5.0,502.0,3.0,3.0,3.0,0.0,0.0,0.0,0.0,0.0,0.0,0.0,0.0,0.0,6.0
09/05/2021,1123.0,6.0,812.0,4.0,4.0,5.0,0.0,0.0,0.0,0.0,0.0,0.0,0.0,0.0,0.0,9.0
10/05/2021,1248.0,7.0,1020.0,5.0,5.0,6.0,0.0,0.0,0.0,0.0,0.0,0.0,0.0,0.0,0.0,10.0
11/05/2021,951.0,5.0,877.0,3.0,3.0,4.0,0.0,0.0,0.0,0.0,0.0,0.0,0.0,0.0,0.0,8.0
12/05/2021,896.0,5.0,932.0,3.0,3.0,4.0,0.0,0.0,0.0,0.0,0.0,0.0,0.0,0.0,0.0,7.0
13/05/2021,783.0,4.0,918.0,2.0,3.0,4.0,0.0,0.0,0.0,0.0,0.0,0.0,0.0,0.0,0.0,6.0
14/05/2021,650.0,3.0,859.0,1.0,2.0,4.0,0.0,0.0,0.0,0.0,0.0,0.0,0.0,0.0,0.0,5.0
15/05/2021,513.0,3.0,767.0,1.0,1.0,3.0,0.0,0.0,0.0,0.0,0.0,0.0,0.0,0.0,0.0,4.0
16/05/2021,579.0,3.0,980.0,1.0,1.0,4.0,0.0,0.0,0.0,0.0,0.0,0.0,0.0,0.0,0.0,5.0
17/05/2021,797.0,4.0,1507.0,1.0,2.0,5.0,0.0,0.0,0.0,0.0,0.0,0.0,0.0,0.0,0.0,7.0
18/05/2021,708.0,4.0,1499.0,1.0,2.0,4.0,0.0,0.0,0.0,0.0,0.0,0.0,0.0,0.0,0.0,6.0
19/05/2021,659.0,3.0,1570.0,1.0,2.0,4.0,0.0,0.0,0.0,0.0,0.0,0.0,0.0,0.0,0.0,6.0
20/05/2021,534.0,3.0,1440.0,1.0,2.0,3.0,0.0,0.0,0.0,0.0,0.0,0.0,0.0,0.0,0.0,5.0
21/05/2021,454.0,3.0,1394.0,1.0,2.0,3.0,0.0,0.0,0.0,0.0,0.0,0.0,0.0,0.0,0.0,4.0
22/05/2021,350.0,2.0,1238.0,1.0,2.0,2.0,0.0,0.0,0.0,0.0,0.0,0.0,0.0,0.0,0.0,3.0
23/05/2021,371.0,2.0,1527.0,1.0,2.0,2.0,0.0,0.0,0.0,0.0,0.0,0.0,0.0,0.0,0.0,3.0
24/05/2021,494.0,3.0,2230.0,2.0,3.0,3.0,0.0,0.0,0.0,0.0,0.0,0.0,0.0,0.0,0.0,4.0
25/05/2021,463.0,3.0,2310.0,1.0,3.0,3.0,0.0,0.0,0.0,0.0,0.0,0.0,0.0,0.0,0.0,4.0
26/05/2021,482.0,3.0,2671.0,1.0,3.0,3.0,0.0,0.0,0.0,0.0,0.0,0.0,0.0,0.0,0.0,4.0
27/05/2021,424.0,3.0,2630.0,1.0,3.0,2.0,0.0,0.0,0.0,0.0,0.0,0.0,0.0,0.0,0.0,4.0
28/05/2021,363.0,3.0,2548.0,1.0,2.0,2.0,0.0,0.0,0.0,0.0,0.0,0.0,0.0,0.0,0.0,3.0
29/05/2021,271.0,2.0,2177.0,0.0,2.0,1.0,0.0,0.0,0.0,0.0,0.0,0.0,0.0,0.0,0.0,2.0
30/05/2021,249.0,2.0,2337.0,0.0,1.0,1.0,0.0,0.0,0.0,0.0,0.0,0.0,0.0,0.0,0.0,2.0
31/05/2021,283.0,2.0,2873.0,0.0,2.0,1.0,0.0,0.0,0.0,0.0,0.0,0.0,0.0,0.0,0.0,2.0
01/06/2021,373.0,3.0,4124.0,0.0,2.0,1.0,0.0,0.0,0.0,0.0,0.0,0.0,0.0,0.0,0.0,3.0
02/06/2021,383.0,4.0,4637.0,0.0,2.0,1.0,0.0,0.0,0.0,0.0,0.0,0.0,0.0,0.0,0.0,3.0
03/06/2021,355.0,3.0,4756.0,0.0,2.0,1.0,0.0,0.0,0.0,0.0,0.0,0.0,0.0,0.0,0.0,3.0
04/06/2021,306.0,3.0,4563.0,0.0,2.0,1.0,0.0,0.0,0.0,0.0,0.0,0.0,0.0,0.0,0.0,3.0
05/06/2021,222.0,2.0,3730.0,0.0,2.0,0.0,0.0,0.0,0.0,0.0,0.0,0.0,0.0,0.0,0.0,2.0
06/06/2021,233.0,3.0,4483.0,0.0,2.0,0.0,0.0,0.0,0.0,0.0,0.0,0.0,0.0,0.0,0.0,2.0
07/06/2021,303.0,3.0,6469.0,0.0,2.0,0.0,0.0,0.0,0.0,0.0,0.0,0.0,0.0,0.0,0.0,3.0
08/06/2021,266.0,3.0,6348.0,0.0,2.0,0.0,0.0,0.0,1.0,0.0,0.0,0.0,0.0,0.0,0.0,3.0
09/06/2021,245.0,3.0,6657.0,0.0,2.0,0.0,0.0,0.0,1.0,0.0,0.0,0.0,0.0,0.0,0.0,3.0
10/06/2021,208.0,2.0,6495.0,0.0,1.0,0.0,0.0,0.0,1.0,0.0,0.0,0.0,0.0,0.0,0.0,3.0
11/06/2021,171.0,2.0,6325.0,0.0,1.0,0.0,0.0,0.0,1.0,0.0,0.0,0.0,0.0,0.0,0.0,3.0
12/06/2021,118.0,1.0,5294.0,0.0,1.0,0.0,0.0,0.0,1.0,0.0,0.0,0.0,0.0,0.0,0.0,3.0
13/06/2021,104.0,1.0,5960.0,0.0,0.0,0.0,0.0,0.0,1.0,0.0,0.0,0.0,0.0,0.0,0.0,3.0
14/06/2021,145.0,1.0,8779.0,1.0,1.0,0.0,0.0,0.0,1.0,1.0,0.0,0.0,0.0,0.0,0.0,4.0
15/06/2021,139.0,2.0,8991.0,0.0,1.0,0.0,0.0,0.0,1.0,1.0,0.0,0.0,0.0,0.0,0.0,5.0
16/06/2021,133.0,2.0,9257.0,0.0,1.0,0.0,0.0,0.0,1.0,1.0,0.0,0.0,0.0,0.0,0.0,5.0
17/06/2021,125.0,2.0,9375.0,0.0,1.0,0.0,0.0,0.0,1.0,1.0,0.0,0.0,0.0,0.0,0.0,5.0
18/06/2021,107.0,2.0,8643.0,0.0,1.0,0.0,0.0,0.0,0.0,2.0,0.0,0.0,0.0,0.0,0.0,5.0
19/06/2021,80.0,2.0,7027.0,0.0,1.0,0.0,0.0,0.0,0.0,1.0,0.0,0.0,0.0,0.0,0.0,4.0
20/06/2021,83.0,2.0,8097.0,0.0,1.0,0.0,0.0,0.0,0.0,2.0,0.0,0.0,0.0,0.0,0.0,4.0
21/06/2021,122.0,3.0,12545.0,0.0,1.0,0.0,0.0,0.0,0.0,3.0,0.0,0.0,0.0,0.0,0.0,8.0
22/06/2021,123.0,3.0,13399.0,0.0,1.0,0.0,0.0,0.0,0.0,3.0,0.0,0.0,0.0,0.0,0.0,9.0
23/06/2021,126.0,2.0,14631.0,0.0,1.0,0.0,0.0,0.0,0.0,3.0,0.0,0.0,0.0,0.0,0.0,11.0
24/06/2021,119.0,2.0,14912.0,0.0,1.0,0.0,0.0,0.0,0.0,3.0,0.0,0.0,0.0,0.0,0.0,12.0
25/06/2021,110.0,1.0,14739.0,0.0,0.0,0.0,0.0,0.0,0.0,3.0,0.0,0.0,0.0,0.0,0.0,12.0
26/06/2021,92.0,1.0,13345.0,0.0,0.0,0.0,0.0,0.0,0.0,2.0,0.0,0.0,0.0,0.0,0.0,12.0
27/06/2021,96.0,0.0,15254.0,0.0,0.0,1.0,0.0,0.0,0.0,3.0,0.0,0.0,0.0,0.0,0.0,15.0
28/06/2021,134.0,0.0,23283.0,0.0,0.0,1.0,0.0,0.0,0.0,4.0,0.0,0.0,0.0,0.0,0.0,22.0
29/06/2021,119.0,0.0,23030.0,0.0,1.0,1.0,0.0,0.0,0.0,5.0,0.0,0.0,0.0,0.0,0.0,21.0
30/06/2021,110.0,0.0,23719.0,0.0,1.0,1.0,0.0,0.0,0.0,5.0,0.0,0.0,0.0,0.0,0.0,21.0
01/07/2021,98.0,0.0,24048.0,0.0,2.0,0.0,0.0,0.0,0.0,5.0,0.0,0.0,0.0,0.0,0.0,20.0
02/07/2021,78.0,0.0,22092.0,0.0,2.0,0.0,0.0,0.0,0.0,5.0,0.0,0.0,0.0,0.0,0.0,18.0
03/07/2021,61.0,0.0,20459.0,0.0,2.0,0.0,0.0,0.0,0.0,5.0,0.0,0.0,0.0,0.0,0.0,16.0
04/07/2021,53.0,0.0,21610.0,0.0,3.0,0.0,0.0,0.0,0.0,6.0,0.0,0.0,0.0,0.0,0.0,16.0
05/07/2021,67.0,0.0,29929.0,0.0,4.0,0.0,0.0,0.0,0.0,9.0,0.0,0.0,0.0,0.0,0.0,24.0
06/07/2021,65.0,1.0,31317.0,0.0,4.0,0.0,0.0,0.0,0.0,10.0,0.0,0.0,0.0,0.0,0.0,27.0
07/07/2021,64.0,2.0,33940.0,0.0,5.0,0.0,0.0,0.0,0.0,11.0,0.0,0.0,0.0,0.0,0.0,32.0
08/07/2021,50.0,2.0,29608.0,0.0,4.0,0.0,0.0,0.0,0.0,11.0,0.0,0.0,0.0,0.0,0.0,29.0
09/07/2021,43.0,2.0,28740.0,0.0,4.0,0.0,0.0,0.0,0.0,11.0,0.0,0.0,0.0,0.0,0.0,30.0
10/07/2021,33.0,2.0,25127.0,0.0,4.0,0.0,0.0,0.0,0.0,10.0,0.0,0.0,0.0,0.0,0.0,28.0
11/07/2021,30.0,3.0,27105.0,0.0,4.0,0.0,0.0,0.0,0.0,11.0,0.0,0.0,0.0,0.0,0.0,32.0
12/07/2021,42.0,4.0,40003.0,0.0,6.0,0.0,0.0,0.0,0.0,16.0,0.0,0.0,0.0,0.0,0.0,51.0
13/07/2021,43.0,4.0,42735.0,0.0,6.0,0.0,0.0,0.0,0.0,16.0,0.0,0.0,0.0,0.0,0.0,60.0
14/07/2021,48.0,4.0,49716.0,0.0,7.0,0.0,0.0,0.0,0.0,17.0,0.0,0.0,0.0,0.0,0.0,76.0
15/07/2021,52.0,4.0,56877.0,0.0,7.0,0.0,0.0,0.0,0.0,18.0,0.0,0.0,0.0,0.0,0.0,94.0
16/07/2021,43.0,3.0,50503.0,0.0,6.0,0.0,0.0,0.0,0.0,15.0,0.0,0.0,0.0,0.0,0.0,89.0
17/07/2021,28.0,2.0,34834.0,0.0,4.0,0.0,0.0,0.0,0.0,10.0,0.0,0.0,0.0,0.0,0.0,66.0
18/07/2021,25.0,1.0,32738.0,0.0,4.0,0.0,0.0,0.0,0.0,8.0,0.0,0.0,0.0,0.0,0.0,66.0
19/07/2021,30.0,2.0,42828.0,0.0,4.0,0.0,0.0,0.0,0.0,10.0,0.0,0.0,0.0,0.0,0.0,82.0
20/07/2021,23.0,2.0,35472.0,0.0,3.0,0.0,0.0,0.0,0.0,7.0,0.0,0.0,0.0,0.0,0.0,65.0
21/07/2021,19.0,2.0,31244.0,0.0,3.0,0.0,0.0,0.0,0.0,6.0,0.0,0.0,0.0,0.0,0.0,54.0
22/07/2021,15.0,2.0,27336.0,0.0,2.0,0.0,0.0,0.0,0.0,5.0,0.0,0.0,0.0,0.0,0.0,45.0
23/07/2021,12.0,2.0,24203.0,0.0,2.0,0.0,0.0,0.0,0.0,4.0,0.0,0.0,0.0,0.0,0.0,37.0
24/07/2021,9.0,2.0,19998.0,0.0,1.0,0.0,0.0,0.0,0.0,2.0,0.0,0.0,0.0,0.0,0.0,29.0
25/07/2021,8.0,2.0,19371.0,0.0,1.0,0.0,0.0,0.0,0.0,2.0,0.0,0.0,0.0,0.0,0.0,26.0
26/07/2021,11.0,3.0,26164.0,0.0,2.0,0.0,0.0,0.0,0.0,3.0,0.0,0.0,0.0,0.0,0.0,40.0
27/07/2021,10.0,2.0,25649.0,0.0,2.0,0.0,0.0,0.0,0.0,2.0,0.0,0.0,0.0,0.0,0.0,43.0
28/07/2021,11.0,2.0,26533.0,0.0,1.0,0.0,0.0,0.0,0.0,2.0,0.0,0.0,0.0,0.0,0.0,48.0
29/07/2021,10.0,2.0,24984.0,0.0,1.0,0.0,0.0,0.0,0.0,2.0,0.0,0.0,0.0,0.0,0.0,49.0
30/07/2021,8.0,2.0,21774.0,0.0,1.0,1.0,0.0,0.0,0.0,2.0,0.0,0.0,0.0,0.0,0.0,46.0
31/07/2021,7.0,1.0,18165.0,0.0,1.0,1.0,0.0,0.0,0.0,1.0,0.0,0.0,0.0,0.0,0.0,41.0
01/08/2021,7.0,1.0,18339.0,0.0,1.0,1.0,0.0,0.0,0.0,1.0,0.0,0.0,0.0,0.0,0.0,44.0
02/08/2021,10.0,2.0,26079.0,0.0,1.0,1.0,0.0,0.0,0.0,2.0,0.0,0.0,0.0,0.0,0.0,120.0
03/08/2021,9.0,2.0,26469.0,0.0,1.0,1.0,0.0,0.0,0.0,3.0,0.0,0.0,0.0,0.0,0.0,180.0
04/08/2021,9.0,2.0,28174.0,0.0,1.0,1.0,0.0,0.0,0.0,3.0,0.0,0.0,0.0,0.0,0.0,254.0
05/08/2021,9.0,1.0,27336.0,0.0,1.0,0.0,0.0,0.0,0.0,4.0,0.0,0.0,0.0,0.0,0.0,308.0
06/08/2021,7.0,1.0,24098.0,0.0,1.0,0.0,0.0,0.0,0.0,4.0,0.0,0.0,0.0,0.0,0.0,326.0
07/08/2021,5.0,1.0,19297.0,0.0,1.0,0.0,0.0,0.0,0.0,3.0,0.0,0.0,0.0,0.0,0.0,305.0
08/08/2021,5.0,1.0,19400.0,0.0,1.0,0.0,0.0,0.0,0.0,4.0,0.0,0.0,0.0,0.0,0.0,351.0
09/08/2021,7.0,1.0,27278.0,0.0,1.0,0.0,0.0,0.0,0.0,4.0,0.0,0.0,0.0,0.0,0.0,429.0
10/08/2021,6.0,1.0,26673.0,0.0,1.0,0.0,0.0,0.0,0.0,4.0,0.0,0.0,0.0,0.0,0.0,358.0
11/08/2021,5.0,1.0,28199.0,0.0,1.0,0.0,0.0,0.0,0.0,3.0,0.0,0.0,0.0,0.0,0.0,313.0
12/08/2021,5.0,1.0,26849.0,0.0,0.0,1.0,0.0,0.0,0.0,2.0,0.0,0.0,0.0,0.0,0.0,236.0
13/08/2021,4.0,1.0,24279.0,0.0,0.0,1.0,0.0,0.0,0.0,1.0,0.0,0.0,0.0,0.0,0.0,158.0
14/08/2021,3.0,1.0,20770.0,0.0,0.0,1.0,0.0,0.0,0.0,1.0,0.0,0.0,0.0,0.0,0.0,87.0
15/08/2021,2.0,1.0,20751.0,0.0,0.0,1.0,0.0,0.0,0.0,0.0,0.0,0.0,0.0,0.0,0.0,40.0
16/08/2021,3.0,1.0,30058.0,0.0,0.0,1.0,0.0,0.0,0.0,0.0,0.0,0.0,0.0,0.0,0.0,52.0
17/08/2021,4.0,1.0,30252.0,0.0,0.0,1.0,0.0,0.0,0.0,0.0,0.0,0.0,0.0,0.0,0.0,47.0
18/08/2021,4.0,1.0,30544.0,0.0,0.0,1.0,0.0,0.0,0.0,0.0,0.0,0.0,0.0,0.0,0.0,42.0
19/08/2021,4.0,1.0,28218.0,0.0,0.0,0.0,0.0,0.0,0.0,0.0,0.0,0.0,0.0,0.0,0.0,33.0
20/08/2021,4.0,1.0,24775.0,0.0,0.0,0.0,0.0,0.0,0.0,0.0,0.0,0.0,0.0,0.0,0.0,25.0
21/08/2021,3.0,1.0,21877.0,0.0,0.0,0.0,0.0,0.0,0.0,0.0,0.0,0.0,0.0,0.0,0.0,18.0
22/08/2021,4.0,1.0,21670.0,0.0,0.0,0.0,0.0,0.0,0.0,0.0,0.0,0.0,0.0,0.0,0.0,13.0
23/08/2021,5.0,1.0,29333.0,0.0,0.0,0.0,0.0,0.0,0.0,0.0,0.0,0.0,0.0,0.0,0.0,20.0
24/08/2021,4.0,1.0,27272.0,0.0,0.0,0.0,0.0,0.0,0.0,0.0,0.0,0.0,0.0,0.0,0.0,20.0
25/08/2021,4.0,1.0,26963.0,0.0,0.0,0.0,0.0,0.0,0.0,0.0,0.0,0.0,0.0,0.0,0.0,21.0
26/08/2021,4.0,0.0,25584.0,0.0,0.0,0.0,0.0,0.0,0.0,0.0,0.0,0.0,0.0,0.0,0.0,22.0
27/08/2021,4.0,0.0,23418.0,0.0,1.0,0.0,0.0,0.0,0.0,0.0,0.0,0.0,0.0,0.0,0.0,21.0
28/08/2021,3.0,0.0,19443.0,0.0,1.0,0.0,0.0,0.0,0.0,0.0,0.0,0.0,0.0,0.0,0.0,19.0
29/08/2021,3.0,0.0,18484.0,0.0,1.0,0.0,0.0,0.0,0.0,0.0,0.0,0.0,0.0,0.0,0.0,19.0
30/08/2021,4.0,0.0,24063.0,0.0,1.0,0.0,0.0,0.0,0.0,0.0,0.0,0.0,0.0,0.0,0.0,26.0
31/08/2021,5.0,0.0,32326.0,0.0,1.0,0.0,0.0,0.0,0.0,0.0,0.0,0.0,0.0,0.0,0.0,36.0
01/09/2021,4.0,0.0,30386.0,0.0,1.0,0.0,0.0,0.0,0.0,0.0,0.0,0.0,0.0,0.0,0.0,35.0
02/09/2021,4.0,0.0,29428.0,0.0,0.0,0.0,0.0,0.0,0.0,0.0,0.0,0.0,0.0,0.0,0.0,35.0
03/09/2021,4.0,0.0,27575.0,0.0,0.0,0.0,0.0,0.0,0.0,0.0,0.0,0.0,0.0,0.0,0.0,34.0
04/09/2021,3.0,0.0,22443.0,0.0,0.0,0.0,0.0,0.0,0.0,0.0,0.0,0.0,0.0,0.0,0.0,29.0
05/09/2021,3.0,0.0,22463.0,0.0,0.0,0.0,0.0,0.0,0.0,0.0,0.0,0.0,0.0,0.0,0.0,30.0
06/09/2021,4.0,0.0,31671.0,0.0,0.0,0.0,0.0,0.0,0.0,0.0,0.0,0.0,0.0,0.0,0.0,41.0
07/09/2021,3.0,0.0,26662.0,0.0,0.0,0.0,0.0,0.0,0.0,0.0,0.0,0.0,0.0,0.0,0.0,33.0
08/09/2021,3.0,0.0,24446.0,0.0,0.0,0.0,0.0,0.0,0.0,0.0,0.0,0.0,0.0,0.0,0.0,30.0
09/09/2021,3.0,0.0,23245.0,0.0,0.0,0.0,0.0,0.0,0.0,0.0,0.0,0.0,0.0,0.0,0.0,27.0
10/09/2021,3.0,0.0,19966.0,0.0,0.0,0.0,0.0,0.0,0.0,0.0,0.0,0.0,0.0,0.0,0.0,23.0
11/09/2021,3.0,0.0,16078.0,0.0,0.0,0.0,0.0,0.0,0.0,0.0,0.0,0.0,0.0,0.0,0.0,18.0
12/09/2021,3.0,0.0,16921.0,0.0,0.0,1.0,0.0,0.0,0.0,0.0,0.0,0.0,0.0,0.0,0.0,18.0
13/09/2021,4.0,0.0,23809.0,0.0,0.0,1.0,0.0,0.0,0.0,0.0,0.0,0.0,0.0,0.0,0.0,23.0
14/09/2021,4.0,0.0,21343.0,0.0,0.0,1.0,0.0,0.0,0.0,0.0,0.0,0.0,0.0,0.0,0.0,19.0
15/09/2021,3.0,0.0,21072.0,0.0,0.0,0.0,0.0,0.0,0.0,0.0,0.0,0.0,0.0,0.0,0.0,16.0
16/09/2021,3.0,0.0,20825.0,0.0,0.0,0.0,0.0,0.0,0.0,0.0,0.0,0.0,0.0,0.0,0.0,14.0
17/09/2021,3.0,0.0,20978.0,0.0,0.0,0.0,0.0,0.0,0.0,0.0,0.0,0.0,0.0,0.0,0.0,12.0
18/09/2021,3.0,0.0,19591.0,0.0,0.0,0.0,0.0,0.0,0.0,0.0,0.0,0.0,0.0,0.0,0.0,10.0
19/09/2021,3.0,0.0,23172.0,0.0,0.0,0.0,0.0,0.0,0.0,0.0,0.0,0.0,0.0,0.0,0.0,9.0
20/09/2021,4.0,0.0,29953.0,0.0,0.0,0.0,0.0,0.0,0.0,0.0,0.0,0.0,0.0,0.0,0.0,14.0
21/09/2021,3.0,0.0,28424.0,0.0,0.0,0.0,0.0,0.0,0.0,0.0,0.0,0.0,0.0,0.0,0.0,14.0
22/09/2021,2.0,0.0,26735.0,0.0,0.0,0.0,0.0,0.0,0.0,0.0,0.0,0.0,0.0,0.0,0.0,15.0
23/09/2021,2.0,0.0,26259.0,0.0,0.0,0.0,0.0,0.0,0.0,0.0,0.0,0.0,0.0,0.0,0.0,16.0
24/09/2021,1.0,0.0,23812.0,0.0,0.0,0.0,0.0,0.0,0.0,0.0,0.0,0.0,0.0,0.0,0.0,16.0
25/09/2021,0.0,0.0,21584.0,0.0,0.0,0.0,0.0,0.0,0.0,0.0,0.0,0.0,0.0,0.0,0.0,15.0
26/09/2021,0.0,0.0,24682.0,0.0,0.0,0.0,0.0,0.0,0.0,0.0,0.0,0.0,0.0,0.0,0.0,19.0
27/09/2021,0.0,0.0,31822.0,0.0,0.0,0.0,0.0,0.0,0.0,0.0,0.0,0.0,0.0,0.0,0.0,26.0
28/09/2021,1.0,0.0,27222.0,0.0,1.0,0.0,0.0,0.0,0.0,0.0,0.0,0.0,0.0,0.0,0.0,24.0
29/09/2021,1.0,0.0,26318.0,0.0,1.0,0.0,0.0,0.0,0.0,0.0,0.0,0.0,0.0,0.0,0.0,24.0
30/09/2021,1.0,0.0,24574.0,0.0,1.0,0.0,0.0,0.0,0.0,0.0,0.0,0.0,0.0,0.0,0.0,24.0
01/10/2021,1.0,0.0,22097.0,0.0,1.0,0.0,0.0,0.0,0.0,0.0,0.0,0.0,0.0,0.0,0.0,23.0
02/10/2021,1.0,0.0,20002.0,0.0,1.0,0.0,0.0,0.0,0.0,0.0,0.0,0.0,0.0,0.0,0.0,22.0
03/10/2021,2.0,0.0,24790.0,0.0,2.0,0.0,0.0,0.0,0.0,0.0,0.0,0.0,0.0,0.0,0.0,28.0
04/10/2021,3.0,0.0,33292.0,0.0,2.0,0.0,0.0,0.0,0.0,0.0,0.0,0.0,0.0,0.0,0.0,38.0
05/10/2021,2.0,0.0,29420.0,0.0,1.0,0.0,0.0,0.0,0.0,0.0,0.0,0.0,0.0,0.0,0.0,34.0
06/10/2021,3.0,0.0,29653.0,0.0,1.0,0.0,0.0,0.0,0.0,0.0,0.0,0.0,0.0,0.0,0.0,34.0
07/10/2021,3.0,0.0,29278.0,0.0,1.0,0.0,0.0,0.0,0.0,0.0,0.0,0.0,0.0,0.0,0.0,34.0
08/10/2021,3.0,0.0,27142.0,0.0,1.0,0.0,0.0,0.0,0.0,0.0,0.0,0.0,0.0,0.0,0.0,31.0
09/10/2021,3.0,0.0,24696.0,0.0,0.0,0.0,0.0,0.0,0.0,0.0,0.0,0.0,0.0,0.0,0.0,29.0
10/10/2021,3.0,0.0,28596.0,0.0,0.0,0.0,0.0,0.0,0.0,0.0,0.0,0.0,0.0,0.0,0.0,33.0
11/10/2021,4.0,0.0,39028.0,0.0,0.0,0.0,0.0,0.0,0.0,0.0,0.0,0.0,0.0,0.0,0.0,44.0
12/10/2021,3.0,0.0,36910.0,0.0,0.0,0.0,0.0,0.0,0.0,0.0,0.0,0.0,0.0,0.0,0.0,41.0
13/10/2021,3.0,0.0,36506.0,0.0,0.0,0.0,0.0,0.0,0.0,1.0,0.0,0.0,0.0,0.0,0.0,40.0
14/10/2021,2.0,0.0,35249.0,0.0,0.0,0.0,0.0,0.0,0.0,1.0,0.0,0.0,0.0,0.0,0.0,38.0
15/10/2021,2.0,0.0,32788.0,0.0,0.0,0.0,0.0,0.0,0.0,1.0,0.0,0.0,0.0,0.0,0.0,35.0
16/10/2021,1.0,0.0,28243.0,0.0,0.0,0.0,0.0,0.0,0.0,1.0,0.0,0.0,0.0,0.0,0.0,29.0
17/10/2021,1.0,0.0,33376.0,0.0,0.0,0.0,0.0,0.0,0.0,1.0,0.0,0.0,0.0,0.0,0.0,34.0
18/10/2021,1.0,0.0,43745.0,0.0,0.0,0.0,0.0,0.0,0.0,1.0,0.0,0.0,0.0,0.0,0.0,44.0
19/10/2021,1.0,0.0,39546.0,0.0,0.0,0.0,0.0,0.0,0.0,1.0,0.0,0.0,0.0,0.0,0.0,40.0
20/10/2021,1.0,0.0,38883.0,0.0,0.0,0.0,0.0,0.0,0.0,1.0,0.0,0.0,0.0,0.0,0.0,39.0
21/10/2021,1.0,0.0,34052.0,0.0,0.0,0.0,0.0,0.0,0.0,0.0,0.0,0.0,0.0,0.0,0.0,33.0
22/10/2021,1.0,0.0,30390.0,0.0,0.0,0.0,0.0,0.0,0.0,0.0,0.0,0.0,0.0,0.0,0.0,30.0
23/10/2021,1.0,0.0,26141.0,0.0,0.0,0.0,0.0,0.0,0.0,0.0,0.0,0.0,0.0,0.0,0.0,25.0
24/10/2021,1.0,0.0,26388.0,0.0,0.0,0.0,0.0,0.0,0.0,0.0,0.0,0.0,0.0,0.0,0.0,25.0
25/10/2021,1.0,0.0,34898.0,0.0,0.0,0.0,0.0,0.0,0.0,0.0,1.0,0.0,0.0,0.0,0.0,31.0
26/10/2021,1.0,0.0,30692.0,0.0,0.0,0.0,0.0,0.0,0.0,0.0,2.0,0.0,0.0,0.0,0.0,26.0
27/10/2021,1.0,0.0,31650.0,0.0,0.0,0.0,0.0,0.0,0.0,0.0,3.0,0.0,0.0,0.0,0.0,25.0
28/10/2021,1.0,0.0,30269.0,0.0,0.0,0.0,0.0,0.0,0.0,0.0,3.0,0.0,0.0,0.0,0.0,22.0
29/10/2021,1.0,0.0,29227.0,0.0,0.0,0.0,0.0,0.0,0.0,0.0,4.0,0.0,0.0,0.0,0.0,20.0
30/10/2021,1.0,0.0,24183.0,0.0,0.0,0.0,0.0,0.0,0.0,0.0,4.0,0.0,0.0,0.0,0.0,15.0
31/10/2021,1.0,0.0,25201.0,0.0,0.0,0.0,0.0,0.0,0.0,0.0,5.0,0.0,0.0,0.0,0.0,14.0
01/11/2021,1.0,0.0,31987.0,0.0,0.0,0.0,0.0,0.0,0.0,0.0,5.0,0.0,0.0,0.0,0.0,19.0
02/11/2021,1.0,0.0,26498.0,0.0,0.0,0.0,0.0,0.0,0.0,0.0,4.0,0.0,0.0,0.0,0.0,16.0
03/11/2021,1.0,0.0,24763.0,0.0,0.0,0.0,0.0,0.0,0.0,0.0,3.0,0.0,0.0,0.0,0.0,16.0
04/11/2021,1.0,0.0,22968.0,0.0,0.0,0.0,0.0,0.0,0.0,0.0,2.0,0.0,0.0,0.0,0.0,15.0
05/11/2021,1.0,0.0,20390.0,0.0,0.0,0.0,0.0,0.0,0.0,0.0,2.0,0.0,0.0,0.0,0.0,14.0
06/11/2021,1.0,0.0,18791.0,0.0,0.0,0.0,0.0,0.0,0.0,0.0,1.0,0.0,0.0,0.0,0.0,13.0
07/11/2021,1.0,1.0,21089.0,0.0,0.0,0.0,0.0,0.0,0.0,0.0,1.0,0.0,0.0,0.0,0.0,15.0
08/11/2021,1.0,1.0,29817.0,0.0,0.0,0.0,0.0,0.0,0.0,0.0,2.0,0.0,0.0,0.0,0.0,23.0
09/11/2021,1.0,1.0,28486.0,0.0,0.0,0.0,0.0,0.0,0.0,0.0,2.0,0.0,0.0,0.0,0.0,23.0
10/11/2021,0.0,0.0,28942.0,0.0,0.0,0.0,0.0,0.0,0.0,0.0,3.0,0.0,0.0,0.0,0.0,24.0
11/11/2021,0.0,0.0,27430.0,0.0,0.0,0.0,0.0,0.0,0.0,0.0,4.0,0.0,0.0,0.0,0.0,24.0
12/11/2021,0.0,0.0,25392.0,0.0,0.0,0.0,0.0,0.0,0.0,0.0,4.0,0.0,0.0,0.0,0.0,23.0
13/11/2021,0.0,0.0,22074.0,0.0,0.0,0.0,0.0,0.0,0.0,0.0,4.0,0.0,0.0,0.0,0.0,21.0
14/11/2021,0.0,0.0,23762.0,0.0,0.0,0.0,0.0,0.0,0.0,0.0,5.0,0.0,0.0,0.0,0.0,24.0
15/11/2021,0.0,0.0,34006.0,0.0,0.0,0.0,0.0,0.0,0.0,0.0,19.0,0.0,0.0,0.0,0.0,31.0
16/11/2021,0.0,0.0,30841.0,0.0,0.0,0.0,0.0,0.0,0.0,0.0,27.0,0.0,0.0,0.0,0.0,26.0
17/11/2021,0.0,0.0,30421.0,0.0,0.0,0.0,0.0,0.0,0.0,0.0,36.0,0.0,0.0,0.0,0.0,24.0
18/11/2021,0.0,0.0,29402.0,0.0,0.0,0.0,0.0,0.0,0.0,0.0,44.0,0.0,0.0,0.0,0.0,21.0
19/11/2021,0.0,0.0,26207.0,0.0,0.0,0.0,0.0,0.0,0.0,0.0,48.0,0.0,0.0,0.0,0.0,17.0
20/11/2021,1.0,0.0,23513.0,0.0,0.0,0.0,0.0,0.0,0.0,0.0,51.0,0.0,0.0,0.0,0.0,14.0
21/11/2021,1.0,0.0,24918.0,0.0,0.0,0.0,0.0,0.0,0.0,0.0,62.0,0.0,0.0,0.0,0.0,13.0
22/11/2021,1.0,0.0,33414.0,0.0,0.0,0.0,0.0,0.0,0.0,0.0,158.0,0.0,0.0,0.0,0.0,18.0
23/11/2021,1.0,0.0,31762.0,0.0,0.0,0.0,0.0,0.0,0.0,0.0,221.0,0.0,0.0,0.0,0.0,17.0
24/11/2021,0.0,0.0,30679.0,0.0,0.0,0.0,0.0,0.0,0.0,0.0,284.0,0.0,0.0,0.0,0.0,17.0
25/11/2021,0.0,0.0,28383.0,0.0,0.0,0.0,0.0,0.0,0.0,0.0,328.0,0.0,0.0,0.0,0.0,17.0
26/11/2021,0.0,0.0,25559.0,0.0,0.0,0.0,0.0,0.0,0.0,0.0,356.0,0.0,0.0,0.0,0.0,16.0
27/11/2021,0.0,0.0,21457.0,0.0,0.0,0.0,0.0,0.0,0.0,0.0,350.0,0.0,0.0,0.0,0.0,14.0
28/11/2021,0.0,0.0,25353.0,0.0,0.0,0.0,0.0,0.0,0.0,0.0,474.0,0.0,0.0,0.0,0.0,17.0
29/11/2021,0.0,0.0,35181.0,0.0,0.0,0.0,0.0,0.0,0.0,0.0,1483.0,0.0,0.0,0.0,0.0,27.0
30/11/2021,0.0,0.0,34224.0,0.0,0.0,0.0,0.0,0.0,0.0,0.0,2279.0,1.0,0.0,0.0,0.0,30.0
01/12/2021,0.0,0.0,33241.0,0.0,0.0,0.0,0.0,0.0,0.0,0.0,3062.0,1.0,0.0,0.0,0.0,33.0
02/12/2021,0.0,0.0,29621.0,0.0,0.0,0.0,0.0,0.0,0.0,0.0,3517.0,2.0,0.0,0.0,0.0,33.0
03/12/2021,0.0,0.0,26390.0,0.0,0.0,0.0,0.0,0.0,0.0,0.0,3868.0,2.0,0.0,0.0,0.0,33.0
04/12/2021,0.0,0.0,21951.0,0.0,0.0,0.0,0.0,0.0,0.0,0.0,3857.0,2.0,0.0,0.0,0.0,30.0
05/12/2021,0.0,0.0,22487.0,0.0,0.0,0.0,0.0,0.0,0.0,0.0,4638.0,2.0,0.0,0.0,0.0,34.0
06/12/2021,0.0,0.0,30347.0,0.0,0.0,0.0,0.0,0.0,0.0,0.0,10045.0,3.0,0.0,0.0,0.0,48.0
07/12/2021,0.0,0.0,26250.0,0.0,0.0,0.0,0.0,0.0,0.0,0.0,12545.0,2.0,0.0,0.0,0.0,44.0
08/12/2021,0.0,0.0,24871.0,0.0,0.0,0.0,0.0,0.0,0.0,0.0,16253.0,2.0,0.0,0.0,0.0,44.0
09/12/2021,0.0,0.0,21893.0,0.0,0.0,0.0,0.0,0.0,0.0,0.0,18981.0,1.0,0.0,0.0,0.0,42.0
10/12/2021,0.0,0.0,18007.0,0.0,0.0,0.0,0.0,0.0,0.0,0.0,20388.0,1.0,0.0,0.0,0.0,37.0
11/12/2021,0.0,0.0,14748.0,0.0,0.0,0.0,0.0,0.0,0.0,1.0,21688.0,0.0,0.0,0.0,0.0,34.0
12/12/2021,0.0,0.0,14055.0,0.0,0.0,0.0,0.0,0.0,0.0,1.0,26945.0,0.0,0.0,0.0,0.0,36.0
13/12/2021,0.0,0.0,21234.0,0.0,0.0,0.0,0.0,0.0,0.0,1.0,47120.0,2.0,0.0,0.0,0.0,68.0
14/12/2021,0.0,0.0,22849.0,0.0,0.0,0.0,0.0,0.0,0.0,1.0,59007.0,5.0,0.0,0.0,0.0,90.0
15/12/2021,0.0,0.0,22553.0,0.0,0.0,0.0,0.0,0.0,0.0,1.0,68291.0,9.0,0.0,0.0,0.0,110.0
16/12/2021,0.0,0.0,18827.0,0.0,0.0,0.0,0.0,0.0,0.0,1.0,67540.0,11.0,0.0,0.0,0.0,114.0
17/12/2021,0.0,0.0,14876.0,0.0,0.0,0.0,0.0,0.0,0.0,0.0,64120.0,13.0,0.0,0.0,0.0,113.0
18/12/2021,0.0,0.0,11801.0,0.0,0.0,0.0,0.0,0.0,0.0,0.0,62319.0,14.0,0.0,0.0,0.0,114.0
19/12/2021,0.0,0.0,9726.0,0.0,0.0,0.0,0.0,0.0,0.0,0.0,64702.0,16.0,0.0,0.0,0.0,122.0
20/12/2021,0.0,0.0,13104.0,0.0,0.0,0.0,0.0,0.0,0.0,0.0,98957.0,43.0,0.0,0.0,0.0,170.0
21/12/2021,1.0,0.0,12832.0,0.0,0.0,0.0,0.0,0.0,0.0,0.0,111349.0,68.0,0.0,0.0,0.0,172.0
22/12/2021,1.0,0.0,11959.0,0.0,0.0,0.0,0.0,0.0,0.0,0.0,121099.0,95.0,0.0,0.0,0.0,168.0
23/12/2021,1.0,0.0,10159.0,0.0,0.0,0.0,0.0,0.0,0.0,0.0,122526.0,116.0,0.0,0.0,0.0,151.0
24/12/2021,1.0,0.0,7254.0,0.0,0.0,0.0,0.0,0.0,0.0,0.0,107180.0,118.0,0.0,0.0,0.0,116.0
25/12/2021,1.0,0.0,2951.0,0.0,0.0,0.0,0.0,0.0,0.0,0.0,55668.0,70.0,0.0,0.0,0.0,52.0
26/12/2021,2.0,0.0,3641.0,0.0,0.0,0.0,0.0,0.0,0.0,0.0,93631.0,131.0,0.0,0.0,0.0,75.0
27/12/2021,3.0,0.0,5270.0,0.0,0.0,0.0,0.0,0.0,0.0,0.0,147790.0,312.0,0.0,0.0,0.0,116.0
28/12/2021,3.0,0.0,5277.0,0.0,0.0,0.0,0.0,0.0,0.0,0.0,162652.0,458.0,0.0,0.0,0.0,125.0
29/12/2021,5.0,0.0,6272.0,0.0,0.0,0.0,0.0,0.0,0.0,0.0,214379.0,755.0,0.0,0.0,0.0,162.0
30/12/2021,4.0,0.0,4832.0,0.0,0.0,0.0,0.0,0.0,0.0,0.0,185197.0,782.0,0.0,0.0,0.0,138.0
31/12/2021,4.0,0.0,3381.0,0.0,0.0,0.0,0.0,0.0,0.0,0.0,147364.0,725.0,0.0,0.0,0.0,107.0
01/01/2022,2.0,0.0,1903.0,0.0,0.0,0.0,0.0,0.0,0.0,0.0,95998.0,538.0,0.0,0.0,0.0,69.0
02/01/2022,4.0,0.0,2413.0,0.0,0.0,0.0,0.0,0.0,0.0,0.0,144272.0,908.0,0.0,0.0,0.0,101.0
03/01/2022,5.0,0.0,2910.0,0.0,0.0,0.0,0.0,0.0,0.0,0.0,188031.0,1436.0,0.0,0.0,0.0,129.0
04/01/2022,7.0,0.0,3246.0,0.0,0.0,0.0,0.0,0.0,0.0,0.0,228214.0,2050.0,0.0,0.0,0.0,153.0
05/01/2022,5.0,0.0,2318.0,0.0,0.0,0.0,0.0,0.0,0.0,0.0,178652.0,1845.0,0.0,0.0,0.0,117.0
06/01/2022,5.0,0.0,1720.0,0.0,0.0,0.0,0.0,0.0,0.0,0.0,146650.0,1712.0,0.0,0.0,0.0,94.0
07/01/2022,3.0,0.0,1072.0,0.0,0.0,0.0,0.0,0.0,0.0,0.0,102243.0,1331.0,0.0,0.0,0.0,64.0
08/01/2022,3.0,0.0,730.0,0.0,0.0,0.0,0.0,0.0,0.0,0.0,79066.0,1135.0,0.0,0.0,0.0,48.0
09/01/2022,3.0,0.0,647.0,0.0,0.0,0.0,0.0,0.0,0.0,0.0,80897.0,1270.0,0.0,0.0,0.0,48.0
10/01/2022,3.0,0.0,818.0,0.0,0.0,0.0,0.0,0.0,0.0,0.0,112987.0,2074.0,1.0,0.0,0.0,68.0
11/01/2022,2.0,0.0,636.0,0.0,0.0,0.0,0.0,0.0,0.0,0.0,97998.0,2061.0,1.0,0.0,0.0,60.0
12/01/2022,2.0,0.0,500.0,0.0,0.0,0.0,0.0,0.0,0.0,0.0,87198.0,2068.0,1.0,1.0,0.0,54.0
13/01/2022,1.0,0.0,405.0,0.0,0.0,0.0,0.0,0.0,0.0,0.0,81373.0,2149.0,2.0,1.0,0.0,52.0
14/01/2022,1.0,0.0,306.0,0.0,0.0,0.0,0.0,0.0,0.0,0.0,72588.0,2113.0,2.0,1.0,0.0,47.0
15/01/2022,0.0,0.0,225.0,0.0,0.0,0.0,0.0,0.0,0.0,0.0,65362.0,2079.0,2.0,1.0,0.0,43.0
16/01/2022,0.0,0.0,221.0,0.0,0.0,0.0,0.0,0.0,0.0,0.0,82348.0,2844.0,3.0,1.0,0.0,55.0
17/01/2022,0.0,0.0,271.0,0.0,0.0,0.0,0.0,0.0,0.0,0.0,109893.0,4397.0,6.0,2.0,0.0,71.0
18/01/2022,0.0,0.0,221.0,0.0,0.0,0.0,0.0,0.0,0.0,0.0,98318.0,4478.0,7.0,1.0,0.0,61.0
19/01/2022,0.0,0.0,187.0,0.0,0.0,0.0,0.0,0.0,0.0,0.0,92267.0,4718.0,8.0,1.0,0.0,56.0
20/01/2022,0.0,0.0,148.0,0.0,0.0,0.0,0.0,0.0,0.0,0.0,82011.0,4657.0,8.0,1.0,0.0,48.0
21/01/2022,0.0,0.0,117.0,0.0,0.0,0.0,0.0,0.0,0.0,0.0,74150.0,4634.0,9.0,0.0,0.0,41.0
22/01/2022,0.0,0.0,89.0,0.0,0.0,0.0,0.0,0.0,0.0,0.0,65801.0,4491.0,9.0,0.0,0.0,35.0
23/01/2022,0.0,0.0,92.0,0.0,0.0,0.0,0.0,0.0,0.0,0.0,82239.0,6092.0,13.0,0.0,0.0,42.0
24/01/2022,0.0,0.0,105.0,0.0,0.0,0.0,0.0,0.0,0.0,0.0,100307.0,8659.0,18.0,0.0,0.0,63.0
25/01/2022,1.0,0.0,85.0,0.0,0.0,0.0,0.0,0.0,0.0,0.0,88005.0,8700.0,17.0,0.0,0.0,66.0
26/01/2022,1.0,0.0,74.0,0.0,0.0,0.0,0.0,0.0,0.0,0.0,83650.0,9343.0,18.0,0.0,1.0,74.0
27/01/2022,1.0,0.0,58.0,0.0,0.0,0.0,0.0,0.0,0.0,0.0,73368.0,9158.0,17.0,0.0,1.0,74.0
28/01/2022,2.0,0.0,45.0,0.0,0.0,0.0,0.0,0.0,0.0,0.0,62829.0,8687.0,16.0,0.0,1.0,71.0
29/01/2022,2.0,0.0,34.0,0.0,0.0,0.0,0.0,0.0,0.0,0.0,54576.0,8298.0,15.0,0.0,1.0,69.0
30/01/2022,2.0,0.0,34.0,0.0,0.0,0.0,0.0,0.0,0.0,0.0,64029.0,10639.0,19.0,0.0,1.0,90.0
31/01/2022,2.0,0.0,39.0,0.0,0.0,0.0,0.0,0.0,0.0,0.0,74484.0,13695.0,28.0,0.0,1.0,104.0
01/02/2022,2.0,0.0,34.0,0.0,0.0,0.0,0.0,0.0,0.0,0.0,65012.0,13141.0,29.0,0.0,1.0,90.0
02/02/2022,1.0,0.0,31.0,0.0,0.0,0.0,0.0,0.0,0.0,0.0,60386.0,13343.0,32.0,0.0,1.0,82.0
03/02/2022,1.0,0.0,26.0,0.0,0.0,0.0,0.0,0.0,0.0,0.0,51489.0,12378.0,32.0,0.0,0.0,69.0
04/02/2022,0.0,0.0,21.0,0.0,0.0,0.0,0.0,0.0,0.0,0.0,41545.0,10821.0,29.0,0.0,0.0,55.0
05/02/2022,0.0,0.0,16.0,0.0,0.0,0.0,0.0,0.0,0.0,0.0,33669.0,9467.0,27.0,0.0,0.0,44.0
06/02/2022,0.0,0.0,18.0,0.0,0.0,0.0,0.0,0.0,0.0,0.0,38403.0,11621.0,34.0,0.0,0.0,50.0
07/02/2022,0.0,0.0,22.0,0.0,0.0,0.0,0.0,0.0,0.0,0.0,46549.0,15959.0,49.0,0.0,0.0,64.0
08/02/2022,0.0,0.0,19.0,0.0,0.0,0.0,0.0,0.0,0.0,0.0,39892.0,15384.0,49.0,0.0,0.0,58.0
09/02/2022,0.0,0.0,17.0,0.0,0.0,0.0,0.0,0.0,0.0,0.0,35529.0,15324.0,50.0,0.0,0.0,54.0
10/02/2022,0.0,0.0,14.0,0.0,0.0,0.0,0.0,0.0,0.0,0.0,27844.0,13367.0,45.0,0.0,0.0,45.0
11/02/2022,0.0,0.0,11.0,0.0,0.0,0.0,0.0,0.0,0.0,0.0,22742.0,12106.0,42.0,0.0,0.0,39.0
12/02/2022,0.0,0.0,9.0,0.0,0.0,0.0,0.0,0.0,0.0,0.0,18233.0,10727.0,38.0,0.0,0.0,33.0
13/02/2022,0.0,0.0,10.0,0.0,0.0,0.0,0.0,0.0,0.0,0.0,19539.0,12675.0,45.0,0.0,0.0,37.0
14/02/2022,0.0,0.0,13.0,0.0,0.0,0.0,0.0,0.0,0.0,0.0,24651.0,17653.0,64.0,0.0,0.0,49.0
15/02/2022,0.0,0.0,12.0,0.0,0.0,0.0,0.0,0.0,0.0,0.0,22361.0,17650.0,65.0,0.0,0.0,47.0
16/02/2022,0.0,0.0,12.0,0.0,0.0,0.0,0.0,0.0,0.0,0.0,21023.0,18270.0,68.0,0.0,0.0,46.0
17/02/2022,0.0,0.0,10.0,0.0,0.0,0.0,0.0,0.0,0.0,0.0,17394.0,16634.0,63.0,0.0,0.0,40.0
18/02/2022,0.0,0.0,7.0,0.0,0.0,0.0,0.0,0.0,0.0,0.0,12101.0,12731.0,49.0,0.0,0.0,29.0
19/02/2022,0.0,0.0,8.0,0.0,0.0,0.0,0.0,0.0,0.0,0.0,12204.0,14129.0,55.0,0.0,0.0,31.0
20/02/2022,0.0,0.0,8.0,0.0,0.0,0.0,0.0,0.0,0.0,0.0,12427.0,15843.0,62.0,0.0,0.0,34.0
21/02/2022,0.0,0.0,8.0,0.0,0.0,0.0,0.0,0.0,0.0,0.0,13655.0,19248.0,74.0,0.0,0.0,36.0
22/02/2022,0.0,0.0,6.0,0.0,0.0,0.0,0.0,0.0,0.0,0.0,10884.0,16993.0,65.0,0.0,0.0,28.0
23/02/2022,0.0,0.0,5.0,0.0,0.0,0.0,0.0,0.0,0.0,0.0,9478.0,16428.0,62.0,0.0,0.0,23.0
24/02/2022,0.0,0.0,3.0,0.0,0.0,0.0,0.0,0.0,0.0,0.0,7438.0,14357.0,53.0,0.0,0.0,18.0
25/02/2022,0.0,0.0,2.0,0.0,0.0,0.0,0.0,0.0,0.0,0.0,6167.0,13305.0,49.0,0.0,0.0,14.0
26/02/2022,0.0,0.0,1.0,0.0,0.0,0.0,0.0,0.0,0.0,0.0,5127.0,12423.0,45.0,0.0,0.0,11.0
27/02/2022,0.0,0.0,1.0,0.0,0.0,0.0,0.0,0.0,0.0,0.0,5912.0,16183.0,59.0,0.0,0.0,12.0
28/02/2022,0.0,0.0,2.0,0.0,0.0,0.0,0.0,0.0,0.0,0.0,8007.0,23742.0,88.0,0.0,0.0,17.0
01/03/2022,0.0,0.0,2.0,0.0,0.0,0.0,0.0,0.0,0.0,0.0,7515.0,24221.0,92.0,0.0,0.0,17.0
02/03/2022,0.0,0.0,3.0,0.0,0.0,0.0,0.0,0.0,0.0,0.0,7357.0,25872.0,101.0,0.0,0.0,19.0
03/03/2022,0.0,0.0,4.0,0.0,0.0,0.0,0.0,0.0,0.0,0.0,6469.0,24932.0,100.0,0.0,0.0,18.0
04/03/2022,0.0,0.0,5.0,0.0,0.0,0.0,0.0,0.0,0.0,0.0,5808.0,24664.0,101.0,0.0,0.0,18.0
05/03/2022,0.0,0.0,5.0,0.0,0.0,0.0,0.0,0.0,0.0,0.0,4972.0,23412.0,97.0,0.0,0.0,17.0
06/03/2022,0.0,0.0,7.0,0.0,0.0,0.0,0.0,0.0,0.0,0.0,5712.0,30042.0,127.0,0.0,0.0,22.0
07/03/2022,0.0,0.0,10.0,0.0,0.0,0.0,0.0,0.0,0.0,0.0,7615.0,43161.0,190.0,0.0,0.0,33.0
08/03/2022,0.0,0.0,9.0,0.0,0.0,0.0,0.0,0.0,0.0,0.0,7304.0,44804.0,203.0,0.0,0.0,35.0
09/03/2022,0.0,0.0,9.0,0.0,0.0,0.0,0.0,0.0,0.0,0.0,7198.0,48012.0,225.0,0.0,0.0,39.0
10/03/2022,0.0,0.0,8.0,0.0,0.0,0.0,0.0,0.0,0.0,0.0,6514.0,47509.0,229.0,0.0,0.0,39.0
11/03/2022,0.0,0.0,7.0,0.0,0.0,0.0,0.0,0.0,0.0,0.0,5762.0,46250.0,230.0,0.0,0.0,40.0
12/03/2022,0.0,0.0,6.0,0.0,0.0,0.0,0.0,0.0,0.0,0.0,4937.0,43957.0,224.0,0.0,0.0,39.0
13/03/2022,0.0,0.0,7.0,0.0,0.0,0.0,0.0,0.0,0.0,0.0,5463.0,54468.0,285.0,0.0,0.0,49.0
14/03/2022,0.0,0.0,9.0,0.0,0.0,0.0,0.0,0.0,0.0,0.0,6766.0,72328.0,382.0,0.0,0.0,63.0
15/03/2022,0.0,0.0,9.0,0.0,0.0,0.0,0.0,0.0,0.0,0.0,5887.0,67766.0,361.0,0.0,0.0,58.0
16/03/2022,0.0,0.0,9.0,0.0,0.0,0.0,0.0,0.0,0.0,0.0,5465.0,68082.0,366.0,1.0,0.0,57.0
17/03/2022,0.0,0.0,8.0,0.0,0.0,0.0,0.0,0.0,0.0,0.0,4623.0,62672.0,339.0,1.0,0.0,51.0
18/03/2022,0.0,0.0,7.0,0.0,0.0,0.0,0.0,0.0,0.0,0.0,3882.0,57670.0,315.0,1.0,0.0,46.0
19/03/2022,0.0,0.0,6.0,0.0,0.0,0.0,0.0,0.0,0.0,0.0,3154.0,51739.0,285.0,1.0,0.0,40.0
20/03/2022,0.0,0.0,8.0,0.0,0.0,0.0,0.0,0.0,0.0,0.0,3448.0,63063.0,350.0,1.0,0.0,47.0
21/03/2022,0.0,0.0,9.0,0.0,0.0,0.0,0.0,0.0,0.0,0.0,4427.0,84969.0,475.0,1.0,0.0,65.0
22/03/2022,0.0,0.0,7.0,0.0,0.0,0.0,0.0,0.0,0.0,0.0,3839.0,77507.0,437.0,1.0,1.0,60.0
23/03/2022,0.0,0.0,5.0,0.0,0.0,0.0,0.0,0.0,0.0,0.0,3461.0,73649.0,418.0,1.0,1.0,58.0
24/03/2022,0.0,0.0,3.0,0.0,0.0,0.0,0.0,0.0,0.0,0.0,2902.0,65284.0,374.0,1.0,1.0,53.0
25/03/2022,0.0,0.0,2.0,0.0,0.0,0.0,0.0,0.0,0.0,0.0,2410.0,57482.0,331.0,0.0,2.0,47.0
26/03/2022,0.0,0.0,1.0,0.0,0.0,0.0,0.0,0.0,0.0,0.0,1951.0,49500.0,287.0,0.0,2.0,41.0
27/03/2022,0.0,0.0,0.0,0.0,0.0,0.0,0.0,0.0,0.0,0.0,2051.0,55566.0,325.0,0.0,2.0,47.0
28/03/2022,0.0,0.0,0.0,0.0,0.0,0.0,0.0,0.0,0.0,0.0,2664.0,75765.0,443.0,4.0,3.0,76.0
29/03/2022,0.0,0.0,0.0,0.0,0.0,0.0,0.0,0.0,0.0,0.0,2167.0,64827.0,378.0,7.0,3.0,75.0
30/03/2022,0.0,0.0,0.0,0.0,0.0,0.0,0.0,0.0,0.0,0.0,1915.0,60418.0,352.0,10.0,3.0,79.0
31/03/2022,0.0,0.0,0.0,0.0,0.0,0.0,0.0,0.0,0.0,0.0,1326.0,44226.0,258.0,10.0,3.0,64.0
01/04/2022,0.0,0.0,0.0,0.0,0.0,0.0,0.0,0.0,0.0,0.0,1101.0,38966.0,227.0,11.0,3.0,63.0
02/04/2022,0.0,0.0,0.0,0.0,0.0,0.0,0.0,0.0,0.0,0.0,811.0,30564.0,178.0,10.0,2.0,54.0
03/04/2022,0.0,0.0,0.0,0.0,0.0,0.0,0.0,0.0,0.0,0.0,856.0,34482.0,200.0,13.0,3.0,66.0
04/04/2022,0.0,0.0,0.0,0.0,0.0,0.0,0.0,0.0,0.0,0.0,1028.0,43789.0,262.0,17.0,5.0,76.0
05/04/2022,0.0,0.0,0.0,0.0,0.0,0.0,0.0,0.0,0.0,0.0,867.0,39180.0,242.0,15.0,5.0,62.0
06/04/2022,0.0,0.0,0.0,0.0,0.0,0.0,0.0,0.0,0.0,0.0,745.0,35830.0,228.0,14.0,6.0,50.0
07/04/2022,0.0,0.0,0.0,0.0,0.0,0.0,0.0,0.0,0.0,0.0,601.0,30868.0,202.0,12.0,6.0,38.0
08/04/2022,0.0,0.0,0.0,0.0,0.0,0.0,0.0,0.0,0.0,0.0,483.0,26673.0,180.0,10.0,6.0,29.0
09/04/2022,0.0,0.0,0.0,0.0,0.0,0.0,0.0,0.0,0.0,0.0,377.0,22441.0,155.0,8.0,6.0,20.0
10/04/2022,0.0,0.0,0.0,0.0,0.0,0.0,0.0,0.0,0.0,0.0,387.0,25026.0,178.0,9.0,7.0,19.0
11/04/2022,0.0,0.0,0.0,0.0,0.0,0.0,0.0,0.0,0.0,0.0,434.0,29882.0,219.0,15.0,11.0,26.0
12/04/2022,0.0,0.0,0.0,0.0,0.0,0.0,0.0,0.0,0.0,0.0,363.0,26746.0,203.0,18.0,12.0,27.0
13/04/2022,0.0,0.0,0.0,0.0,0.0,0.0,0.0,0.0,0.0,0.0,315.0,24922.0,195.0,20.0,13.0,29.0
14/04/2022,0.0,0.0,0.0,0.0,0.0,0.0,0.0,0.0,0.0,0.0,245.0,20961.0,169.0,20.0,12.0,27.0
15/04/2022,0.0,0.0,0.0,0.0,0.0,0.0,0.0,0.0,0.0,0.0,182.0,16923.0,140.0,18.0,11.0,24.0
16/04/2022,0.0,0.0,0.0,0.0,0.0,0.0,0.0,0.0,0.0,0.0,155.0,15740.0,134.0,19.0,11.0,25.0
17/04/2022,0.0,0.0,0.0,0.0,0.0,0.0,0.0,0.0,0.0,0.0,142.0,15918.0,140.0,22.0,13.0,27.0
18/04/2022,0.0,0.0,0.0,0.0,0.0,0.0,0.0,0.0,0.0,0.0,176.0,20072.0,180.0,37.0,24.0,37.0
19/04/2022,1.0,0.0,0.0,0.0,0.0,0.0,0.0,0.0,0.0,0.0,174.0,20102.0,184.0,46.0,33.0,39.0
20/04/2022,1.0,0.0,0.0,0.0,0.0,0.0,0.0,0.0,0.0,0.0,141.0,16541.0,155.0,46.0,34.0,34.0
21/04/2022,1.0,0.0,0.0,0.0,0.0,0.0,0.0,0.0,0.0,0.0,118.0,14142.0,135.0,46.0,35.0,31.0
22/04/2022,1.0,0.0,0.0,0.0,0.0,0.0,0.0,0.0,0.0,0.0,100.0,12187.0,119.0,46.0,35.0,28.0
23/04/2022,1.0,0.0,0.0,0.0,0.0,0.0,0.0,0.0,0.0,0.0,83.0,10280.0,102.0,43.0,34.0,25.0
24/04/2022,2.0,0.0,0.0,0.0,0.0,0.0,0.0,0.0,0.0,0.0,92.0,11535.0,117.0,54.0,43.0,29.0
25/04/2022,2.0,0.0,0.0,0.0,0.0,0.0,0.0,0.0,0.0,0.0,97.0,13020.0,127.0,69.0,60.0,34.0
26/04/2022,1.0,0.0,1.0,0.0,0.0,0.0,0.0,0.0,0.0,0.0,77.0,10957.0,102.0,64.0,60.0,29.0
27/04/2022,1.0,0.0,1.0,0.0,0.0,0.0,0.0,0.0,0.0,0.0,64.0,9802.0,87.0,64.0,62.0,27.0
28/04/2022,1.0,0.0,1.0,0.0,0.0,0.0,0.0,0.0,0.0,0.0,53.0,8762.0,74.0,62.0,63.0,25.0
29/04/2022,0.0,0.0,1.0,0.0,0.0,0.0,0.0,0.0,0.0,0.0,43.0,7726.0,62.0,59.0,63.0,23.0
30/04/2022,0.0,0.0,1.0,0.0,0.0,0.0,0.0,0.0,0.0,0.0,34.0,6645.0,51.0,55.0,60.0,20.0
01/05/2022,0.0,0.0,2.0,0.0,0.0,0.0,0.0,0.0,0.0,0.0,34.0,7458.0,54.0,66.0,73.0,23.0
02/05/2022,0.0,0.0,2.0,0.0,0.0,0.0,0.0,0.0,0.0,0.0,48.0,9925.0,70.0,129.0,117.0,30.0
03/05/2022,0.0,0.0,2.0,0.0,0.0,0.0,0.0,0.0,0.0,0.0,54.0,10641.0,74.0,182.0,146.0,30.0
04/05/2022,0.0,0.0,1.0,0.0,0.0,0.0,0.0,0.0,0.0,0.0,49.0,9289.0,63.0,197.0,146.0,25.0
05/05/2022,0.0,0.0,1.0,0.0,0.0,0.0,0.0,0.0,0.0,0.0,45.0,8100.0,54.0,206.0,143.0,21.0
06/05/2022,0.0,0.0,0.0,0.0,0.0,0.0,0.0,0.0,0.0,0.0,41.0,7039.0,46.0,209.0,138.0,17.0
07/05/2022,0.0,0.0,0.0,0.0,0.0,0.0,0.0,0.0,0.0,0.0,36.0,5935.0,38.0,202.0,129.0,13.0
08/05/2022,0.0,0.0,0.0,0.0,0.0,0.0,0.0,0.0,0.0,0.0,45.0,7103.0,45.0,273.0,169.0,15.0
09/05/2022,0.0,0.0,0.0,0.0,0.0,0.0,0.0,0.0,0.0,0.0,51.0,8156.0,53.0,338.0,234.0,20.0
10/05/2022,0.0,0.0,0.0,0.0,0.0,0.0,0.0,0.0,0.0,0.0,47.0,7422.0,50.0,331.0,250.0,21.0
11/05/2022,0.0,0.0,0.0,0.0,0.0,0.0,0.0,0.0,0.0,0.0,42.0,6564.0,46.0,313.0,255.0,21.0
12/05/2022,0.0,0.0,0.0,0.0,0.0,0.0,0.0,0.0,0.0,0.0,36.0,5714.0,41.0,291.0,251.0,20.0
13/05/2022,0.0,0.0,0.0,0.0,0.0,0.0,0.0,0.0,0.0,0.0,33.0,5126.0,38.0,277.0,252.0,20.0
14/05/2022,0.0,0.0,0.0,0.0,0.0,0.0,0.0,0.0,0.0,0.0,29.0,4533.0,35.0,260.0,247.0,19.0
15/05/2022,0.0,0.0,0.0,0.0,0.0,0.0,0.0,0.0,0.0,0.0,38.0,5879.0,46.0,357.0,353.0,27.0
16/05/2022,0.0,0.0,0.0,0.0,0.0,0.0,0.0,0.0,0.0,0.0,41.0,6798.0,52.0,447.0,491.0,29.0
17/05/2022,0.0,0.0,0.0,0.0,0.0,0.0,0.0,0.0,0.0,0.0,33.0,5805.0,44.0,412.0,492.0,23.0
18/05/2022,0.0,0.0,0.0,0.0,0.0,0.0,0.0,0.0,0.0,0.0,29.0,5358.0,39.0,409.0,524.0,20.0
19/05/2022,0.0,0.0,0.0,0.0,0.0,0.0,0.0,0.0,0.0,0.0,24.0,4768.0,34.0,391.0,530.0,16.0
20/05/2022,0.0,0.0,0.0,0.0,0.0,0.0,0.0,0.0,0.0,0.0,19.0,4095.0,28.0,359.0,511.0,12.0
21/05/2022,0.0,0.0,0.0,0.0,0.0,0.0,0.0,0.0,0.0,0.0,14.0,3391.0,23.0,317.0,471.0,9.0
22/05/2022,0.0,0.0,0.0,0.0,0.0,0.0,0.0,0.0,0.0,0.0,15.0,4061.0,27.0,405.0,624.0,9.0
23/05/2022,0.0,0.0,0.0,0.0,0.0,0.0,0.0,0.0,0.0,0.0,18.0,4763.0,30.0,538.0,865.0,15.0
24/05/2022,0.0,0.0,0.0,0.0,0.0,0.0,0.0,0.0,0.0,0.0,16.0,4127.0,26.0,524.0,874.0,17.0
25/05/2022,0.0,0.0,0.0,0.0,0.0,0.0,0.0,0.0,0.0,0.0,15.0,3694.0,22.0,525.0,901.0,19.0
26/05/2022,0.0,0.0,0.0,0.0,0.0,0.0,0.0,0.0,0.0,0.0,14.0,3305.0,19.0,523.0,920.0,21.0
27/05/2022,0.0,0.0,0.0,0.0,0.0,0.0,0.0,0.0,0.0,0.0,12.0,2960.0,17.0,520.0,934.0,22.0
28/05/2022,0.0,0.0,0.0,0.0,0.0,0.0,0.0,0.0,0.0,0.0,11.0,2639.0,14.0,513.0,939.0,23.0
29/05/2022,0.0,0.0,0.0,0.0,0.0,0.0,0.0,0.0,0.0,0.0,13.0,2860.0,15.0,615.0,1141.0,29.0
30/05/2022,0.0,0.0,0.0,0.0,0.0,0.0,0.0,0.0,0.0,0.0,14.0,3481.0,17.0,820.0,1543.0,36.0
31/05/2022,0.0,0.0,0.0,0.0,0.0,0.0,0.0,0.0,0.0,0.0,12.0,3236.0,15.0,835.0,1590.0,34.0
01/06/2022,0.0,0.0,0.0,0.0,0.0,0.0,0.0,0.0,0.0,0.0,10.0,3087.0,13.0,871.0,1677.0,33.0
02/06/2022,0.0,0.0,0.0,0.0,0.0,0.0,0.0,0.0,0.0,0.0,7.0,2626.0,10.0,810.0,1574.0,29.0
03/06/2022,0.0,0.0,0.0,0.0,0.0,0.0,0.0,0.0,0.0,0.0,6.0,2757.0,10.0,930.0,1824.0,30.0
04/06/2022,0.0,0.0,0.0,0.0,0.0,0.0,0.0,0.0,0.0,0.0,5.0,2957.0,9.0,1091.0,2157.0,33.0
05/06/2022,0.0,0.0,0.0,0.0,0.0,0.0,0.0,0.0,0.0,0.0,3.0,3743.0,10.0,1512.0,3010.0,43.0
06/06/2022,0.0,0.0,0.0,0.0,0.0,0.0,0.0,0.0,0.0,0.0,3.0,4290.0,10.0,1870.0,3553.0,43.0
07/06/2022,0.0,0.0,0.0,0.0,0.0,0.0,0.0,0.0,0.0,0.0,3.0,4044.0,8.0,1899.0,3450.0,35.0
08/06/2022,0.0,0.0,0.0,0.0,0.0,0.0,0.0,0.0,0.0,0.0,2.0,4152.0,7.0,2096.0,3652.0,29.0
09/06/2022,0.0,0.0,0.0,0.0,0.0,0.0,0.0,0.0,0.0,0.0,2.0,3880.0,5.0,2104.0,3520.0,21.0
10/06/2022,0.0,0.0,0.0,0.0,0.0,0.0,0.0,0.0,0.0,0.0,1.0,3619.0,3.0,2104.0,3389.0,13.0
11/06/2022,0.0,0.0,0.0,0.0,0.0,0.0,0.0,0.0,0.0,0.0,0.0,3251.0,1.0,2025.0,3145.0,6.0
12/06/2022,0.0,0.0,0.0,0.0,0.0,0.0,0.0,0.0,0.0,0.0,0.0,4006.0,0.0,2670.0,4006.0,0.0
