Date,Temperature (Â°F),Humidity (%),Wind Speed (mph),Pressure (inHg),R0orig,R0alp,R0dlt,R0omi,UV Total Index,Total_Arrival,National_Arrival,PopulationDensity,latitude,longitude
2020-03-01,43.4,73.9,26.8,28.9,,,,,0.8,257300.0,145600.0,252.0,54.0695591093466,-2.7925666690275244
2020-03-02,42.1,77.1,15.1,29.1,,,,,0.6524,228200.0,122500.0,252.0,54.06955922703954,-2.792566527058268
2020-03-03,42.7,85.6,13.2,29.4,,,,,0.5238,181900.0,93000.0,252.0,54.06955929121572,-2.792566637932865
2020-03-04,40.9,87.0,4.9,29.7,,,,,0.4905,167900.0,83200.0,252.0,54.06955932462375,-2.7925664831597854
2020-03-05,40.0,84.1,5.7,29.5,,,,,0.1952,205000.0,98400.0,252.0,54.06955933591834,-2.7925668079622046
2020-03-06,40.0,85.9,5.2,29.6,,,,,0.7714,235300.0,102700.0,252.0,54.06955924372093,-2.792566811733902
2020-03-07,45.9,91.2,14.8,29.7,,,,,0.6,225100.0,125100.0,252.0,54.069559237313584,-2.792566698615209
2020-03-08,46.0,87.8,17.5,29.4,,,,,0.5619,246600.0,150100.0,252.0,54.06955943032148,-2.792566623019432
2020-03-09,44.8,90.9,18.5,29.6,,,,,0.5905,217000.0,126300.0,252.0,54.06955929674936,-2.7925666108184397
2020-03-10,47.2,92.3,15.8,29.4,,,,,0.8714,187900.0,98500.0,252.0,54.069559098453816,-2.7925666767077963
2020-03-11,45.0,89.8,15.8,29.5,,,,,,175700.0,88600.0,252.0,54.069559235025345,-2.7925665685401886
2020-03-12,42.7,78.0,26.5,29.5,,,,,0.9824,184200.0,96700.0,252.0,54.06955939663654,-2.7925666887775202
2020-03-13,44.1,80.4,13.2,29.9,,,,,0.9273,195200.0,104200.0,252.0,54.069559165019335,-2.79256674156965
2020-03-14,45.1,88.1,14.2,29.8,,,,,0.8773,192200.0,125800.0,252.0,54.069559193886,-2.7925666452113136
2020-09-03,48.1,68.2,13.4,29.8,1.0548121144588476,,,,0.9731,93200.0,47500.0,252.0,54.06955916822012,-2.7925667306084665
2020-09-04,58.6,77.0,18.1,30.0,1.0290233830311601,,,,1.2808,112700.0,57100.0,252.0,54.069559189040284,-2.7925666234816253
2020-09-05,57.3,75.8,17.0,30.0,1.0295738642736458,,,,1.5769,108900.0,61900.0,252.0,54.06955925720596,-2.792566586659801
2020-09-06,58.8,82.2,10.0,30.0,1.053928625755406,,,,,117300.0,60100.0,252.0,54.06955916862317,-2.7925666085118572
2020-09-07,59.4,92.2,13.3,30.0,1.1143508946828058,,,,1.8833,97800.0,49400.0,252.0,54.06955920355563,-2.7925665748300834
2020-09-08,62.0,95.3,11.3,30.1,1.0632640114827965,,,,1.82,81500.0,43400.0,252.0,54.0695593596039,-2.792566794459801
2020-09-09,59.0,78.2,16.0,30.1,1.0747666403885632,,,,1.2292,82100.0,42800.0,252.0,54.06955921792502,-2.7925667562768135
2020-09-10,54.3,74.9,8.0,30.1,1.0883364332320828,,,,1.8375,88900.0,46200.0,252.0,54.06955929449508,-2.792566825703852
2020-09-11,58.7,81.1,18.5,29.8,1.005219564124996,,,,1.4583,115400.0,61600.0,252.0,54.06955923062087,-2.7925666851124156
2020-09-12,58.3,78.7,17.9,29.9,1.0422733997852824,,,,2.0083,103200.0,59700.0,252.0,54.069559211562364,-2.792566664031334
2020-09-13,61.0,88.4,16.7,30.0,1.0648023977918877,,,,1.9917,112700.0,58500.0,252.0,54.06955931599882,-2.7925665673296605
2020-09-14,64.2,80.0,5.4,30.1,1.0858226588235942,,,,1.6792,94500.0,49800.0,252.0,54.06955914654294,-2.792566691457229
2020-09-15,65.2,78.5,5.3,30.0,1.0611530142935799,,,,1.6167,76300.0,41300.0,252.0,54.06955938305466,-2.7925667059160317
2020-09-16,59.9,83.8,8.3,30.3,1.0836899121747554,,,,1.6208,79200.0,42800.0,252.0,54.0695592011114,-2.7925666157527775
2020-09-17,57.7,73.8,9.0,30.4,1.1305201008260066,,,,1.7917,81900.0,42400.0,252.0,54.069559131746445,-2.792566813359884
2020-09-18,55.9,74.1,8.7,30.3,1.0400416700661834,,,,1.7217,100100.0,51000.0,252.0,54.06955936578476,-2.792566634968905
2020-09-19,55.8,72.6,10.0,30.2,1.02911253900803,,,,1.6667,101100.0,58800.0,252.0,54.069559438702484,-2.792566736409325
2020-09-20,56.8,80.4,7.6,30.1,1.1070694518584299,,,,1.7,108600.0,56200.0,252.0,54.06955919736793,-2.7925666519625505
2020-09-21,54.5,88.1,5.9,30.0,1.1161281778286007,,,,1.6435,90200.0,48000.0,252.0,54.06955920443918,-2.7925666104473734
2020-09-22,57.8,93.5,11.4,29.7,1.1450166008298013,,,,1.5304,69600.0,36700.0,252.0,54.06955905876915,-2.792566631068593
2020-09-23,53.6,87.7,6.3,29.4,1.194157162029041,,,,0.5652,69300.0,37900.0,252.0,54.069559304111046,-2.792566693163129
2020-09-24,47.7,88.3,9.6,29.3,1.1646695105671654,,,,0.9,76000.0,39000.0,252.0,54.06955911979061,-2.792566804722728
2020-09-25,50.4,71.8,15.1,29.7,1.1511354865621322,,,,1.113,94200.0,47300.0,252.0,54.06955930848741,-2.7925667777851073
2020-09-26,48.3,68.0,10.3,29.9,1.177883296961209,,,,1.1391,97700.0,57400.0,252.0,54.06955931244708,-2.7925667130057135
2020-09-27,46.9,76.0,5.4,30.0,1.3158431847670022,,,,1.3261,98200.0,50900.0,252.0,54.06955932039535,-2.7925664249371045
2020-09-28,48.4,91.0,5.6,29.9,1.2047798269757342,,,,1.3091,83200.0,45400.0,252.0,54.06955916133376,-2.7925667159778573
2020-09-29,50.7,88.3,4.6,29.9,1.3211812069399609,,,,1.1409,65000.0,34800.0,252.0,54.069559308284695,-2.792566675336299
2020-09-30,53.7,90.9,13.9,29.5,1.4075205900317354,,,,0.4636,72900.0,39400.0,252.0,54.06955912244383,-2.792566531839739
2020-10-01,50.4,78.3,7.2,29.4,1.4531438868000175,,,,0.9318,62100.0,30100.0,252.0,54.06955932894483,-2.7925666970349945
2020-10-02,50.9,77.1,9.1,29.4,1.242094613497315,,,,0.2364,86000.0,42100.0,252.0,54.06955920464638,-2.7925664778120742
2020-10-03,51.2,92.8,12.2,29.2,1.229268306835682,,,,0.53,84500.0,49800.0,252.0,54.06955930698853,-2.7925666092779013
2020-10-04,54.6,82.1,9.9,28.9,1.5907412300046475,,,,0.3667,85000.0,43600.0,252.0,54.0695592463233,-2.7925665495223475
2020-10-05,54.7,86.6,10.5,29.2,1.585970241139916,,,,0.9667,66000.0,35600.0,252.0,54.06955927942221,-2.7925666114730476
2020-10-06,53.7,87.9,11.5,29.3,1.4374619824955919,,,,0.8048,50500.0,26500.0,252.0,54.069559360777504,-2.79256668432107
2020-10-07,54.0,77.1,16.3,29.7,1.5727371936814354,,,,1.1667,48400.0,27700.0,252.0,54.06955927561133,-2.792566542997103
2020-10-08,50.8,81.8,11.2,29.8,1.4033809650262994,,,,0.8333,54100.0,28100.0,252.0,54.069559424244666,-2.792566714297236
2020-10-09,50.2,76.8,19.2,29.9,1.2171479663169351,,,,0.6905,66400.0,33800.0,252.0,54.06955932154666,-2.7925667217370838
2020-10-10,52.3,83.8,19.4,30.1,1.2478489711807794,,,,0.6476,71200.0,41300.0,252.0,54.069559293988775,-2.792566728373765
2020-10-11,51.4,77.7,9.9,30.3,1.2381978170118413,,,,0.9905,73500.0,37300.0,252.0,54.06955930448992,-2.792566696996108
2020-10-12,52.5,84.9,14.9,30.0,1.3976319647045394,,,,0.4619,56900.0,28700.0,252.0,54.06955917455969,-2.7925665527270893
2020-10-13,49.6,82.9,8.8,29.9,1.3642681538083792,,,,0.1,42500.0,23100.0,252.0,54.06955944780668,-2.792566764801252
2020-10-14,53.2,78.1,8.1,30.2,1.3253969922033235,,,,,43300.0,24400.0,252.0,54.06955913642193,-2.792566896532667
2020-10-15,47.7,79.2,5.3,30.3,1.2401891028288954,,,,,43200.0,19900.0,252.0,54.06955939314111,-2.7925667195967323
2020-10-16,48.7,74.6,7.1,30.3,1.1004056641997817,,,,0.7533,62900.0,31300.0,252.0,54.06955925458999,-2.792566615906702
2020-10-17,48.4,85.5,6.0,30.2,1.1205119541225048,,,,0.5526,67300.0,37800.0,252.0,54.06955920454532,-2.7925666736754775
2020-10-18,51.1,85.3,7.0,30.1,1.2642981644177138,,,,0.4895,65100.0,31000.0,252.0,54.069559242903196,-2.7925665990181003
2020-10-19,52.0,85.2,13.6,29.8,1.2603724365550637,,,,0.8105,46600.0,22300.0,252.0,54.06955918075768,-2.792566766056394
2020-10-20,55.5,84.0,16.1,29.3,1.117632993419184,,,,0.6421,35900.0,18800.0,252.0,54.06955927329423,-2.792566527388218
2020-10-21,54.9,91.8,11.3,29.3,1.0184247348293765,,,,0.2632,37600.0,21600.0,252.0,54.06955919917825,-2.7925667647404544
2020-10-22,51.1,82.0,17.4,29.6,1.050841011857196,,,,0.5263,38300.0,18600.0,252.0,54.06955933576508,-2.79256673104862
2020-10-23,50.2,77.0,14.2,29.6,0.9848945111860582,,,,0.4632,52700.0,27300.0,252.0,54.06955924296985,-2.7925666527140454
2020-10-24,50.0,87.6,14.8,29.3,0.9049334029884146,,,,0.1684,61700.0,37600.0,252.0,54.06955911452454,-2.79256671494435
2020-10-25,51.0,78.7,16.7,29.1,1.1301416393224435,,,,0.5737,62800.0,29500.0,252.0,54.06955937813048,-2.7925668881491967
2020-10-26,51.5,81.6,20.1,29.2,0.9996516070075324,,,,0.5526,41000.0,19200.0,252.0,54.069559311528394,-2.7925665497123444
2020-10-27,49.9,82.6,17.2,29.2,0.9991379685395356,,,,0.3526,31300.0,15700.0,252.0,54.069559256967715,-2.7925666634259936
2020-10-28,50.9,73.7,19.6,29.3,0.9262558262089388,,,,0.4842,34500.0,18500.0,252.0,54.06955924386926,-2.792566845064476
2020-10-29,52.2,90.6,20.5,29.6,0.9633475945645156,,,,0.2105,38000.0,18200.0,252.0,54.06955922800172,-2.7925668966978674
2020-10-30,52.0,91.8,11.4,29.8,0.9190184263574086,,,,0.3,59400.0,30300.0,252.0,54.06955921051828,-2.792566527389039
2020-10-31,52.9,82.8,22.1,29.6,0.964287613142744,,,,0.1765,72400.0,46600.0,252.0,54.0695592983891,-2.792566644730037
2020-11-01,52.4,87.6,22.0,29.2,0.9578134798489176,,,,0.2353,71700.0,37100.0,252.0,54.069559355396244,-2.7925665894913174
2020-11-02,49.7,87.5,20.5,29.3,0.8651192751533051,,,,0.5647,40400.0,18700.0,252.0,54.06955920645207,-2.7925666155737385
2020-11-03,46.0,79.8,13.1,29.9,0.9234463093175584,,,,0.4941,30900.0,12900.0,252.0,54.06955927852149,-2.7925667746890617
2020-11-04,48.5,84.3,10.3,30.4,0.8884694747575845,,,,0.5471,31400.0,13300.0,252.0,54.0695591792708,-2.7925669286652375
2020-11-05,50.0,86.2,5.9,30.6,0.9465379520610936,,,,0.5294,24600.0,11100.0,252.0,54.06955926563945,-2.7925667453834175
2020-11-06,48.4,88.5,8.4,30.3,0.8788563321215717,,,,0.5059,34600.0,15900.0,252.0,54.06955919999728,-2.792566881952265
2020-11-07,48.0,79.8,8.4,30.1,0.9075441483927558,,,,0.5118,38100.0,22400.0,252.0,54.069559178205715,-2.7925666683602657
2020-11-08,51.3,81.0,8.3,30.0,0.9367465521958964,,,,0.2412,38400.0,19700.0,252.0,54.06955921230283,-2.7925665566958604
2020-11-09,54.3,92.0,8.7,30.0,0.9126372030437728,,,,0.2588,21700.0,11000.0,252.0,54.06955927474318,-2.7925665909289004
2020-11-10,53.3,92.2,9.8,30.1,1.049584651665686,,,,0.4929,16300.0,8300.0,252.0,54.06955922580624,-2.792566761349275
2020-11-11,51.7,89.0,17.7,29.8,0.9222109123223186,,,,0.3059,13700.0,6300.0,252.0,54.0695593635909,-2.792566519454782
2020-11-12,51.1,84.2,15.5,29.7,1.0276587609514978,,,,0.1,15500.0,7100.0,252.0,54.069559155602285,-2.7925668286332708
2020-11-13,50.5,81.0,17.3,29.6,1.0363500202402252,,,,0.3,22500.0,9800.0,252.0,54.06955941527802,-2.7925665851845545
2020-11-14,51.2,90.4,16.8,29.4,0.9784844416419258,,,,0.1,19800.0,9600.0,252.0,54.0695592683645,-2.792566733344327
2020-11-15,50.0,87.8,20.4,29.1,1.0642677625650712,,,,0.3176,24300.0,10200.0,252.0,54.06955925115423,-2.7925666795501605
2020-11-16,51.0,86.8,18.9,29.6,1.051482968065895,,,,0.36,18200.0,8200.0,252.0,54.069559278812555,-2.792566644432534
2020-11-17,54.4,94.7,18.7,29.8,0.9953785238055572,,,,0.2533,14000.0,6300.0,252.0,54.069559291534766,-2.792566616153338
2020-11-18,52.0,85.4,20.1,29.7,1.0304255174404933,,,,0.3333,10400.0,4300.0,252.0,54.069559195491905,-2.792566785621169
2020-11-19,45.7,75.0,12.6,30.2,1.0646696313507626,,,,0.28,13400.0,6000.0,252.0,54.06955916989304,-2.7925666499796833
2020-11-20,48.9,91.8,13.2,30.3,1.0363746476963172,,,,0.2133,19400.0,8200.0,252.0,54.06955916826135,-2.792566651242443
2020-11-21,51.6,86.5,18.0,30.1,1.1126766467454023,,,,0.2667,17100.0,7200.0,252.0,54.06955935845048,-2.7925665968891544
2020-11-22,47.7,71.6,16.0,30.2,1.173076045803219,,,,0.3533,19700.0,7700.0,252.0,54.06955914168237,-2.792566785771387
2020-11-23,48.3,84.0,15.0,30.1,1.2082912661900769,,,,0.3,15100.0,6000.0,252.0,54.0695593215089,-2.7925666068243213
2020-11-24,51.8,89.0,17.9,29.8,1.1170929715223588,,,,0.34,10100.0,4200.0,252.0,54.06955933916606,-2.7925667899571076
2020-11-25,47.0,85.8,8.3,29.8,1.1681889749393766,,,,0.12,11100.0,4400.0,252.0,54.06955919045401,-2.79256661692783
2020-11-26,46.1,89.0,4.0,30.1,1.160578430710579,,,,0.2933,14500.0,6200.0,252.0,54.06955926804709,-2.792566653191928
2020-11-27,43.0,90.0,6.8,30.1,1.05210434101169,,,,0.2467,22100.0,9600.0,252.0,54.069559214966915,-2.7925666106905584
2020-11-28,43.4,83.0,9.9,30.0,1.1025584083995936,,,,0.1733,21100.0,9100.0,252.0,54.0695593615604,-2.7925667269242247
2020-11-29,47.2,97.5,4.7,30.2,1.2135386539256094,,,,0.12,23300.0,8800.0,252.0,54.069559176732405,-2.792566752894853
2020-11-30,48.0,89.0,15.1,30.1,1.2187593164755943,,,,0.1467,17000.0,6700.0,252.0,54.06955909617367,-2.792566707528719
2020-12-01,41.6,84.3,4.8,30.3,1.0900059404516311,,,,0.3067,13900.0,5700.0,252.0,54.06955921343791,-2.792566589813092
2020-12-02,45.1,84.6,11.2,29.9,1.1066442108078025,,,,0.1667,14300.0,5700.0,252.0,54.069559253520765,-2.7925668742582963
2020-12-03,39.3,92.3,8.5,29.1,1.0626397496131932,,,,0.0643,21100.0,9000.0,252.0,54.06955926908213,-2.7925667312470943
2020-12-04,39.2,87.8,13.7,28.8,1.1110575813409074,,,,0.1429,28800.0,12100.0,252.0,54.069559075305705,-2.7925666645872917
2020-12-05,40.6,81.6,8.8,29.3,1.0256781849230887,19.348691020004992,,,0.2286,29200.0,12800.0,252.0,54.069559407542904,-2.7925667958417297
2020-12-06,37.2,94.0,2.8,29.6,1.0927280268779207,13.015337738830896,,,0.2714,33300.0,13500.0,252.0,54.06955936190436,-2.7925666410095067
2020-12-07,39.7,86.3,4.9,29.4,1.1735031446167572,1.0207844833700634,,,0.1571,24700.0,10100.0,252.0,54.06955924314257,-2.7925668535914667
2020-12-08,44.7,89.2,17.1,29.4,1.2805918356132482,12.821345630305007,,,0.1,17900.0,7400.0,252.0,54.06955921847597,-2.792566505048228
2020-12-09,44.6,83.3,13.0,29.6,1.5320540736298704,1.0125395786939808,,,,19100.0,8200.0,252.0,54.06955920082081,-2.7925666319568525
2020-12-10,44.0,90.1,15.2,29.3,1.2573374951308491,1.024511632877352,,,,27100.0,12300.0,252.0,54.06955927409322,-2.7925665862560707
2020-12-11,46.2,98.5,9.0,29.0,1.1550285137769556,1.020906020302452,,,,39800.0,19400.0,252.0,54.06955933886231,-2.792566597478249
2020-12-12,46.0,92.8,10.6,29.4,1.1446870878698434,1.0195212575025348,,,,34600.0,16600.0,252.0,54.06955928167792,-2.7925668007847486
2020-12-13,44.3,94.7,16.3,29.3,1.2768642591072887,8.651365321729951,,,,37600.0,16100.0,252.0,54.06955917424686,-2.7925664587941785
2020-12-14,48.0,91.5,15.2,29.2,1.3987522014632587,8.099562746320977,,,,26700.0,12200.0,252.0,54.06955919732558,-2.7925666382201966
2020-12-15,45.5,89.8,13.8,29.4,1.3667375621788864,1.009831006479993,,,,24900.0,11400.0,252.0,54.06955934003559,-2.79256661354033
2020-12-16,46.7,89.5,18.1,29.5,1.3350274109398648,13.002719679343025,,,,25100.0,11700.0,252.0,54.06955923467854,-2.7925666003485463
2020-12-17,47.4,92.7,12.8,29.6,1.3285901827094149,7.12751177547635,,,,40400.0,18000.0,252.0,54.069559290738624,-2.792566545792028
2020-12-18,51.3,96.3,16.8,29.5,1.1791820414676064,1.0175508356489589,,,,57600.0,24900.0,252.0,54.0695592628092,-2.7925667070937297
2020-12-19,48.5,89.0,15.5,29.4,1.1569954887512248,1.0156290916629696,,,,57600.0,25100.0,252.0,54.06955924890461,-2.792566680629895
2020-12-20,46.8,84.5,14.0,29.6,1.4813108408502365,13.05894846237953,,,,51600.0,19500.0,252.0,54.069559215584924,-2.792566514307123
2020-12-21,44.5,93.7,8.6,29.6,1.4082312721457155,4.769461934558961,,,,32700.0,14800.0,252.0,54.06955926788466,-2.792566573691111
2020-12-22,42.7,90.5,6.9,29.8,1.3641989676954884,1.0088730512037998,,,,22600.0,12000.0,252.0,54.06955912936437,-2.7925666865843293
2020-12-23,41.5,87.1,12.0,29.8,1.3399238813813148,8.009833936651296,,,,22600.0,12300.0,252.0,54.06955928630993,-2.7925666636473467
2020-12-24,37.0,75.9,9.5,30.3,1.0739092019261238,1.7578176158313132,,,,16800.0,8700.0,252.0,54.06955927979767,-2.7925667316657914
2020-12-25,36.7,84.7,8.3,30.4,1.4615137725571188,2.0221806380341785,,,,6600.0,3200.0,252.0,54.06955922230242,-2.7925666505691846
2020-12-26,46.7,86.8,22.2,29.7,1.299705489930344,2.5353140887475307,,,,24100.0,11700.0,252.0,54.06955918973102,-2.792566674507774
2020-12-27,41.4,83.1,19.7,28.6,1.3550048289899481,7.984808456650785,,,,36500.0,15400.0,252.0,54.06955937510873,-2.7925665662062658
2020-12-28,36.7,85.5,7.8,28.7,1.5864920463617973,9.299183756738122,,,,32600.0,14200.0,252.0,54.069559243967284,-2.7925668191211592
2020-12-29,35.2,90.0,6.5,29.2,1.695947228894393,8.193241314476559,,,,25100.0,10900.0,252.0,54.06955923276763,-2.7925666862559924
2020-12-30,34.2,89.9,4.5,29.5,1.3592931847992853,4.162084028565186,,,,30500.0,11700.0,252.0,54.069559298102895,-2.792566662349283
2020-12-31,34.0,94.4,5.3,29.6,1.0686093346777517,1.1723089919591747,,,,19600.0,9900.0,252.0,54.06955930415289,-2.7925665056888547
2021-01-01,36.4,89.0,5.3,29.9,1.6108996662148436,3.9903499457788674,,,0.1071,21600.0,9600.0,252.0,54.06955923412439,-2.7925666489320196
2021-01-02,32.9,88.0,5.3,30.0,1.5409004224440699,3.9639058399363654,,,0.2692,45000.0,17300.0,252.0,54.069559251398175,-2.792566761654698
2021-01-03,37.7,82.1,7.3,30.1,1.8319842705977951,4.556921868562674,,,,56500.0,16200.0,252.0,54.069559262176895,-2.792566750860674
2021-01-04,37.3,81.0,8.5,30.3,1.6635440871979048,2.4412359526700245,,,0.1444,39500.0,12300.0,252.0,54.069559112458,-2.7925665852753783
2021-01-05,35.8,82.0,6.7,30.3,1.6766825934597724,3.8666295028089936,,,0.2357,30100.0,9800.0,252.0,54.069559185816324,-2.792566793690249
2021-01-06,33.9,86.5,4.6,30.2,1.5130451229069428,4.374720048966854,,,0.25,26600.0,8300.0,252.0,54.069559281991545,-2.792566734869738
2021-01-07,31.0,97.7,6.0,30.0,1.4102893844806108,4.3155871203161915,,,0.2357,24400.0,7900.0,252.0,54.06955927126645,-2.7925666304225842
2021-01-08,35.4,86.6,5.9,30.1,1.0307774735248831,3.1873159639270474,,,0.1286,33200.0,8800.0,252.0,54.069559287500695,-2.7925666611721724
2021-01-09,36.6,84.6,7.3,30.2,1.0586272939851646,3.926586957648196,,,0.35,34900.0,11300.0,252.0,54.069559290411966,-2.7925666890116507
2021-01-10,43.4,91.7,11.7,30.1,1.4455092365108997,6.594323560685363,,,0.2357,40400.0,10000.0,252.0,54.06955930302947,-2.7925666181069633
2021-01-11,45.5,92.3,19.7,29.8,1.0935280918152892,4.884666752174653,,,0.2,19500.0,6400.0,252.0,54.069559174030175,-2.7925665794107455
2021-01-12,37.8,90.0,6.0,29.9,1.1142513891806238,5.185989403133447,,,0.2267,12500.0,4200.0,252.0,54.0695592304121,-2.792566731839535
2021-01-13,35.9,96.7,6.2,30.0,1.0691901098420342,5.1729008765740465,,,0.1867,13600.0,4500.0,252.0,54.069559232681314,-2.7925668067370695
2021-01-14,36.5,97.5,8.5,30.0,0.9835740685252296,4.7407119963120135,,,0.1,13200.0,4600.0,252.0,54.06955917279076,-2.792566616872858
2021-01-15,32.8,95.5,9.9,30.3,0.7248523423546216,2.9876109877280745,,,0.2692,19100.0,5200.0,252.0,54.06955926022965,-2.7925665855405595
2021-01-16,42.3,90.3,18.9,29.9,0.5970727043102182,2.3787229796217524,,,0.2067,17500.0,5900.0,252.0,54.06955925041874,-2.792566733343104
2021-01-17,43.8,86.5,14.2,30.1,0.920111478152102,5.055424067800464,,,0.3533,21700.0,5900.0,252.0,54.06955909252852,-2.7925667157420437
2021-01-18,44.0,89.5,14.8,29.9,0.9172583154185014,5.142996908744872,,,0.2867,12700.0,3500.0,252.0,54.069559289786625,-2.7925667997399697
2021-01-19,46.3,99.7,12.1,29.4,0.6788920689428549,3.2490587635929247,,,0.2,8900.0,3400.0,252.0,54.06955920183234,-2.792566640448285
2021-01-20,42.2,97.8,12.8,28.9,0.5925788831671501,2.4677015981848163,,,0.0733,8800.0,3100.0,252.0,54.069559411544745,-2.7925667299689874
2021-01-21,41.1,83.3,21.7,28.8,0.5500406828666431,2.122261001629934,,,0.3133,11900.0,3900.0,252.0,54.06955929504453,-2.792566465280713
2021-01-22,40.4,80.3,14.8,29.1,0.5251479848034105,1.7160962472775814,,,0.4,14400.0,4400.0,252.0,54.06955923093352,-2.7925665662307604
2021-01-23,33.6,93.5,4.4,29.3,0.5032463077640892,1.5218218942026571,,,0.3133,12600.0,4100.0,252.0,54.06955938923597,-2.792566648354401
2021-01-24,31.5,90.7,6.2,29.4,0.5659347081273345,2.704398662939359,,,0.24,15700.0,4400.0,252.0,54.06955932964596,-2.792566788493187
2021-01-25,38.8,84.8,11.8,29.7,0.5649284552254339,2.2224981100028187,,,0.4467,9900.0,3200.0,252.0,54.069559323769894,-2.7925667144902526
2021-01-26,38.0,95.5,9.5,29.8,0.6024979316710268,1.6309435484415242,,,0.18,7000.0,2700.0,252.0,54.0695592665661,-2.7925664965604677
2021-01-27,42.8,98.6,5.4,29.7,0.6245564603270171,1.3341084677501311,,,0.2063,8100.0,2900.0,252.0,54.06955933665818,-2.792566684572403
2021-01-28,41.9,98.0,10.6,29.4,0.6495365643296985,1.0035013823713013,,,0.35,9200.0,3300.0,252.0,54.06955924195195,-2.7925666373293034
2021-01-29,43.8,92.8,10.7,29.3,0.6875952507795822,0.7109735354391549,,,0.3267,14300.0,4400.0,252.0,54.06955921201191,-2.792566654576462
2021-01-30,37.8,75.1,18.3,29.5,0.7144728803328373,0.102178916814029,,,0.1294,13300.0,4400.0,252.0,54.06955935760329,-2.7925668137065696
2021-02-01,37.4,75.0,9.5,29.4,0.8088088844702199,0.6535562368200334,,,0.1176,10000.0,2800.0,252.0,54.069559342203114,-2.792566627210786
2021-02-02,36.7,93.7,20.3,29.2,0.8591763688954209,1.0709353152760823,,,0.3588,8300.0,2700.0,252.0,54.06955922890932,-2.7925666061614782
2021-02-03,40.1,97.5,8.2,29.3,0.8915219087033279,0.8040175677077013,,,0.2706,7900.0,2500.0,252.0,54.069559369465416,-2.792566731166572
2021-02-04,41.6,93.3,13.4,29.6,0.9038700645356416,0.1749220191260349,,,0.1824,9500.0,2800.0,252.0,54.069559138953196,-2.7925665870348175
2021-02-05,44.0,90.4,10.2,29.6,0.9360434690167946,0.1784250261257309,,,0.4235,13600.0,3700.0,252.0,54.06955939945756,-2.7925665806658295
2021-02-06,42.2,84.2,12.2,29.8,0.9833309491941488,0.3993754877837895,,,0.5235,13300.0,4100.0,252.0,54.069559122753205,-2.7925666871901336
2021-02-07,36.1,72.8,15.2,29.9,0.9866998419273314,0.8487545287584923,,,0.3235,13900.0,3700.0,252.0,54.06955938410826,-2.7925667095029665
2021-02-08,33.8,70.3,11.6,29.8,0.989427527579872,0.7332582094277857,,,0.3176,10300.0,2900.0,252.0,54.0695590965935,-2.7925666471759145
2021-02-09,31.7,74.2,9.4,29.8,1.0553746033088165,0.6786398886964895,,,0.2882,7600.0,2200.0,252.0,54.0695591654053,-2.7925667907267977
2021-02-10,31.4,73.4,7.7,30.1,1.0850167451981816,0.8798964557845771,,,0.4765,9300.0,2600.0,252.0,54.069559355375766,-2.7925667578018905
2021-02-11,31.4,68.3,12.9,30.3,1.0767553310185252,0.7969253876743615,,,0.5235,10400.0,3500.0,252.0,54.069559188080305,-2.7925666164343053
2021-02-12,32.4,66.3,19.6,30.4,1.1275444553553935,1.088805436370619,,,0.6706,17200.0,5200.0,252.0,54.06955937189923,-2.7925666944063714
2021-02-13,30.9,60.3,24.8,30.3,1.0875367914744405,0.5793045625512157,,,0.5765,18700.0,6600.0,252.0,54.06955935117591,-2.7925665889929197
2021-02-14,38.0,76.3,24.4,29.9,1.1217995769327154,2.2411744620879697,,,0.2053,18700.0,5400.0,252.0,54.069559257627205,-2.7925666332970263
2021-02-15,43.5,94.1,11.2,29.8,1.0658267806063957,1.3307064913854385,,,0.5474,8400.0,2400.0,252.0,54.06955937764588,-2.792566512122966
2021-02-16,45.2,93.0,13.1,29.6,1.0980982413525529,1.6385044338543913,,,0.2789,6600.0,2100.0,252.0,54.06955926407817,-2.7925665802419886
2021-02-17,44.8,88.3,13.4,29.5,1.0729977065889071,1.0854577015210336,,,0.2105,8300.0,2400.0,252.0,54.06955922872244,-2.7925667371279084
2021-02-18,44.5,88.6,16.8,29.3,1.0993343252560923,1.411139100351549,,,0.4,8100.0,2600.0,252.0,54.0695593232131,-2.7925666271047795
2021-02-19,44.9,90.7,20.3,29.4,1.0760641598677512,1.2798286930574918,,,0.3105,12100.0,3300.0,252.0,54.069559259567384,-2.7925665803631636
2021-02-20,49.0,93.0,19.0,29.3,1.0624496987125147,1.1468681478319829,,,0.6263,12900.0,4500.0,252.0,54.06955920126689,-2.7925667013644047
2021-02-21,46.9,86.0,11.0,29.6,1.0746734216146383,1.7898702642877042,,,0.4789,13600.0,3900.0,252.0,54.069559177202905,-2.79256655934352
2021-02-22,44.6,93.8,5.8,29.9,1.0524309428878047,1.3158598599651337,,,0.2278,8800.0,2700.0,252.0,54.069559389952374,-2.7925666519266206
2021-02-23,46.7,88.0,20.4,29.8,1.032806125032899,1.0112642873582556,,,1.2063,7300.0,2600.0,252.0,54.06955930696465,-2.7925665050805017
2021-02-24,46.5,98.3,10.7,29.9,1.0247208006899562,0.8740295667151889,,,0.9211,9100.0,2700.0,252.0,54.06955932604329,-2.79256685209722
2021-02-25,44.2,90.3,9.0,30.2,1.0315957053291438,0.6407726226162953,,,0.6737,9900.0,3300.0,252.0,54.069559073177345,-2.792566725339772
2021-02-26,43.0,92.4,5.8,30.5,1.0178208082419409,0.435035224024642,,,1.0789,15000.0,4800.0,252.0,54.06955917819779,-2.792566551528949
2021-02-27,43.6,94.1,4.1,30.7,1.0122392971249985,0.2722024419447792,,,1.0368,13900.0,4600.0,252.0,54.0695593996723,-2.7925666870419956
2021-02-28,40.3,90.2,4.2,30.6,1.0138324285516909,0.452837313234021,,,0.825,16800.0,5100.0,252.0,54.069559253067965,-2.7925667501948257
2021-03-01,42.6,82.0,7.5,30.4,1.0065379538366646,0.3613607906025994,,,0.8,12300.0,3900.0,252.0,54.06955922912995,-2.792566619837121
2021-03-02,38.8,86.9,5.9,30.4,0.994551401629591,0.4034130864718204,,,0.6143,10500.0,3900.0,252.0,54.069559546420216,-2.7925664917590116
2021-03-03,34.7,96.3,5.0,30.3,0.9849650479727504,0.3896178542065261,,,0.3714,10400.0,3500.0,252.0,54.06955937168534,-2.7925667299890224
2021-03-04,40.3,79.1,7.4,30.3,0.9985098977730156,0.5003208394484608,,,0.2952,11300.0,4400.0,252.0,54.069559372882196,-2.7925666553708584
2021-03-05,38.7,69.9,4.8,30.5,0.99175891841528,0.4536988169242028,,,0.5857,16300.0,5700.0,252.0,54.06955928420277,-2.7925666462358305
2021-03-06,38.6,70.3,4.5,30.5,0.9906117619753853,0.5781792696462217,,,0.7476,13400.0,5000.0,252.0,54.06955930471647,-2.792566532001534
2021-03-07,41.4,79.1,5.8,30.3,0.9894743661206934,0.8789056557580266,,,0.8476,16800.0,5200.0,252.0,54.06955936319588,-2.7925666996331384
2021-03-08,43.0,95.8,7.5,30.1,0.98842553951461,1.1893545142112247,,,0.8524,11000.0,3500.0,252.0,54.06955927316194,-2.7925667796058455
2021-03-09,44.3,94.0,9.0,29.9,0.9844005200796578,1.2546347568239329,,,1.2143,9100.0,3800.0,252.0,54.06955914235402,-2.7925666608551514
2021-03-10,45.4,97.2,17.7,29.3,0.9816628538198152,1.0959584111091574,,,0.2476,9800.0,3200.0,252.0,54.069559262754524,-2.7925667240204888
2021-03-11,45.4,81.8,24.8,29.1,0.9909477594175404,1.0180693061410684,,,0.8429,10300.0,4300.0,252.0,54.06955919150229,-2.7925667442612614
2021-03-12,43.8,81.6,19.8,29.3,0.9920317626930149,1.3293050027355142,,,0.7045,15000.0,5300.0,252.0,54.0695591288269,-2.79256674503489
2021-03-13,42.9,85.4,21.1,29.1,0.9898185590497559,1.1298605960004666,,,0.8045,12300.0,4600.0,252.0,54.06955928707286,-2.7925667485375936
2021-03-14,44.3,89.0,17.5,29.8,0.9886248079577078,1.4179793175983622,,,0.5455,16400.0,5000.0,252.0,54.06955932064778,-2.792566548232005
2021-03-15,45.7,91.1,10.1,30.1,0.989263057535202,1.3187220227993617,,,0.7652,11200.0,3500.0,252.0,54.069559298691736,-2.7925666242045963
2021-03-16,46.8,92.5,13.5,30.3,0.9887453587844368,1.2706190985227317,,,0.9087,9700.0,4100.0,252.0,54.069559333157756,-2.7925666172984105
2021-03-17,44.1,89.5,10.5,30.5,0.988349922021054,1.5421996106209603,,,0.6174,9900.0,3900.0,252.0,54.06955928501437,-2.7925667312319895
2021-03-18,44.5,95.3,8.7,30.4,0.9938357102336096,1.0354996054996914,,,0.5435,12000.0,5300.0,252.0,54.06955932693748,-2.7925668282133222
2021-03-19,47.4,86.8,3.5,30.4,0.9932024524984979,1.5321021274915865,,,1.0043,14400.0,4700.0,252.0,54.06955924497288,-2.79256679107314
2021-03-20,46.0,91.4,11.1,30.4,0.9925163063119324,1.2571036078578364,,,0.6391,11800.0,4600.0,252.0,54.06955920011153,-2.792566563883741
2021-03-21,44.8,91.2,8.8,30.4,0.9952675854315258,1.3464611769363708,,,1.1304,15700.0,4700.0,252.0,54.06955914222119,-2.792566802354411
2021-03-22,45.8,83.5,6.8,30.2,0.9928566429037456,1.7321618455177854,,,1.4652,9600.0,2900.0,252.0,54.069559199361656,-2.7925666436388363
2021-03-23,46.6,83.4,12.2,30.1,0.9919944918799971,1.1650114323698244,,,1.1522,8500.0,3400.0,252.0,54.069559494246924,-2.79256672933144
2021-03-24,47.2,83.4,13.0,30.0,0.9928146707120656,1.4618348220473871,,,0.7458,8600.0,2900.0,252.0,54.069559285102024,-2.7925668159422368
2021-03-25,47.4,86.6,12.6,29.8,0.994717927881538,1.2061208166438129,,,1.0667,11200.0,4100.0,252.0,54.069559411671634,-2.792566601998678
2021-03-26,45.3,82.1,17.7,29.6,0.9954020094715584,1.4586386077492481,,,0.6042,16800.0,6000.0,252.0,54.06955916260096,-2.792566565571705
2021-03-27,44.6,75.0,21.3,29.9,0.9950377949683554,1.1180003664728242,,,1.1458,15800.0,7200.0,252.0,54.069559344123284,-2.7925666839302994
2021-03-28,48.5,96.1,23.8,29.8,0.9954400284141444,1.2006721854899856,,,0.6292,19400.0,6600.0,252.0,54.06955928426118,-2.792566799086349
2021-03-29,50.3,93.5,21.3,30.0,0.9964004638084144,1.320370600096867,,,1.5125,12500.0,4400.0,252.0,54.06955931722731,-2.7925664578230505
2021-03-30,50.6,83.1,7.3,30.2,0.9948814970330959,0.9871348753789236,,,1.6625,11700.0,4700.0,252.0,54.069559232808245,-2.7925666534831692
2021-03-31,51.3,83.5,5.3,30.1,0.9945458597293068,1.071171082666331,,,0.8542,12700.0,4500.0,252.0,54.06955929326022,-2.7925665494390373
2021-04-01,46.8,74.8,13.4,30.3,0.9979009378356553,1.114979245229497,,,1.0375,16100.0,6300.0,252.0,54.06955923233425,-2.792566762805998
2021-04-02,42.5,74.1,6.6,30.5,0.9983045858007404,1.0338477896577425,,,1.5759999999999998,18200.0,6500.0,252.0,54.069559181976636,-2.792566543135707
2021-04-03,43.9,77.0,7.0,30.5,0.9980114724165812,1.0765028290985381,,,0.7959999999999999,16100.0,6200.0,252.0,54.069559215653655,-2.7925666815471395
2021-04-04,44.2,89.8,9.9,30.2,0.9983756594959796,1.074145951712748,,,1.808,14800.0,5200.0,252.0,54.06955941165873,-2.7925666370606836
2021-04-05,40.8,57.1,20.9,30.1,0.998927204811398,1.114695802837865,,,0.6667,15300.0,5100.0,252.0,54.06955920758541,-2.7925666242043037
2021-04-06,38.0,60.2,15.7,30.1,0.9976556094285371,1.0302947277653651,,,1.3095,14300.0,5500.0,252.0,54.06955930273491,-2.7925667096935043
2021-04-07,38.6,64.7,10.8,30.1,0.9980306344137636,1.3926524680118306,,,0.9423,15600.0,6200.0,252.0,54.06955911009138,-2.792566717767272
2021-04-08,45.9,85.7,18.1,29.9,1.0016031087568629,1.1572918355000557,,,1.1423,18800.0,7700.0,252.0,54.0695592605008,-2.7925668068435354
2021-04-09,43.4,68.5,13.5,29.8,0.999894763605463,1.0393261672524885,,,1.4269,18800.0,6300.0,252.0,54.06955926918937,-2.7925668338905774
2021-04-10,38.4,67.3,6.3,29.9,0.9996475897728156,1.1568481050466188,,,0.5308,17200.0,5400.0,252.0,54.06955921607948,-2.792566658321402
2021-04-11,37.3,73.3,6.4,30.1,0.9996239882076904,1.3882038571843032,,,1.0615,22100.0,6200.0,252.0,54.06955938306351,-2.792566684831222
2021-04-12,38.7,72.6,5.3,30.3,0.9994806194063316,1.1155875153915509,,,1.1423,15400.0,4600.0,252.0,54.069559205498344,-2.7925665381562013
2021-04-13,41.3,80.4,5.8,30.4,0.9982803119434672,1.15233857035735,,,1.0308,11300.0,3900.0,252.0,54.06955933783166,-2.792566593033913
2021-04-14,44.8,82.5,6.0,30.5,0.9981054885135217,1.1131755969885146,,,1.3077,11800.0,3500.0,252.0,54.06955936180474,-2.7925665968149245
2021-04-15,43.6,66.5,6.2,30.5,0.99985942293759,1.0763486260053243,,,1.3692,12900.0,4400.0,252.0,54.0695593384557,-2.7925667523434208
2021-04-16,44.4,72.5,6.5,30.4,1.0005448241578794,1.000461671844507,,,1.4962,18400.0,5900.0,252.0,54.069559453881055,-2.7925666799275417
2021-04-17,45.5,72.3,5.3,30.3,1.0008460924018352,1.2667278470995242,,,0.42,15500.0,5100.0,252.0,54.06955915669703,-2.792566602106416
2021-04-18,46.9,76.8,4.0,30.2,1.0005285510375357,1.0739313212501942,,,2.0846,20200.0,5800.0,252.0,54.06955925948845,-2.79256656760584
2021-04-19,49.8,65.1,6.1,30.1,0.9996705145208792,1.1106376219921044,,,2.2038,13400.0,4200.0,252.0,54.06955924233278,-2.792566851619457
2021-04-20,48.5,74.6,8.2,30.0,0.9996903815031508,1.1102815632115317,,,1.9593,10300.0,3400.0,252.0,54.06955932650772,-2.79256681841975
2021-04-21,49.5,66.3,10.6,30.1,0.9999271049080672,1.1498405466583026,,,1.6393,10700.0,3500.0,252.0,54.069559266143905,-2.79256667946563
2021-04-22,46.0,62.9,6.3,30.3,1.0013155739668755,1.1133642257626224,,,2.275,11900.0,4300.0,252.0,54.069559308812885,-2.7925666792887296
2021-04-23,52.3,51.5,6.5,30.3,1.0011956245180558,1.001085937572752,,,2.3679,17600.0,6100.0,252.0,54.069559143069846,-2.7925667403053973
2021-04-24,54.4,52.2,9.7,30.3,1.0014483606956803,1.1132163968948776,,,2.7071,14400.0,4600.0,252.0,54.069559223528145,-2.792566581266907
2021-04-25,48.2,69.8,9.6,30.4,1.000899530290023,1.3735945482732346,,,2.5929,16100.0,4600.0,252.0,54.069559266691236,-2.792566708706077
2021-04-26,46.3,75.1,6.4,30.1,1.0015331466396735,1.3338144186567291,,,2.3143,11700.0,3800.0,252.0,54.069559183563115,-2.7925665598127867
2021-04-27,47.8,84.3,9.8,29.8,1.0002810672616191,1.2931748327332424,,,1.4107,8500.0,3000.0,252.0,54.06955924162307,-2.7925667155715894
2021-04-28,45.3,71.3,9.6,29.8,1.0007370850464563,1.2190048603385042,,,0.3964,10300.0,3100.0,252.0,54.06955926139509,-2.792566634834951
2021-05-01,43.4,74.3,6.3,30.0,1.0021177819458988,1.1464110482521297,,,,14500.0,4700.0,252.0,54.0695593273796,-2.792566744844496
2021-05-02,45.0,79.8,5.3,30.0,1.0022209339349015,1.253197965253309,,,,14600.0,4700.0,252.0,54.06955916600351,-2.7925665156936175
2021-05-03,45.0,91.4,12.9,29.6,1.0018411316733271,1.2865088184562636,,,0.9947,12000.0,3600.0,252.0,54.06955924701077,-2.792566525337878
2021-05-04,44.3,83.0,19.7,29.4,1.0011776333533164,1.2836492365703096,,,2.1179,9500.0,3000.0,252.0,54.06955925524039,-2.7925666745861877
2021-05-05,44.0,69.4,10.1,29.7,1.0017157822094478,1.3859860562968889,,,1.6444,10500.0,3000.0,252.0,54.06955924660688,-2.7925665198136125
2021-05-06,42.0,81.0,10.5,29.7,1.0025017672360719,1.2453617936528931,,,1.5214,10800.0,3600.0,252.0,54.06955905584768,-2.7925665688943853
2021-05-07,46.0,75.3,8.9,29.9,1.002194102477746,1.1748605909090006,,,1.5069,17300.0,5200.0,252.0,54.06955924118861,-2.792566468544323
2021-05-08,46.2,88.5,13.2,29.5,1.0030517502024372,1.1406391722033815,,,0.6207,14400.0,4500.0,252.0,54.06955923428376,-2.792566667893721
2021-05-09,53.0,83.7,9.6,29.2,1.0025119081118763,1.4786660212082796,,,1.4069,18200.0,5100.0,252.0,54.06955918104484,-2.7925667473722213
2021-05-10,53.0,79.6,13.2,29.3,1.0018128130245951,1.1034311392163203,,,1.7448,13700.0,3800.0,252.0,54.06955930970443,-2.7925666368288207
2021-05-11,50.9,78.1,10.9,29.6,1.0015565508867692,1.2039604547633607,,,1.6233,9600.0,3300.0,252.0,54.06955924358675,-2.792566806106135
2021-05-12,49.3,85.0,6.3,29.7,1.0026321285533626,1.1704743035700007,,,1.5767,10500.0,3100.0,252.0,54.0695592306918,-2.7925665624214413
2021-05-13,49.9,83.8,6.0,29.8,1.0018787912205684,1.0349027296600541,,,0.9433,10800.0,3300.0,252.0,54.06955917948401,-2.792566569735264
2021-05-14,50.9,78.1,7.8,29.8,1.0014023437488124,1.1338652580117246,,,0.7567,15200.0,4500.0,252.0,54.0695591997662,-2.79256654074941
2021-05-15,50.4,86.7,10.1,29.5,1.0015716318403525,1.166473759208838,,,1.0867,12300.0,3400.0,252.0,54.069559235846675,-2.792566799020214
2021-05-16,52.4,85.6,8.3,29.4,1.0015720112209057,1.0981629238601065,35.634370790072936,,1.1967,15700.0,4100.0,252.0,54.069559451428184,-2.7925666955640858
2021-05-17,50.6,86.4,9.0,29.6,1.001161843384771,1.0647526578976687,15.849198526394561,,1.39,16400.0,4500.0,252.0,54.06955914946328,-2.7925667174705953
2021-05-18,51.9,79.6,7.1,29.8,1.0009468593872148,1.0935207434462388,15.441075574196024,,1.8433,12800.0,3800.0,252.0,54.06955928802059,-2.7925664807690893
2021-05-19,50.8,82.6,7.4,30.0,1.0009414644602908,1.288464468447673,16.75863166226435,,2.0633,14800.0,4000.0,252.0,54.06955922179175,-2.7925667331060837
2021-05-20,49.5,90.9,16.7,29.6,1.0014761672384072,1.0311213024752803,3.8909532136291034,,1.01,16200.0,4800.0,252.0,54.06955912378972,-2.792566684676809
2021-05-21,51.9,91.5,12.3,29.1,1.0014925369928218,1.0940150199573515,5.958048304573087,,0.84,23500.0,7900.0,252.0,54.069559186080724,-2.7925667482757546
2021-05-22,48.2,73.0,11.0,29.6,1.0014645682780623,1.156975592446357,11.416447794318778,,1.43,18700.0,6300.0,252.0,54.069559147238905,-2.79256671364851
2021-05-23,49.0,83.3,15.1,29.5,1.001195761465731,1.2812820783252463,12.578273423549227,,1.3567,24000.0,7400.0,252.0,54.06955930098519,-2.7925664718667758
2021-05-24,50.3,79.3,10.9,29.5,1.0013689416892084,1.250930874621145,8.316138868450803,,1.3333,18000.0,6000.0,252.0,54.06955919792549,-2.7925667647972245
2021-05-25,51.2,81.8,18.4,29.8,1.00105956639277,1.2158671126568894,6.407704584487791,,1.1167,14500.0,5100.0,252.0,54.069559130020544,-2.792566563118899
2021-05-26,50.3,83.8,9.8,29.9,1.0010176302260834,1.031526210774692,2.1220498227662627,,1.9367,18900.0,6900.0,252.0,54.0695592363874,-2.7925666025225766
2021-05-27,53.7,82.2,5.7,30.1,1.0011362021610766,1.2722281903391488,8.827220147270296,,2.2267,19300.0,7800.0,252.0,54.069559142831245,-2.7925666499267674
2021-05-28,54.4,82.1,3.4,30.1,1.001068843320113,1.2998209035836894,9.699880572503904,,1.4417,28600.0,11100.0,252.0,54.069559277018854,-2.7925666663146695
2021-05-29,58.3,83.1,5.3,30.3,1.0013186890751125,1.0601534031191375,2.6582272703861047,,2.3033,28500.0,14100.0,252.0,54.06955929864454,-2.792566635763199
2021-05-30,61.8,69.4,5.8,30.3,1.0010453442336855,1.322841727276873,9.589528780218359,,2.5833,37800.0,20400.0,252.0,54.069559145229626,-2.7925667068573197
2021-05-31,59.5,65.7,9.0,30.1,1.0010719950687128,1.1737851526552123,5.131275070077073,,2.6667,26400.0,11200.0,252.0,54.06955924912621,-2.792566679293112
2021-06-01,65.9,62.8,11.1,29.9,1.0005765799171005,1.3993712700644756,8.55139507033731,,3.0967,25600.0,10800.0,252.0,54.06955929281551,-2.79256654072671
2021-06-02,66.9,55.6,15.1,29.9,1.001318669542953,1.4189000376273793,8.596738686108619,,2.0452,24500.0,10000.0,252.0,54.069559352687605,-2.7925665972993685
2021-06-03,57.8,79.0,9.0,30.0,1.0013086304607377,1.32863659669861,6.8945954962957545,,2.4194,26200.0,11500.0,252.0,54.069559185963044,-2.7925667368280456
2021-06-04,56.1,74.1,6.8,30.2,1.001173860283872,1.374911481753922,7.416442204267191,,1.0839,35500.0,16700.0,252.0,54.06955927536295,-2.7925666013126405
2021-06-05,57.3,76.1,4.8,30.2,1.0013041583333395,1.3712026091399785,6.983703899477537,,2.4688,40400.0,20700.0,252.0,54.06955927903884,-2.7925670098923945
2021-06-06,57.9,79.0,9.3,30.2,1.001165133653391,1.617428012355826,8.930791246058215,,2.2188,46900.0,22700.0,252.0,54.06955914115534,-2.7925667930770612
2021-06-07,57.9,79.7,5.9,30.1,1.0008348863777898,1.402352332186617,6.029989448665657,,2.2344,33700.0,16700.0,252.0,54.069559120425566,-2.7925666054236915
2021-06-08,58.5,79.1,8.5,30.1,1.0008471821190692,1.4417921268526641,6.284480994190736,,3.0,21600.0,8900.0,252.0,54.069559211369565,-2.7925667778107788
2021-06-09,60.0,84.0,8.0,30.0,1.0011422768035292,1.3605664953383487,5.225063390100988,,3.1781,23600.0,9900.0,252.0,54.06955934270713,-2.7925668242500286
2021-06-10,60.7,90.6,12.1,30.0,1.001449922055623,1.3651753037457202,6.061398418247743,,2.1063,23400.0,9800.0,252.0,54.069559355980246,-2.7925665773338753
2021-06-11,58.7,87.2,13.9,30.0,1.0010542333740275,1.0964277611965296,3.3957496944472907,,2.0563,29800.0,12300.0,252.0,54.06955908928821,-2.7925667941753076
2021-06-12,57.3,73.4,11.1,30.2,1.0012457369773629,1.2968813574963634,5.44578891745311,,2.975,31300.0,14500.0,252.0,54.06955928117589,-2.792566629798475
2021-06-13,61.1,80.7,4.3,30.2,1.00111790153794,1.3279298024419075,5.821677915642357,,3.1844,34300.0,14000.0,252.0,54.069559203902216,-2.7925666151234645
2021-06-14,57.7,78.6,13.0,30.1,1.0008814759664193,1.4628119632210494,7.896580772396287,,2.9406,24300.0,10500.0,252.0,54.06955921403101,-2.7925668509512844
2021-06-15,58.0,75.5,6.0,30.1,1.0007563098384746,1.4138426622657714,7.214569166079206,,3.025,20800.0,8100.0,252.0,54.06955923940693,-2.7925667264737024
2021-06-16,58.2,84.4,6.7,29.8,1.0007252942487987,1.393756029532617,6.6640636914439515,,2.625,22000.0,9000.0,252.0,54.06955915515994,-2.7925667484806076
2021-06-17,58.2,78.8,9.0,29.9,1.001123003616446,1.5206776840061988,7.385122851696638,,1.2484,23700.0,9700.0,252.0,54.06955923579167,-2.792566590510409
2021-06-18,57.2,76.0,11.2,30.0,1.0014191968813968,1.3194121303542228,5.38148688701032,,0.4438,28400.0,12500.0,252.0,54.06955919911239,-2.792566834389769
2021-06-19,60.1,73.3,9.9,29.9,1.0013248223963356,1.329183883256575,5.524963128205715,,0.6656,30300.0,14300.0,252.0,54.06955920186097,-2.7925664679325175
2021-06-20,58.1,75.1,9.0,29.8,1.0013055560352078,1.481172879216334,6.3429196065441396,,1.05,32400.0,12800.0,252.0,54.06955929121541,-2.792566698613015
2021-06-21,55.3,76.0,6.4,30.0,1.001016047711924,1.6266931485982892,7.243955070213943,,0.7938,25900.0,10400.0,252.0,54.06955942473081,-2.792566612898947
2021-06-22,56.0,68.7,7.5,30.2,1.0007925233267103,1.769205478396663,8.09292004910782,,1.7281,22000.0,8800.0,252.0,54.0695592517524,-2.79256657058605
2021-06-23,54.5,90.8,6.6,30.2,1.001292596778898,2.1046047764060134,9.063652837067247,,2.4063,23900.0,9200.0,252.0,54.06955926693539,-2.79256684956543
2021-06-24,58.1,94.6,8.4,30.1,1.0014784889768444,1.5796336201671148,5.844312287997234,,1.2125,24700.0,10000.0,252.0,54.06955917079812,-2.7925668465226834
2021-06-25,53.2,91.0,8.8,30.0,1.0010655319940318,1.4356270789541417,4.987410258509293,,1.7781,32200.0,13100.0,252.0,54.069559277335294,-2.7925665405093096
2021-06-26,57.2,80.0,5.6,30.1,1.0011848299835424,1.7569885111742105,6.922114944251577,,2.025,31300.0,14900.0,252.0,54.06955909363096,-2.7925665715808954
2021-06-27,60.1,79.8,6.8,30.1,1.001166558446951,1.7713206928985723,7.032400539761233,,0.2556,34800.0,13500.0,252.0,54.06955939410745,-2.7925667009755837
2021-06-28,60.6,85.1,7.5,30.0,1.0011012698264614,1.8027222260398543,6.814827877771249,,0.8938,29000.0,11000.0,252.0,54.06955920192815,-2.792566798097182
2021-06-29,61.3,86.2,8.0,30.0,1.000816784085657,1.8658232975882048,6.642873735838776,,1.4063,24800.0,9700.0,252.0,54.069559363620975,-2.7925666432310856
2021-06-30,60.2,86.4,8.2,30.0,1.0010605436764357,1.566421330531533,5.4612628457108165,,1.4563,28500.0,11400.0,252.0,54.06955916809364,-2.7925667068322895
2021-07-01,59.3,85.8,6.4,30.0,1.0015826926670186,1.208919739805186,3.6043892558807005,,1.7484,29500.0,13300.0,252.0,54.06955918423775,-2.792566807285821
2021-07-02,59.7,84.8,4.7,29.9,1.001585672131334,1.0107806729998383,2.8311148993397515,,2.2,33300.0,15600.0,252.0,54.069559068881794,-2.7925666203517268
2021-07-03,61.3,89.5,6.6,29.8,1.0015978752426435,1.0426657100702479,3.289598997082537,,1.429,34800.0,18000.0,252.0,54.06955920059971,-2.7925667841160817
2021-07-04,62.6,86.8,6.1,29.6,1.0013441394124891,1.2214026831115528,4.849849978005897,,1.7968,35900.0,15700.0,252.0,54.06955930824905,-2.792566628654948
2021-07-05,59.5,80.6,9.3,29.5,1.0011805041348865,0.9786511032674686,3.68726418772223,,1.9903,31400.0,13900.0,252.0,54.0695592393946,-2.7925666411609136
2021-07-06,58.3,83.3,9.0,29.4,1.0011439231714847,0.9115367148868708,3.652788769375122,,1.9129,25100.0,11300.0,252.0,54.069559233892704,-2.792566718727857
2021-07-07,59.9,85.0,7.5,29.7,1.0012368273211931,0.7533108108206147,2.7505691740632687,,1.6774,26200.0,12000.0,252.0,54.06955929727413,-2.7925667556577802
2021-07-08,60.6,83.4,7.4,30.0,1.001809167734455,0.7037120725577948,2.414520022948308,,1.6483,30600.0,16100.0,252.0,54.069559539225175,-2.7925667542807027
2021-07-09,61.5,80.3,6.3,30.1,1.0018896155915913,0.5841117919127334,1.6041236188387702,,2.5968,37800.0,20100.0,252.0,54.06955934994545,-2.792566794367711
2021-07-10,62.5,87.2,5.1,29.9,1.0020042668112483,0.5504737067422112,1.7903661830501518,,1.3065,46300.0,27200.0,252.0,54.06955926916398,-2.792566676749191
2021-07-11,62.5,86.0,4.5,29.9,1.002029077754099,0.7163567258413145,2.9448551820814752,,1.4,43400.0,19900.0,252.0,54.069559049952865,-2.792566707621917
2021-07-12,61.8,93.0,5.5,29.8,1.0019757417588036,0.7188995107285243,3.23929303219992,,1.8677,36900.0,20300.0,252.0,54.06955921111762,-2.7925665835785347
2021-07-13,62.5,86.4,9.5,30.0,1.001628388519224,0.7426359036326176,2.8671122139743384,,1.8452,29700.0,16500.0,252.0,54.06955931099636,-2.7925664522151763
2021-07-14,62.2,83.7,12.1,30.1,1.0016969701550025,0.8429879457134326,3.6716144740393393,,2.1452,31700.0,16500.0,252.0,54.06955929255485,-2.7925666522365304
2021-07-15,62.5,82.8,12.5,30.2,1.0020880787202298,0.8651034277449117,3.8071915162389796,,1.5935,34000.0,18900.0,252.0,54.06955936276113,-2.7925668090278615
2021-07-16,63.6,84.6,8.6,30.3,1.0031297683456553,0.7931456052517804,1.9705301981768475,,3.3033,44100.0,24900.0,252.0,54.06955915429182,-2.7925668355726674
2021-07-17,65.9,85.2,5.7,30.3,1.0032654284596254,0.833098539837376,1.9030593614951008,,3.2,51600.0,31300.0,252.0,54.06955919414684,-2.792566638947048
2021-07-18,65.1,83.6,7.8,30.2,1.00337108634354,0.8900211766389503,2.3224938498657512,,3.1,51200.0,26000.0,252.0,54.06955935227316,-2.7925667763792426
2021-07-19,65.9,81.3,7.0,30.1,1.0031754534871058,0.9353707525557888,1.8602857460256912,,2.82,57600.0,32300.0,252.0,54.069559278896406,-2.7925666694768823
2021-07-20,65.2,82.3,8.9,30.1,1.0026650660469485,0.9004609944637074,1.248195719029977,,2.9533,46400.0,25800.0,252.0,54.06955934848709,-2.792566619161698
2021-07-21,62.3,69.0,5.0,28.9,1.0031588489515877,0.8590928919771523,0.7654454855647235,,2.3167,42900.0,22900.0,252.0,54.0695592876068,-2.792566615336657
2021-07-22,70.7,77.0,6.0,30.1,1.0046052021912824,0.8831122625099694,0.4579532558232546,,2.025,43600.0,23700.0,252.0,54.069559212752125,-2.7925667784054786
2021-07-23,69.8,71.6,10.4,30.0,1.0043909020100754,0.9099663202732022,0.6086172216140662,,3.0,56000.0,31300.0,252.0,54.0695593330064,-2.792566641511613
2021-07-24,63.7,70.3,10.5,29.8,1.0046519167431422,0.9374979684521424,0.6747522886799964,,0.75,69100.0,41000.0,252.0,54.06955931315045,-2.7925665936425506
2021-07-25,63.5,70.6,7.2,29.8,1.0044337208645302,0.9153712147551396,0.4407142753204107,,0.82,71100.0,36200.0,252.0,54.0695590563763,-2.7925666365397146
2021-07-26,63.3,83.8,7.5,29.8,1.0043589450221542,0.9135637126198308,0.3260468298455736,,1.6067,59100.0,33000.0,252.0,54.06955928626863,-2.7925668191086217
2021-07-27,62.8,84.1,7.4,29.7,1.0034234712065493,0.9345218152940992,0.7926337341238509,,1.7167,52500.0,29100.0,252.0,54.069559180131364,-2.792566766296899
2021-07-28,60.0,83.0,12.4,29.6,1.0040281068983967,0.9800352003010978,0.6097989720467053,,1.4033,53700.0,29600.0,252.0,54.069559339608574,-2.792566539250105
2021-07-29,58.3,87.8,17.0,29.6,1.0058989326410448,0.9764291017400616,0.3128857172660118,,2.18,59500.0,34100.0,252.0,54.069559172894024,-2.7925667858057217
2021-07-30,59.2,88.5,7.9,29.6,1.0058784188405103,0.9987838156746336,0.3899089660144743,,1.1897,78100.0,45600.0,252.0,54.069559375106685,-2.792566760022859
2021-07-31,59.8,81.7,12.9,29.7,1.0061120479669932,1.0122089814250266,0.1554738269687332,,1.2309999999999999,96500.0,60000.0,252.0,54.069559214789784,-2.7925667017547706
2021-08-01,59.6,73.0,7.2,29.8,1.0063416007053496,1.016696367484484,0.8243829415725246,,1.3448,86500.0,50200.0,252.0,54.0695592838348,-2.7925667190818353
2021-08-02,57.1,74.3,5.4,29.9,1.005704558182199,1.018055167919519,1.1198650246537871,,1.4931,77700.0,44100.0,252.0,54.06955928945346,-2.792566615606795
2021-08-03,57.4,80.9,6.8,29.9,1.0043798078238728,1.0152382409063574,0.8931920711123771,,2.2276,59200.0,33700.0,252.0,54.069559197145054,-2.792566742509622
2021-08-04,59.2,79.7,4.5,29.8,1.0050128373371623,1.0186699392863112,1.3745584474823358,,1.8517,65900.0,37300.0,252.0,54.06955922464482,-2.7925666610855706
2021-08-05,61.4,81.5,15.0,29.5,1.0081972392375884,1.0241306014087788,1.6739690676934402,,1.1103,72200.0,42000.0,252.0,54.06955937593023,-2.7925667393022704
2021-08-06,61.3,88.1,13.7,29.3,1.0088325330535148,1.019702671122758,1.2395798585663127,,1.7179,90900.0,53600.0,252.0,54.069559273867256,-2.792566556763641
2021-08-07,60.4,86.7,14.1,29.2,1.0096894136037862,1.0219321426465933,1.4576773350547658,,1.3828,109600.0,69300.0,252.0,54.06955925762746,-2.7925666482144162
2021-08-08,61.6,85.3,15.4,29.4,1.0094695250564552,1.0263532899494576,1.8981180150146435,,1.175,119200.0,68600.0,252.0,54.06955936670548,-2.7925666688130324
2021-08-09,60.9,78.5,10.7,29.7,1.0093139241681142,1.0233659535812751,1.6526581715539836,,1.5321,95400.0,54600.0,252.0,54.06955916515679,-2.7925668297285213
2021-08-10,61.2,81.0,6.6,29.9,1.0086491890020721,1.0213669066370517,1.5961112217663662,,2.0036,84200.0,47800.0,252.0,54.06955919337735,-2.7925665781638758
2021-08-11,61.4,85.4,10.7,29.9,1.0096205188599452,1.0212878722275842,1.4363901536501416,,1.9071,86100.0,49900.0,252.0,54.069559231752045,-2.7925666894143344
2021-08-12,61.0,79.8,11.4,29.9,1.0150232036348432,1.0226757283907368,1.1090244699994714,,1.075,89000.0,51600.0,252.0,54.06955912515058,-2.7925668586490366
2021-08-13,62.2,77.1,16.4,29.9,1.0145240648719809,1.0252254946194648,1.44148086840403,,1.3893,104200.0,60400.0,252.0,54.06955930836385,-2.7925666543865315
2021-08-14,60.3,79.7,9.7,30.0,1.01487753709124,1.0130216220766175,1.3647925808769377,,1.7929,125100.0,78700.0,252.0,54.06955923859726,-2.792566665914788
2021-08-15,59.5,86.9,11.3,29.8,1.0149459732719004,1.013082327547849,1.5396155507992018,,1.5857,128100.0,72600.0,252.0,54.06955928481053,-2.7925665109148934
2021-08-16,59.5,78.5,18.9,30.0,1.0135365077055924,1.0118451905505024,1.9942412783943217,,1.3679,111500.0,63200.0,252.0,54.069559388844205,-2.792566601757806
2021-08-17,60.5,85.8,19.5,30.0,1.0124499947488192,1.01089151474629,1.3718812430641851,,0.7381,97400.0,54900.0,252.0,54.069559279001346,-2.7925667376644285
2021-08-18,59.1,89.2,15.0,29.9,1.01312956792549,1.0114887567394195,1.9459186736758856,,1.7964,100400.0,57900.0,252.0,54.069559326164885,-2.7925666980697375
2021-08-19,59.5,91.0,6.2,29.8,1.0182382239913321,1.0159760655622412,1.3454557392699034,,1.5071,108800.0,63800.0,252.0,54.06955927251896,-2.7925668144101534
2021-08-20,63.0,88.0,5.0,29.9,1.0190932428803208,1.016727961824455,1.0338771729165577,,0.9704,126400.0,74100.0,252.0,54.06955922050807,-2.7925665758185065
2021-08-21,62.2,93.4,6.9,29.9,1.0204749195667853,1.0179426038977828,1.4453592570030018,,0.863,138100.0,88000.0,252.0,54.069559231775344,-2.792566616268737
2021-08-22,62.0,90.4,8.5,30.1,1.0174971702656013,1.0153278956477527,2.071105955744949,,1.5926,140700.0,83600.0,252.0,54.0695592341453,-2.792566606200373
2021-08-23,64.3,83.9,6.4,30.3,1.0166339717638126,1.0145703877742036,1.8443605432048429,,1.25,125500.0,72300.0,252.0,54.06955932118308,-2.792566541066702
2021-08-24,61.2,84.8,5.6,30.4,1.014488348869455,1.0126861245143883,2.297430115111137,,1.8231,115400.0,66900.0,252.0,54.06955919976804,-2.7925667185244283
2021-08-25,61.5,88.5,5.5,30.3,1.0157381576068114,1.0137847009791814,1.745695887126022,,1.6158,120900.0,70300.0,252.0,54.0695593264358,-2.792566520328576
2021-08-26,62.9,79.1,5.1,30.2,1.0231633318871511,1.0203092731865484,1.5901577889510397,,1.08,127000.0,74200.0,252.0,54.06955941794992,-2.7925666097999917
2021-08-27,57.5,74.8,7.4,30.2,1.0244663784059578,1.0214556389907579,1.1023211519699092,,1.3692,141900.0,83500.0,252.0,54.06955924031371,-2.7925667940054524
2021-08-28,58.3,77.7,6.7,30.3,1.0284316681013737,1.0249417730676311,1.4434417561750967,,1.5808,154100.0,98200.0,252.0,54.069559347677,-2.792566822696394
2021-08-29,58.8,82.0,5.7,30.3,1.0319892237535626,1.0280704257924116,1.5124049641805766,,0.5125,152700.0,90400.0,252.0,54.06955925246109,-2.792566691051513
2021-08-30,59.0,72.3,8.7,30.4,1.0280084773421754,1.0245740925831646,1.9655327346273983,,0.3667,151200.0,86100.0,252.0,54.06955914639175,-2.792566651691754
2021-09-01,57.2,78.3,5.9,30.5,1.0171301719122696,1.015014992928053,1.6318538912817155,,1.1731,123900.0,68200.0,252.0,54.06955912851921,-2.792566681490228
2021-09-02,58.5,78.3,7.1,30.4,1.0223137540772127,1.0195723388366191,1.4596443729620956,,1.4308,116900.0,62200.0,252.0,54.06955921625831,-2.7925667554552254
2021-09-03,57.2,79.3,7.0,30.2,1.0185401072679905,1.0162560859837386,1.6674718108226922,,1.4423,126600.0,71500.0,252.0,54.06955925019137,-2.7925667396046983
2021-09-04,59.5,74.2,9.5,30.1,1.0161734331132437,1.0141762697784449,1.0886826060963153,,1.0808,125800.0,77200.0,252.0,54.06955916098172,-2.792566692064638
2021-09-05,62.9,75.9,6.5,30.1,1.0134339319618062,1.0117684160909317,1.908659947511606,,2.0538,126300.0,71000.0,252.0,54.06955928155238,-2.792566695459806
2021-09-06,62.8,87.3,4.0,30.1,1.011488267580266,1.01005824094974,1.4802439417788085,,1.9846,111100.0,59500.0,252.0,54.06955929503296,-2.7925666684549237
2021-09-07,64.8,81.4,4.0,30.1,1.0093253111869485,1.008156873172862,1.6981546058237356,,2.396,102200.0,53400.0,252.0,54.06955926798257,-2.7925664800834675
2021-09-08,72.8,62.1,8.9,29.9,1.008993961494103,1.0078657457460027,1.3665999064925771,,2.2159999999999997,111100.0,59000.0,252.0,54.06955907140539,-2.7925664738949187
2021-09-09,64.3,88.5,3.7,29.7,1.0125171962945123,1.0109637221634036,1.266719995463721,,1.1208,118300.0,63700.0,252.0,54.06955907107527,-2.7925667940075156
2021-09-10,62.9,92.9,4.2,29.7,1.0123620592794933,1.0108276739015538,1.1018210644590911,,1.1625,127400.0,69400.0,252.0,54.06955920849265,-2.7925666509387908
2021-09-11,61.7,85.8,9.8,29.9,1.0124542085616492,1.0109090522377888,1.2679958567652572,,1.5043,128400.0,77300.0,252.0,54.06955928112072,-2.792566695257754
2021-09-12,57.9,75.0,6.8,30.0,1.0116618566310511,1.0102126610331708,1.5096159440235426,,1.2958,136100.0,76400.0,252.0,54.069559263499364,-2.7925666279995376
2021-09-13,57.1,82.7,11.3,30.0,1.0092552137025348,1.0080966706406955,1.5282221532251472,,1.3458,115200.0,64100.0,252.0,54.06955923795004,-2.792566737178735
2021-09-14,59.2,82.0,7.0,29.9,1.007776013907509,1.006796100531007,2.0668960010928066,,0.7208,99900.0,54500.0,252.0,54.06955917308295,-2.7925665980754344
2021-09-15,58.6,81.8,5.0,29.9,1.0078826665741314,1.0068900244734544,2.06322991978174,,1.5958,111700.0,58600.0,252.0,54.06955923833424,-2.7925666267966656
2021-09-16,60.4,81.2,5.8,29.9,1.0120911470701122,1.0105911493621744,1.4847124834270615,,1.7292,118100.0,63200.0,252.0,54.069559516807985,-2.792566572766807
2021-09-17,61.5,81.4,8.2,29.8,1.0122904505249417,1.0107667539585117,1.3524319531637379,,1.5333,147400.0,80400.0,252.0,54.06955915235769,-2.792566705671253
2021-09-18,61.5,89.9,3.3,29.9,1.0130273932446832,1.0114152159312548,1.6536106911942272,,1.5417,154100.0,94200.0,252.0,54.06955932044637,-2.792566689658117
2021-09-19,59.2,85.1,7.5,29.9,1.0121133193320409,1.0106116583234614,2.1520146862156,,0.8292,162300.0,93000.0,252.0,54.06955916232512,-2.792566630762559
2021-09-20,56.5,87.0,5.5,30.2,1.0106278339742614,1.0093054555798124,2.299885220041763,,1.7348,137100.0,76900.0,252.0,54.06955919410954,-2.7925665929990635
2021-09-21,59.4,82.7,7.5,30.4,1.0080468861041696,1.0070356490507664,1.576682055342575,,1.6435,109200.0,60700.0,252.0,54.06955920415521,-2.7925666217937213
2021-09-22,61.6,80.5,13.4,30.2,1.0085177894236506,1.0074499757098547,1.1686205564381225,,1.7435,115700.0,65500.0,252.0,54.06955933314258,-2.7925667894533235
2021-09-23,59.9,83.1,15.4,30.0,1.0123948480654197,1.0108603327340988,1.7104855954164384,,1.4857,125900.0,68200.0,252.0,54.069559332896496,-2.792566548538561
2021-09-24,62.1,88.1,15.3,29.9,1.0120345602119638,1.0105437508944408,1.3756229853087658,,1.8304,149800.0,82700.0,252.0,54.06955924445304,-2.792566708653046
2021-09-25,62.9,90.5,5.7,29.8,1.0124270306921943,1.010889299189934,1.7366403794840164,,0.5870000000000001,156100.0,97000.0,252.0,54.06955916634843,-2.792566663885071
2021-09-26,62.7,86.3,10.4,29.7,1.0113684274962058,1.009958409797214,2.2102582189841318,,1.4522,166800.0,97100.0,252.0,54.06955934839744,-2.7925666750584903
2021-09-27,56.0,79.6,17.1,29.6,1.010070151305951,1.0088166060906856,1.1397371805185736,,1.3739,139400.0,82200.0,252.0,54.0695591871622,-2.7925667619555674
2021-09-28,54.0,82.3,13.2,29.8,1.0084490779038058,1.0073907551772592,1.0348608290165755,,1.1136,108800.0,62400.0,252.0,54.06955917181425,-2.792566713829841
2021-09-29,52.8,72.8,16.1,30.0,1.0085683603482305,1.0076804890765827,0.8575007782253055,,1.3045,113500.0,65300.0,252.0,54.06955913681332,-2.792566586039073
2021-09-30,56.6,87.7,17.2,29.8,1.0130455294006682,1.0114347537284178,1.1084997587542569,,0.5091,125700.0,71300.0,252.0,54.069559287522154,-2.792566611907737
2021-10-01,56.1,72.3,22.2,29.6,1.012585660147787,1.0110305285831007,0.9353783811460076,,1.0909,140100.0,77500.0,252.0,54.0695592589524,-2.792566713225442
2021-10-02,52.2,84.0,16.4,29.3,1.013034291756438,1.0114255720071204,0.9007828706914622,,0.2864,139000.0,88200.0,252.0,54.06955936947856,-2.7925666788789747
2021-10-03,54.8,75.6,20.1,29.2,1.0115674303620157,1.010135332503217,1.6788195612066124,,1.1476,113900.0,67300.0,252.0,54.069559354035306,-2.792566726862098
2021-10-04,53.7,81.4,11.1,29.5,1.0096975934682717,1.0084904319195087,1.3972594323251637,,1.0952,133600.0,77700.0,252.0,54.069559323257295,-2.7925666758656047
2021-10-05,51.7,86.5,17.2,29.5,1.0085036960761882,1.0074401573394918,1.3435273796833975,,0.8,103500.0,59700.0,252.0,54.06955932117452,-2.7925665863652767
2021-10-06,53.0,78.0,9.6,30.0,1.008052536496562,1.0070433398455505,1.376554603729781,,1.5905,98600.0,58500.0,252.0,54.06955921041322,-2.7925668311205
2021-10-07,59.1,92.8,11.2,30.1,1.011799403354827,1.0103403523878234,1.109570188784782,,0.6905,118700.0,66800.0,252.0,54.06955924844759,-2.792566671888225
2021-10-08,59.4,86.9,6.5,30.3,1.0106178503785102,1.0093009508347048,0.9694267355667512,,0.4857,146200.0,80800.0,252.0,54.06955918019747,-2.792566680125523
2021-10-09,58.1,93.3,8.4,30.3,1.0107839359286463,1.0094473282472116,1.51870219798614,,1.2524,151400.0,95600.0,252.0,54.06955930390731,-2.7925668251955713
2021-10-10,54.8,82.6,11.5,30.4,1.0096897981707362,1.0084847533074457,1.6986107735625584,,1.0857,162000.0,96600.0,252.0,54.06955942660646,-2.792566731825078
2021-10-11,55.4,78.1,10.9,30.4,1.0085837821659538,1.0075116624226734,1.5551607104505174,,1.0381,137000.0,79900.0,252.0,54.06955929594548,-2.7925667284187536
2021-10-12,57.1,88.5,11.6,30.2,1.0067421851440663,1.0058912065436223,1.5850055330384831,,1.0667,103900.0,61400.0,252.0,54.0695593453717,-2.792566671625667
2021-10-13,56.1,82.6,11.1,30.3,1.006202753233752,1.0054165927089993,1.2007942025368759,,0.8190000000000001,109800.0,65100.0,252.0,54.069559223710286,-2.7925667000975793
2021-10-14,56.2,76.5,16.3,30.1,1.0091563353109976,1.0080158960573409,0.8501413046952647,,1.0286,123000.0,69700.0,252.0,54.069559274093216,-2.792566736658242
2021-10-15,47.9,75.3,6.2,30.1,1.0128396824470474,1.0112576197488206,1.1023998215328101,,0.64,159100.0,89700.0,252.0,54.06955945953322,-2.7925667612075014
2021-10-16,48.7,88.2,6.5,30.0,1.0118597110438623,1.0103954873492464,1.1152076846961134,,0.9316,157600.0,101200.0,252.0,54.0695593503991,-2.7925666748359093
2021-10-17,56.7,95.8,11.0,29.8,1.0112500269252096,1.0098591781576287,1.4325424762324723,,0.7263,170400.0,101200.0,252.0,54.06955943492348,-2.79256675644781
2021-10-18,56.8,94.5,11.0,29.8,1.0097831273195803,1.008568370029447,1.2812843474996078,,0.4333,143900.0,84600.0,252.0,54.06955934626947,-2.7925666757231427
2021-10-19,58.9,95.8,11.4,29.6,1.0077332746810412,1.0067644017563562,1.3397605211853028,,0.6474,109500.0,65800.0,252.0,54.069559331558835,-2.7925666904552595
2021-10-20,53.6,77.9,12.2,29.4,1.0075797732847815,1.0066294139170415,1.2103226117291883,,0.8737,116000.0,69700.0,252.0,54.069559201218084,-2.7925666510451044
2021-10-21,47.8,70.7,17.2,29.7,1.0116434503825014,1.0102062639434441,0.9699631779201059,,0.9684,129900.0,77300.0,252.0,54.06955915842252,-2.7925667639312226
2021-10-22,52.1,77.9,17.8,30.0,1.0092734184026482,1.008120428131011,1.2016554360609302,,0.8526,172500.0,103200.0,252.0,54.069559381936365,-2.7925667374908274
2021-10-23,53.2,81.0,13.7,30.1,1.0084537298217473,1.0073990956505674,1.0067080690686163,,0.5684,175900.0,116800.0,252.0,54.06955919924531,-2.7925667506344904
2021-10-24,54.0,83.9,18.2,29.8,1.0075063389344716,1.0065653171118976,1.4131872512866206,,0.8,182600.0,113900.0,252.0,54.06955930129604,-2.792566688276537
2021-10-25,54.1,75.9,14.6,29.8,1.006522867140014,1.0056997390131357,1.0234337775345437,,0.7947,153400.0,93800.0,252.0,54.06955928669658,-2.7925665898044976
2021-10-26,56.4,84.9,17.8,29.8,1.0048928771606616,1.0042650341630963,1.3928647029813988,,0.6056,124000.0,77300.0,252.0,54.06955933107867,-2.7925667529665157
2021-10-27,58.0,92.5,20.3,29.7,1.005217019896235,1.0045504053710113,1.2985746928605657,,0.5211,139800.0,87300.0,252.0,54.06955933244864,-2.7925667562845753
2021-10-28,56.4,93.3,17.3,29.5,1.0090599877392423,1.007933294162772,1.3649964704287392,,0.3105,158300.0,98600.0,252.0,54.069559083641785,-2.792566678385211
2021-10-29,53.5,88.2,15.5,29.2,1.006883561299147,1.006017569105161,1.1264502991388856,,0.3842,201000.0,129900.0,252.0,54.069559369222304,-2.792566931316617
2021-10-30,51.2,82.7,14.1,29.2,1.0071103408243205,1.0062172917534582,1.1426958917386951,,0.5889,195700.0,139800.0,252.0,54.069559244790234,-2.7925667141908743
2021-10-31,50.3,87.1,17.8,29.0,1.0067393889840366,1.0058908341707382,1.4147702233740884,,0.5294,199600.0,126100.0,252.0,54.06955924019819,-2.7925666460835576
2021-11-01,50.5,80.9,21.9,29.1,1.0065011653783549,1.0056812058254714,1.0042717887301065,,0.5471,152000.0,83800.0,252.0,54.06955929022095,-2.7925666775445404
2021-11-02,48.1,80.0,7.4,29.4,1.0066198103495376,1.0057857319392958,0.9407739363820171,,0.5353,111100.0,54900.0,252.0,54.06955910834254,-2.7925664585344503
2021-11-03,44.9,83.0,5.6,29.7,1.0082711997409155,1.0072396140419464,1.0258262087458112,,0.3765,108300.0,54300.0,252.0,54.06955930616539,-2.7925666376734566
2021-11-04,43.1,74.3,7.8,30.0,1.0108671291893363,1.0095251296357743,1.1298660153509748,,0.175,117000.0,58700.0,252.0,54.06955943472802,-2.792566494923586
2021-11-05,48.7,86.0,8.5,30.2,1.0104315388019982,1.009290146107564,0.8610296380592307,,,145100.0,69800.0,252.0,54.06955916531291,-2.7925666380566754
2021-11-06,53.3,80.8,20.9,30.0,1.0093949807257434,1.0084136658725913,1.0192536022955283,,,120000.0,64500.0,252.0,54.06955928558209,-2.792566671173448
2021-11-07,51.4,70.5,21.8,30.0,1.0092067822475252,1.0083873519336843,1.6371209044592936,,,149600.0,80500.0,252.0,54.06955924851011,-2.792566533342098
2021-11-08,52.3,86.5,10.0,30.1,1.0083673968824918,1.0073250017471451,1.4468728935027484,,,123700.0,66400.0,252.0,54.06955921762545,-2.7925666873589194
2021-11-09,55.2,92.3,11.9,30.0,1.0074071321309228,1.0064796636253897,1.4257236326769758,,,89000.0,45200.0,252.0,54.06955921926621,-2.792566747526354
2021-11-10,51.8,81.0,5.3,30.1,1.009269841746391,1.0081198179507966,1.2772234658432844,,0.05,92600.0,45100.0,252.0,54.06955929533072,-2.7925668781975426
2021-11-11,51.8,84.8,9.9,30.0,1.0120713252034124,1.0105866607166158,1.4204514592546793,,0.2167,112100.0,55600.0,252.0,54.069559235971894,-2.7925666348314397
2021-11-12,53.5,87.9,21.4,29.6,1.010041373889388,1.0087995217757415,1.5235387140019283,,0.3563,134900.0,64900.0,252.0,54.069559193233836,-2.792566764028376
2021-11-13,50.9,85.0,11.5,29.9,1.0094610214957749,1.0082886871879717,1.322425752277067,,0.2941,111500.0,61200.0,252.0,54.06955937734441,-2.7925666190410685
2021-11-14,47.7,89.7,5.2,30.2,1.00879404691494,1.0077015479082747,1.923226648884764,,0.2529,148800.0,82600.0,252.0,54.069559328535924,-2.792566763632287
2021-11-15,49.5,94.8,6.3,30.2,1.0073341542077163,1.0064161684515265,1.8032349409949413,,0.3353,123100.0,67600.0,252.0,54.069559371066426,-2.7925665178936545
2021-11-16,51.3,86.1,10.0,30.1,1.0069346457540047,1.006401003262435,1.6196737046445342,,0.34,93300.0,49300.0,252.0,54.06955932037273,-2.792566663559593
2021-11-17,51.4,73.9,17.5,30.1,1.0089446543544818,1.008095052736818,1.3292800046110471,,0.5,88800.0,44300.0,252.0,54.06955932745982,-2.7925666701098133
2021-11-18,54.8,88.6,17.6,30.2,1.0123440327348714,1.01105665564096,1.1688584814992884,,0.36,109600.0,55600.0,252.0,54.06955933313289,-2.792566706568309
2021-11-19,54.1,84.8,14.6,30.3,1.0105447546578472,1.009476990196148,1.1653523286749985,,0.16,137000.0,63100.0,252.0,54.0695591247208,-2.7925666130256466
2021-11-20,51.7,81.0,15.5,30.1,1.01081661229448,1.0096766271737685,1.020637504628511,,0.16,112600.0,60500.0,252.0,54.069559355202,-2.792566648068697
2021-11-21,42.4,72.9,9.0,30.2,1.0102812774616408,1.009232187844409,1.0905438371699017,,0.32,146500.0,83100.0,252.0,54.06955925656112,-2.7925668178657155
2021-11-22,40.2,85.9,3.9,30.4,1.0092612802442849,1.008450778431365,1.5444170425769919,,0.3933,124700.0,68300.0,252.0,54.069559301743595,-2.7925668001394763
2021-11-23,45.8,88.5,7.3,30.4,1.008300614478546,1.007620883619547,1.614056059392202,,0.4,89700.0,44700.0,252.0,54.06955920202803,-2.7925665558279764
2021-11-24,46.1,78.6,11.6,30.1,1.0103640471969064,1.0090855342997624,1.126809413543625,,0.12,88700.0,42400.0,252.0,54.06955940412198,-2.792566474957937
2021-11-25,41.3,75.3,11.7,30.0,1.014109095814694,1.0125998233116091,1.0488677911682596,,0.36,110200.0,53300.0,252.0,54.06955932547968,-2.792566669175652
2021-11-26,45.5,74.7,29.0,29.3,1.0133422630034563,1.0119258035061929,1.0390361922448037,,0.26,137500.0,62400.0,252.0,54.06955933015747,-2.7925666909985765
2021-11-27,38.1,58.8,24.8,29.6,1.0130889547838955,1.01170019077288,1.00779541018473,,0.1867,113100.0,60400.0,252.0,54.06955928020292,-2.7925666240519873
2021-11-28,33.5,79.1,6.5,29.8,1.0120726774931308,1.0109367849843092,1.4701034912093056,,0.3467,143400.0,81800.0,252.0,54.06955927512344,-2.7925666891224923
2021-11-29,35.7,93.6,8.1,29.9,1.0111018310121749,1.010071709582615,1.5056284941720959,,0.3133,130800.0,74800.0,252.0,54.06955935382367,-2.7925667077146623
2021-11-30,50.6,91.4,16.4,29.6,1.0094491592349633,1.0082808967249626,1.3513734472511851,,0.22,84500.0,46600.0,252.0,54.069559288757375,-2.7925666330091725
2021-12-01,43.7,79.0,19.3,29.4,1.0113590022765044,1.0099632964257779,1.668793844210804,,0.3,79300.0,41600.0,252.0,54.069559215854824,-2.7925668670912707
2021-12-02,37.7,70.4,10.1,29.8,1.0157025351002391,1.0137895623344957,1.6042770767924397,,0.34,92200.0,48900.0,252.0,54.06955938083603,-2.7925667757306702
2021-12-03,45.3,85.8,11.7,29.5,1.0137364207489468,1.0120580439140394,0.9326893599096596,,0.2071,109200.0,52900.0,252.0,54.06955910433312,-2.7925665427484017
2021-12-04,44.5,80.7,24.7,29.3,1.0130595259335236,1.0114620759114603,1.209019644805,,0.2857,99600.0,53700.0,252.0,54.06955914834976,-2.792566523901772
2021-12-05,40.0,76.3,13.3,29.8,1.0112286455138382,1.009849486378749,1.3738177203239856,,0.15,119900.0,70500.0,252.0,54.069559117937445,-2.792566589890309
2021-12-06,42.6,81.1,15.5,29.6,1.0099295379628257,1.0087052575613262,1.6524771270822574,,0.1429,103100.0,62900.0,252.0,54.069559240691945,-2.7925668184157897
2021-12-07,42.5,79.9,22.4,29.1,1.0076078328620102,1.0066601102161516,1.3009361177157135,,0.0846,67300.0,36900.0,252.0,54.0695592976551,-2.7925667142323447
2021-12-08,44.4,87.3,19.7,28.8,1.0079718174045262,1.0069808604663293,1.3478298388087668,,0.1786,71600.0,39800.0,252.0,54.06955929481992,-2.792566604718915
2021-12-09,45.2,83.8,15.2,29.3,1.0114268535813378,1.01002478158637,1.081576446626797,,0.2571,75500.0,41800.0,252.0,54.069559403817436,-2.7925666431479748
2021-12-10,43.1,81.9,18.7,29.4,1.0093804750132085,1.0082221325356544,1.0100953370859649,,0.2643,91400.0,49800.0,252.0,54.06955925620446,-2.7925666100641697
2021-12-11,45.9,91.8,10.0,29.8,1.009710050642247,1.008512635466012,1.2833889209329714,64.30696426564758,0.1857,82700.0,49000.0,252.0,54.06955928780689,-2.7925666140570984
2021-12-12,49.8,94.2,10.4,29.9,1.0087259775489614,1.0076457913093224,1.8643703750657143,39.74361850714908,0.2571,96600.0,57600.0,252.0,54.06955910616685,-2.7925667106332135
2021-12-13,46.9,91.5,7.7,30.0,1.008831199778057,1.007738618515808,2.401784137929075,1.0033314260124413,0.25,84500.0,52000.0,252.0,54.06955918669309,-2.792566831812684
2021-12-14,45.1,95.7,7.6,30.1,1.006777452019158,1.005929284604579,2.5826881698071023,1.0025472114867058,0.15,69300.0,39100.0,252.0,54.069559143727446,-2.7925667173488677
2021-12-15,49.1,91.5,10.3,30.3,1.0067122355889888,1.0058718978058263,2.18880108419924,1.0025224627935427,0.1214,73800.0,41800.0,252.0,54.0695592447388,-2.7925667193851433
2021-12-16,48.2,95.9,3.0,30.6,1.0097802235172448,1.0085750966005365,2.182358269631925,1.0036946997720213,0.1071,79800.0,44900.0,252.0,54.06955932999639,-2.792566527611157
2021-12-17,45.2,89.9,3.5,30.7,1.0078051270089312,1.0068350057936135,1.8250851458070063,1.0029404098786172,0.1857,98700.0,53200.0,252.0,54.06955934741425,-2.792566642174878
2021-12-18,38.6,98.6,6.5,30.7,1.0071039196751754,1.0062172675613188,2.084528513894517,1.0026727005689513,0.1214,104900.0,58400.0,252.0,54.06955919910322,-2.792566604808091
2021-12-19,35.6,99.7,2.8,30.5,1.0065955983102173,1.0057694596463311,3.7769438805161966,40.675481868185614,0.1929,112100.0,61900.0,252.0,54.06955947730402,-2.7925666643828873
2021-12-20,39.3,88.8,6.8,30.4,1.0054163251350419,1.004730449090067,4.236156730334753,28.36417184670538,0.1,87900.0,49100.0,252.0,54.069559238784585,-2.792566806899748
2021-12-21,38.6,79.0,8.7,30.2,1.0045613765664878,1.0039771796701211,4.3548884590018435,1.0017015509912282,0.1857,86400.0,45400.0,252.0,54.06955919496643,-2.7925666138262253
2021-12-22,38.0,85.3,12.4,29.9,1.0055890157481413,1.0048826955956585,3.4448097560844264,1.0020943443376598,0.15,94900.0,46200.0,252.0,54.06955938602791,-2.7925667647318915
2021-12-23,43.8,96.3,7.8,29.6,1.009204833335367,1.0080688088100258,3.2957785988886865,1.003476401823134,0.1143,106500.0,49900.0,252.0,54.069559240494,-2.792566797574018
2021-12-24,45.2,93.8,10.5,29.6,1.0087010307741229,1.0076250071855668,1.322153509571383,11.136847643762326,0.1214,79900.0,33800.0,252.0,54.06955921721456,-2.79256682464646
2021-12-25,39.9,79.3,21.3,29.6,1.0090553516100098,1.0079373448190951,2.446577522513396,15.345818785589454,0.0786,30800.0,10100.0,252.0,54.069559305500086,-2.792566666038888
2021-12-26,38.3,92.6,14.3,29.5,1.0083965612373125,1.0073569502414712,3.170632115989698,1.003168268615482,0.1429,105600.0,47600.0,252.0,54.069559248981555,-2.7925666161057086
2021-12-27,43.4,92.9,12.0,29.2,1.00763830240307,1.0066888782272352,3.3517727748559962,1.0028786124886686,0.1429,143000.0,68500.0,252.0,54.069559222294174,-2.7925667214023338
2021-12-28,45.8,93.3,6.5,29.2,1.0065026935948107,1.0056882547306096,4.574937851587611,1.0024446201821755,0.1786,147700.0,68600.0,252.0,54.069559128888066,-2.792566602624102
2021-12-29,46.4,92.3,13.3,29.4,1.0073324239356296,1.0064194958417312,4.334472496579753,1.0027620261401309,0.15,139000.0,64700.0,252.0,54.06955918374114,-2.7925666959177726
2021-12-30,50.5,98.2,10.1,29.6,1.0106920132188062,1.00938018224334,2.2577779949550125,1.0040469393759226,0.1214,126400.0,59800.0,252.0,54.06955917843734,-2.7925667362791637
2021-12-31,51.0,95.1,13.0,29.7,1.0095664507985636,1.0083884438451651,1.4443781093359056,1.0036168607796596,0.2714,106000.0,51400.0,252.0,54.06955932346888,-2.7925665966769966
2022-01-01,51.8,87.0,15.1,29.7,1.0100420905049083,1.008807751618929,1.9469014548182204,1.0037990984520635,0.1333,115500.0,55800.0,252.0,54.0695592745022,-2.792566508882468
2022-01-02,49.0,90.5,13.8,29.6,1.009330274462668,1.0081805890661355,2.6816595938394516,1.0035271624052704,0.1571,167500.0,87700.0,252.0,54.069559289630156,-2.7925666217998932
2022-01-03,48.0,83.6,17.1,29.5,1.0082504898475455,1.0072291061322842,3.8523619959668176,1.003114396004931,0.1857,158800.0,77600.0,252.0,54.06955936741567,-2.7925665879494144
2022-01-04,37.6,75.1,14.9,29.5,1.0072691511365115,1.0063643451992712,1.7447424348038325,1.0027392026422166,0.1643,135300.0,63200.0,252.0,54.06955928269563,-2.7925666631648993
2022-01-05,38.8,74.0,12.5,29.9,1.008032898017158,1.0070375292797633,1.4116277140249958,1.0030315800029022,0.2929,117100.0,52500.0,252.0,54.06955912066401,-2.79256664951137
2022-01-06,40.2,82.9,16.0,29.7,1.0113310696128892,1.0099444300195888,0.4401140728149258,1.0042937704044126,0.15,108600.0,47700.0,252.0,54.06955917231108,-2.7925667057818098
2022-01-07,40.8,76.0,18.6,29.6,1.0101305088969879,1.0088864973787517,-0.0796034839939114,65.25098217688443,0.1643,127500.0,53300.0,252.0,54.06955919137624,-2.7925668441421614
2022-01-08,44.3,84.7,15.9,29.4,1.010208910636958,1.008955750770068,0.0047936701058934,35.996487810397625,0.1,130600.0,56500.0,252.0,54.069559361008444,-2.7925667252242268
2022-01-09,43.9,82.2,16.1,29.4,1.009050161149731,1.0079345999492628,0.5768335612467737,29.77053080359262,0.3,150000.0,62400.0,252.0,54.06955934313722,-2.792566724731293
2022-01-10,43.9,94.3,10.0,29.9,1.008039424618141,1.0070438616214759,0.1577479470799944,18.62120858672609,0.1357,83500.0,36300.0,252.0,54.069559178446404,-2.792566744894281
2022-01-11,43.0,93.7,4.4,30.3,1.0068519975860883,1.005997352933513,0.1329169259567676,14.860925680804904,0.1643,63500.0,27600.0,252.0,54.06955908995081,-2.792566658859756
2022-01-12,45.3,93.5,8.3,30.6,1.0083167662697312,1.0072884896791028,-0.3578978852270233,9.845299120023563,0.3533,62300.0,27300.0,252.0,54.06955935562117,-2.7925665333381433
2022-01-13,43.9,91.2,7.6,30.6,1.0122152984061572,1.0107248923149414,-0.3297456466114388,20.310783253282548,0.36,68500.0,31600.0,252.0,54.069559233456665,-2.79256674130118
2022-01-14,42.5,86.1,3.5,30.5,1.01242117615316,1.010906582549104,-0.5574431162288223,20.914803683626253,0.3533,83100.0,36800.0,252.0,54.069559211180845,-2.7925666336591823
2022-01-15,39.6,88.1,5.0,30.2,1.0119029120754266,1.0104499688371171,-0.322052508198156,20.95366729407594,0.2143,88900.0,44200.0,252.0,54.06955927101839,-2.792566760130846
2022-01-16,43.5,88.3,8.6,30.2,1.0110090648417782,1.0096622544952776,0.7550298174243776,29.465291866559138,0.3,101100.0,50400.0,252.0,54.06955912113998,-2.79256677844777
2022-01-17,42.7,87.8,6.3,30.6,1.0092049185003444,1.008072067013744,0.1247971315195333,20.05503794741939,0.38,70700.0,32900.0,252.0,54.06955920343114,-2.7925666399579336
2022-01-18,40.1,93.3,7.6,30.5,1.0073533377491062,1.0064399980767025,0.4222096323720038,19.59769877029898,0.2533,54800.0,25900.0,252.0,54.069559542391254,-2.7925666916433554
2022-01-19,45.0,85.6,15.1,30.2,1.0083516295359558,1.007320089543449,0.0685016848076949,13.814596711410875,0.2333,51900.0,23900.0,252.0,54.06955932467378,-2.7925667257086455
2022-01-20,37.5,75.5,4.7,30.6,1.012564218982732,1.0110337553735849,-0.253894771378067,13.046427975590493,0.42,65600.0,32500.0,252.0,54.06955913966809,-2.7925665091961394
2022-01-21,42.4,85.7,10.3,30.6,1.0119821630747272,1.0105208600409226,-0.1663318166806706,14.084004260240569,0.22,79900.0,37000.0,252.0,54.06955925511632,-2.7925668499325003
2022-01-22,45.2,85.5,9.6,30.6,1.0123950086759417,1.0108850190177965,0.1046683355554463,17.001125066353655,0.2067,86800.0,49000.0,252.0,54.069559370894666,-2.792566756615614
2022-01-23,44.2,84.1,7.3,30.4,1.0118432003183715,1.010398761990266,0.4360738002901397,20.1770170408282,0.12,104400.0,57900.0,252.0,54.06955926604387,-2.7925667841959996
2022-01-24,40.4,87.6,7.5,30.4,1.0108628783173663,1.0095346944825152,0.2639950028538586,16.0824307194871,0.12,73900.0,38400.0,252.0,54.069559335493956,-2.792566598531058
2022-01-25,38.8,90.0,4.4,30.5,1.0102713508158638,1.0090133531377092,0.1189057545338425,13.455405414017642,0.1067,53900.0,26200.0,252.0,54.06955927688437,-2.7925667123350704
2022-01-26,38.6,79.3,10.9,30.3,1.0108972635716842,1.0095653282190644,-0.0002039558736632,11.262593662403198,0.3467,55800.0,27200.0,252.0,54.06955914440404,-2.79256653824048
2022-01-27,47.2,88.4,16.2,30.2,1.0195124566934908,1.0171612243910841,0.0012093460098498,8.748669876615455,0.2563,70100.0,35800.0,252.0,54.06955910301262,-2.7925667185783416
2022-01-28,45.8,92.8,10.4,30.4,1.0228810074755463,1.0201318346963826,-0.0944820194709648,7.0384570790310645,0.4563,87600.0,42100.0,252.0,54.06955917825648,-2.7925668133322983
2022-01-29,48.0,82.7,21.7,30.2,1.0253975239832418,1.022351486296473,-0.0051059699841111,6.906723391547472,0.4235,104600.0,64700.0,252.0,54.06955940382512,-2.792566678928141
2022-01-30,42.7,84.8,11.9,30.3,1.0236142804959616,1.0207799209177495,0.2106476454874467,9.295196075567976,0.4471,115300.0,68500.0,252.0,54.06955907663198,-2.7925667190051784
2022-02-01,48.5,86.3,19.7,30.0,1.0192029171074724,1.0168912157351762,0.1548684462531263,6.2592533898905565,0.6,71300.0,34300.0,252.0,54.069559166810166,-2.7925665508812783
2022-02-02,47.5,93.4,12.4,30.0,1.018899684260407,1.016624294561519,0.1342364504609201,4.727605185105085,0.4294,69500.0,33700.0,252.0,54.06955929000316,-2.792566493496888
2022-02-03,47.3,91.4,13.0,29.7,1.028731075636376,1.0252949793283659,0.1775538854844367,3.0217254468443286,0.3059,83200.0,41800.0,252.0,54.069559216235675,-2.792566654435815
2022-02-04,42.4,75.0,18.4,29.7,1.0317822799682868,1.0279870412009569,0.1725614841158778,1.7841901670992688,0.4353,102200.0,47400.0,252.0,54.06955927193638,-2.792566647884299
2022-02-05,45.0,84.3,22.5,29.8,1.0329492930627286,1.0290176262778177,0.3333309239012033,2.3145061917729377,0.4688,119600.0,73200.0,252.0,54.06955918114821,-2.7925666854691906
2022-02-06,44.2,78.7,22.6,29.5,1.032032774977306,1.028210597716586,0.4464510540105026,4.100563576272961,0.4313,134600.0,78000.0,252.0,54.069559290736116,-2.7925668154830805
2022-02-07,44.7,84.8,12.4,30.1,1.0269409847909243,1.0237205915457297,0.4477497424521803,2.3595176747774014,0.4294,100000.0,53600.0,252.0,54.06955928128593,-2.792566658650762
2022-02-08,47.0,95.7,10.1,30.1,1.0128720068057937,1.0113116138765288,0.5102163669173585,3.2808615693461682,0.3,76900.0,39700.0,252.0,54.06955922479782,-2.7925666525671975
2022-02-09,45.0,83.3,12.3,30.1,1.0220502488519072,1.0194077906436994,0.539611033276935,1.2219968272095492,0.425,72600.0,38000.0,252.0,54.06955902608567,-2.7925666042617205
2022-02-10,42.4,76.5,19.6,30.1,1.0350914333631005,1.0309124938997378,0.6441482341606628,-0.1385102528316246,0.4353,96000.0,50500.0,252.0,54.06955955544888,-2.792566593054935
2022-02-11,38.9,84.1,8.9,30.3,1.0377352666851147,1.0332463542675951,0.6631502002538083,-1.9305864520994305,0.5882,130500.0,59800.0,252.0,54.06955913101671,-2.7925665836941755
2022-02-12,44.8,89.8,17.8,29.8,1.0504553794608869,1.0444704736925474,0.7725290879366888,-0.7338843050308519,0.5059,144400.0,84800.0,252.0,54.06955933428399,-2.792566705034573
2022-02-13,46.0,94.3,14.4,29.3,1.040795990268076,1.035950740584343,0.8603748687129942,-0.1434512642689782,0.5765,155700.0,89400.0,252.0,54.069559302510775,-2.7925665278446923
2022-02-14,43.7,86.8,17.2,29.3,1.0315962418685958,1.0278352863791185,0.882740853627076,0.1861196716605291,0.2053,132900.0,76300.0,252.0,54.06955928901262,-2.792566485478308
2022-02-15,44.5,83.2,14.3,29.5,1.0189218677600065,1.0166531040835567,0.8810142808969503,0.7566051546323731,0.5474,111100.0,63200.0,252.0,54.06955933849875,-2.792566787811393
2022-02-16,48.4,87.9,22.8,29.1,1.0297918890650268,1.0262449402116078,0.9164855407511552,1.0550057414494785,0.2789,109700.0,61000.0,252.0,54.06955928338208,-2.7925665765858754
2022-02-17,43.8,75.5,18.5,29.5,1.0390564140381942,1.0344212170147598,1.0311034211133772,-0.7046392798008583,0.2105,140800.0,81400.0,252.0,54.06955929112731,-2.7925666396429882
2022-02-18,41.7,81.2,24.1,29.1,1.0468292518814837,1.0412823319052114,1.051613640803356,-0.6722013833139711,0.4,152700.0,85600.0,252.0,54.06955930307935,-2.792566894457707
2022-02-19,39.8,83.8,15.0,29.6,1.0348100022413569,1.0306772637979589,1.0681045429292808,-0.9809799231362826,0.3105,198000.0,133900.0,252.0,54.069559304562,-2.7925667659393554
2022-02-20,45.6,88.9,25.1,29.3,1.0268735851704145,1.0236742536257004,1.061710360719196,2.3405078849503456,0.6263,190600.0,120800.0,252.0,54.06955942887559,-2.792566705868258
2022-02-21,45.1,80.6,25.8,29.6,1.0170225722426012,1.0149808979878847,1.0425645432070578,1.3204213373536189,0.4789,155200.0,86400.0,252.0,54.06955930553957,-2.792566688190508
2022-02-22,45.9,86.0,15.8,29.9,1.0122351497383897,1.0107559989506172,1.0320727175865496,0.6509924089182277,0.2278,130900.0,70100.0,252.0,54.0695592386272,-2.7925666560302473
2022-02-23,46.0,81.5,19.0,29.8,1.0121907731211075,1.0107169877925826,1.0295275263114116,-0.2982361549528025,1.2063,124300.0,64200.0,252.0,54.06955927057723,-2.792566631092631
2022-02-24,41.5,70.1,21.9,29.6,1.0184666024856341,1.0162561197422788,1.0408995613955476,0.2171739185389976,0.9211,149900.0,82500.0,252.0,54.06955928232705,-2.7925665717856125
2022-02-25,44.0,81.0,13.6,30.1,1.0152643905025205,1.013430159984613,1.0345923881682677,-0.1532244189675387,0.6737,190400.0,98300.0,252.0,54.06955928643582,-2.792566775412887
2022-02-26,44.5,78.8,14.8,30.2,1.013394946509908,1.0117803848357994,1.0334618361597412,1.0062620641625792,1.0789,180800.0,119500.0,252.0,54.06955931102584,-2.792566690328983
2022-02-27,43.3,71.5,18.5,30.1,1.0119568498724871,1.0105112559793052,1.0202154254605091,3.373211095779755,1.0368,200800.0,126100.0,252.0,54.06955912676209,-2.7925666656539283
2022-02-28,44.3,91.2,12.8,30.0,1.0097677573214203,1.0085792182838376,1.0165403847430359,5.059831065958571,0.825,163200.0,92500.0,252.0,54.069559271229906,-2.7925667189918038
2022-03-01,40.4,77.4,6.4,30.3,1.0081938942251434,1.00719014904808,1.0138983812746902,5.540025705970695,0.8,130100.0,66500.0,252.0,54.06955908625927,-2.792566664003557
2022-03-02,43.1,86.8,16.1,30.1,1.0116693212069745,1.0102578228258403,1.0197290724962476,3.6138105893593164,0.6143,115200.0,56800.0,252.0,54.0695592085628,-2.7925666693072055
2022-03-03,43.9,93.8,9.3,29.9,1.0169509472765796,1.0149199258056851,1.028588450690547,4.327727723700445,0.3714,139000.0,69800.0,252.0,54.06955919938078,-2.7925666219130005
2022-03-04,43.1,86.4,9.5,30.1,1.0147023378597475,1.0129353702334052,1.0248133826237424,3.2005021829591103,0.2952,161900.0,75400.0,252.0,54.069559262713355,-2.7925667773017793
2022-03-05,41.0,72.2,7.7,30.3,1.013677419170627,1.0120308788308396,1.0230919206577491,4.044539107294469,0.5857,162300.0,95700.0,252.0,54.069559142682834,-2.7925667025244953
2022-03-06,40.4,74.8,5.8,30.4,1.0118734407265395,1.010438656637626,1.0200642491738219,9.088634049317765,0.7476,184300.0,110600.0,252.0,54.069559233643226,-2.7925664550878735
2022-03-07,38.6,77.2,11.3,30.2,1.0094933340625858,1.0083378119403192,1.0160709820455034,6.9465419346535695,0.8476,157400.0,88700.0,252.0,54.06955930269231,-2.792566740718958
2022-03-08,43.0,67.7,19.2,29.8,1.0081767735817408,1.007175729515707,1.0138620575069202,7.344503724199043,0.8524,128400.0,67400.0,252.0,54.06955916973504,-2.792566560260147
2022-03-09,47.4,80.2,17.0,29.8,1.0120125127699051,1.0105617602613441,1.0202937497930027,6.623244451376108,1.2143,122100.0,61800.0,252.0,54.06955901604515,-2.7925666282405217
2022-03-10,48.1,79.8,13.4,29.8,1.0152040773157245,1.0133792842953384,1.0256437256374775,5.239291070115546,0.2476,151700.0,77000.0,252.0,54.06955929280844,-2.7925667539993957
2022-03-11,49.2,83.8,16.0,29.5,1.0135715259559246,1.0119383278550371,1.0229041916178818,4.186903505174324,0.8429,178800.0,84000.0,252.0,54.06955912261814,-2.792566627270493
2022-03-12,47.7,80.4,14.1,29.5,1.0122712931277271,1.0107906751201057,1.0207224669347112,5.040598965938699,0.7045,177100.0,108200.0,252.0,54.06955916191111,-2.7925666973621848
2022-03-13,48.4,76.8,17.5,29.5,1.0098198312755886,1.0086266807587778,1.0166113115227882,9.119986258382873,0.8045,197700.0,121300.0,252.0,54.06955934390674,-2.7925666867203653
2022-03-14,45.2,87.8,10.2,30.0,1.0085731406717382,1.0075261926217212,1.014520464481618,6.592686617601139,0.5455,163500.0,92000.0,252.0,54.06955941856506,-2.7925666903672837
2022-03-15,45.0,82.8,8.0,30.1,1.0067016971148224,1.005874141117648,1.011382673978307,5.5925303547058425,0.7652,136100.0,72000.0,252.0,54.06955931409426,-2.7925665759870926
2022-03-16,44.8,90.2,7.8,30.0,1.009140899608329,1.0080275396355458,1.0154707942796153,4.5323025905643055,0.9087,129700.0,65900.0,252.0,54.069559379529366,-2.7925665877534485
2022-03-17,44.9,86.6,10.0,30.3,1.0111636055339428,1.0098133118326391,1.0188601087907003,3.3445166619683437,0.6174,157200.0,80900.0,252.0,54.069559434636886,-2.7925667846940208
2022-03-18,46.9,78.3,7.1,30.7,1.0094077029296828,1.008263254397129,1.0159160627309685,1.391311940797746,0.5435,180600.0,87500.0,252.0,54.06955926724087,-2.7925667861173733
2022-03-19,50.3,64.0,16.4,30.6,1.0085574517971427,1.0075126987480416,1.01449026221418,3.5448203059074332,1.0043,180600.0,108700.0,252.0,54.06955923954303,-2.7925667618937298
2022-03-20,45.2,68.5,13.4,30.3,1.0072739975642655,1.0063796713628048,1.0123387115831757,5.564630162457583,0.6391,199400.0,121800.0,252.0,54.069559277048796,-2.7925664779898693
2022-03-21,43.8,69.1,6.7,30.3,1.0057295440758476,1.005016196229363,1.0097500535192347,3.274776487945668,1.1304,170900.0,96600.0,252.0,54.069559321414,-2.792566538995996
2022-03-22,49.5,57.8,10.3,30.3,1.0038015461924128,1.0033140858884622,1.0065189131305798,4.295574145968612,1.4652,138000.0,73800.0,252.0,54.06955939133479,-2.7925666252358576
2022-03-23,54.4,63.5,6.5,30.3,1.0050934960968785,1.0044547049640722,1.0086837010694338,2.8287929018205125,1.1522,135600.0,68700.0,252.0,54.069559435265916,-2.79256669546649
2022-03-24,48.8,70.7,2.9,30.4,1.0078174394100683,1.0068596019043223,1.0132477245035163,1.9430855068264328,0.7458,161100.0,83000.0,252.0,54.06955923550012,-2.7925666810162606
2022-03-25,51.6,64.3,4.0,30.4,1.0063828886135062,1.005593130682877,1.010843498121362,0.3723779090945036,1.0667,185900.0,90900.0,252.0,54.06955920683794,-2.7925665005267772
2022-03-26,51.4,68.2,4.9,30.5,1.0056816882710802,1.0049740935199205,1.009668251079349,0.8713792858461074,0.6042,183900.0,111300.0,252.0,54.06955930064474,-2.792566696105402
2022-03-27,51.5,73.0,5.5,30.5,1.0039778848576493,1.0034698684183978,1.0068133014550993,2.695109113887706,1.1458,225600.0,133600.0,252.0,54.069559364844366,-2.7925664926264324
2022-03-28,52.1,81.8,5.2,30.1,1.0031756182212397,1.002761576135868,1.005469004503722,1.8152013432886762,0.6292,199100.0,114000.0,252.0,54.069559191873964,-2.7925666982461514
2022-03-29,51.1,80.0,5.5,29.9,1.0021605714908044,1.0018654179870032,1.0037682775697685,0.8291967062049118,1.5125,169200.0,94800.0,252.0,54.069559254355646,-2.792566403514261
2022-03-30,41.0,78.9,9.4,29.8,1.0026060053006554,1.0022586881305624,1.0045145180657409,-1.777379071061456,1.6625,162900.0,89200.0,252.0,54.0695591749028,-2.792566667134575
2022-03-31,38.5,67.5,9.3,29.9,1.0040409298076662,1.0035255711436146,1.0069184747641116,-2.3016851878300377,0.8542,194900.0,106500.0,252.0,54.06955926429514,-2.7925665801150057
2022-04-01,39.3,70.9,9.5,30.1,1.0039985302269845,1.0034881510972422,1.0068472866260034,-2.4917420636966714,1.0375,205700.0,100600.0,252.0,54.069559317847,-2.7925667233989153
2022-04-02,41.5,75.0,7.0,30.2,1.0038099423495759,1.0033216615207117,1.0065311983336187,-2.783860932458148,1.5759999999999998,189600.0,112100.0,252.0,54.069559289591844,-2.79256659088424
2022-04-03,43.0,78.0,9.8,30.2,1.003129360404849,1.0027207892528718,1.0053909196437316,-0.2725761374471196,0.7959999999999999,226300.0,136700.0,252.0,54.06955935442789,-2.792566558555761
2022-04-04,48.7,94.4,15.1,29.8,1.0018221849269553,1.0015666929935287,1.0032010031598722,-0.5095870892716654,1.808,207000.0,120000.0,252.0,54.0695592547371,-2.792566663821783
2022-04-05,48.5,91.3,17.6,29.6,1.0019363741459302,1.0016675133487136,1.0033922667887092,-0.6197951081590898,0.6667,181400.0,104400.0,252.0,54.069559238722555,-2.7925668179468044
2022-04-06,48.3,81.9,20.4,29.1,1.0021031409027892,1.001814755103192,1.00367160227773,-1.7095992685298915,1.3095,191100.0,107200.0,252.0,54.06955927349551,-2.7925666895202528
2022-04-07,44.8,75.9,24.4,29.0,1.0032486119638555,1.002826100835604,1.005590426598557,-2.06181423139712,0.9423,266300.0,148500.0,252.0,54.069559128697065,-2.792566765613494
2022-04-08,42.1,69.5,9.1,29.5,1.0025245977328314,1.002186871728871,1.004377503469009,-1.8017490290586848,1.1423,257800.0,141100.0,252.0,54.0695592880916,-2.7925666977352126
2022-04-09,43.4,68.7,12.9,29.9,1.0021206891790124,1.0018302624018474,1.0037008473294438,-2.3820065065195717,1.4269,260000.0,159600.0,252.0,54.06955924457801,-2.792566641790705
2022-04-10,44.4,67.5,7.5,30.0,1.001091810342273,1.0009218587608848,1.0019773108787302,-0.3060515271240225,0.5308,267200.0,166100.0,252.0,54.06955905727254,-2.7925665897947414
2022-04-11,50.8,59.5,16.0,29.8,1.0010783668481178,1.0009099902494876,1.0019547817473242,-0.7335797299028675,1.0615,258600.0,148600.0,252.0,54.06955924904497,-2.7925667324131402
2022-04-12,50.4,83.1,11.4,29.6,1.0008176314912445,1.0006797851219182,1.001670580181173,-0.6527981441125041,1.1423,248000.0,138300.0,252.0,54.06955913878291,-2.792566517616873
2022-04-13,49.0,93.3,6.9,29.9,1.001741409561297,1.0014954000981449,1.0030654242120105,-1.807252959270088,1.0308,254100.0,133000.0,252.0,54.06955919089108,-2.7925665744970476
2022-04-14,51.4,82.2,3.6,30.1,1.0030896517677836,1.0026857862132217,1.0053237840470166,-1.152140965441747,1.3077,270100.0,142400.0,252.0,54.06955913244047,-2.7925666921612153
2022-04-15,54.8,76.2,6.7,30.2,1.003263891314647,1.0028396337734191,1.005717552428104,-0.9681962712243872,1.3692,274700.0,149400.0,252.0,54.069559298926116,-2.7925665630575027
2022-04-16,54.0,83.5,5.6,30.3,1.0031305818512537,1.0027219409195214,1.0054942735810366,-0.7746530142960337,1.4962,269600.0,176000.0,252.0,54.06955945260002,-2.792566687093041
2022-04-17,54.7,77.9,9.2,30.1,1.0026796339815054,1.0023237962786822,1.0046367437259125,0.8568329845113631,0.42,276500.0,178400.0,252.0,54.06955925737971,-2.792566563526445
2022-04-18,49.0,83.8,7.9,29.9,1.0030180744058053,1.0026226203722184,1.0052035430733155,1.0843391443686807,2.0846,281400.0,169000.0,252.0,54.06955932800946,-2.7925667416122444
2022-04-19,47.1,83.0,6.1,30.0,1.0027109422707137,1.002351452046213,1.004689042568989,-0.2237309535594132,2.2038,269700.0,148000.0,252.0,54.06955934122071,-2.792566666830022
2022-04-20,53.0,62.0,8.3,30.0,1.003910811476991,1.0034108617585304,1.0066985992578867,0.0580767149894346,1.9593,268500.0,141000.0,252.0,54.06955921355624,-2.792566775110393
2022-04-21,54.3,55.2,13.3,29.9,1.0060958816617176,1.0053401585663302,1.0103580080321959,-0.655167186990204,1.6393,261600.0,140800.0,252.0,54.06955922814985,-2.792566674808314
2022-04-22,52.7,60.0,12.7,29.9,1.0060672546526672,1.0053149147193805,1.0103097130940957,-0.4395829262175261,2.275,273900.0,145400.0,252.0,54.06955932772674,-2.7925666123574726
2022-04-23,53.5,63.2,15.4,29.8,1.0066494204652874,1.0058289711773514,1.0112842910799458,0.1482374143106649,2.3679,260000.0,154500.0,252.0,54.069559229305696,-2.792566614688015
2022-04-24,52.0,61.5,12.5,29.9,1.0063973222349978,1.0056064172610353,1.010861711774825,0.6634616178762315,2.7071,278500.0,165000.0,252.0,54.069559317708496,-2.792566639529354
2022-04-25,48.6,67.7,8.0,30.0,1.0061443064291842,1.0053830488798403,1.0104376427666284,-0.0621499464332508,2.5929,267300.0,142100.0,252.0,54.06955929950459,-2.792566561981531
2022-04-26,50.4,66.1,7.1,30.2,1.0055183173381341,1.0048303529807991,1.0093890810935964,-0.011554049507763002,2.3143,229700.0,115500.0,252.0,54.06955929602289,-2.792566657424686
2022-04-27,46.4,65.0,8.1,30.4,1.0072590821993066,1.0063674288693882,1.012303563853581,0.4183980661211184,1.4107,223800.0,108400.0,252.0,54.069559061579426,-2.7925665591296056
2022-04-28,44.8,66.7,6.2,30.5,1.0096388989723457,1.0084688138836355,1.0162876165692287,0.3618860508841612,0.3964,244000.0,118100.0,252.0,54.06955910496862,-2.7925666097991986
2022-05-01,50.4,94.6,8.4,30.1,1.0075959597235613,1.0066651117396332,1.0128651375284887,0.8579920887017808,,,,252.0,54.06955909539811,-2.792566737341744
2022-05-02,52.2,90.2,6.1,30.1,1.0066888422837006,1.0058641650820894,1.0113460877752216,1.0517658755206187,,,,252.0,54.069559258219954,-2.792566591227723
2022-05-03,50.9,85.9,6.0,30.1,1.0058318199148442,1.0051074381401848,1.0099110592501854,1.305978745986044,,,,252.0,54.06955917954668,-2.7925666416158244
2022-05-04,52.1,89.5,11.8,30.0,1.0074635589963148,1.0065483281010659,1.0126421029437345,1.1858953590021133,,,,252.0,54.06955947453046,-2.792566784213686
2022-05-05,52.5,86.8,6.3,30.2,1.0111414906669935,1.0097961097312196,1.0188486873380391,1.4527488806025404,,,,252.0,54.06955915673991,-2.792566478550234
2022-05-06,52.8,92.6,7.5,30.1,1.0091083758059018,1.008000885300066,1.0154403192357246,1.126009848873751,,,,252.0,54.06955933112471,-2.7925666814738266
2022-05-07,53.4,85.9,7.0,30.3,1.0088461066027774,1.0077693583104548,1.0149961003706167,1.0628437496186462,,,,252.0,54.069559342482734,-2.7925664840328976
2022-05-08,54.6,75.3,10.1,30.3,1.0072553189291864,1.0063646700813902,1.0122910914396388,2.0207023965749995,,,,252.0,54.069559228578754,-2.7925666350399654
2022-05-09,54.1,85.2,11.9,30.0,1.0058668440077323,1.0051386085141223,1.0099670207019391,1.1260053844072548,,,,252.0,54.069559381221616,-2.79256669243334
2022-05-10,54.5,82.5,14.6,29.8,1.0044706251487794,1.0039056896629597,1.0076301972117243,1.0580413751732505,,,,252.0,54.06955925412209,-2.792566656215417
2022-05-11,53.4,82.7,13.9,29.7,1.0053716359708722,1.0047013568831429,1.009137791766999,1.2541632124916269,,,,252.0,54.069559196012314,-2.792566636411492
2022-05-12,53.0,77.6,14.4,29.9,1.0084238610854528,1.0073967170376876,1.0142449360415926,1.7697785968494368,,,,252.0,54.069559325196764,-2.792566657857472
2022-05-13,54.2,79.9,18.4,29.9,1.0064004121252241,1.0056099071977227,1.0108585586392929,1.6362084424980399,,,,252.0,54.06955904766452,-2.7925668211781143
2022-05-14,54.3,81.8,5.0,30.1,1.005486216245165,1.0048026294936678,1.009328542272905,1.6346272722829962,,,,252.0,54.06955932469849,-2.792566722259436
2022-05-15,60.9,66.5,13.8,29.9,1.0027825322086763,1.0024150714083224,1.0048044613529907,2.252009185657432,,,,252.0,54.069559210742206,-2.7925668474362846
2022-05-16,57.5,86.2,10.9,29.8,1.0021467128693926,1.0018535953538301,1.0037405362460157,1.1195552486518094,,,,252.0,54.069559323061036,-2.7925666810616363
2022-05-17,55.5,79.4,10.2,28.4,1.0001957604451956,1.000130744248842,1.0004761352489009,1.6144692913442162,,,,252.0,54.06955937914153,-2.7925666904275004
2022-05-18,58.5,72.7,12.1,29.9,1.001164232295678,1.0009859853912637,1.0020966047233184,1.3646144263257558,,,,252.0,54.06955920110458,-2.792566582736422
2022-05-19,55.8,73.6,10.9,30.0,1.0028957296209238,1.0025150478657257,1.004993716062032,1.7987385786974859,,,,252.0,54.069559185480664,-2.7925668604947225
2022-05-20,55.5,79.8,11.0,29.9,1.0019621142321808,1.0016905886526208,1.0034315607564697,1.423944220305127,,,,252.0,54.06955923847559,-2.7925667724387466
2022-05-21,55.2,81.2,11.7,30.0,1.0011171022015926,1.0009443704103558,1.0020176930963691,1.5480517302302599,,,,252.0,54.06955913761979,-2.7925666287191224
2022-05-22,56.1,87.8,12.0,29.8,1.0003042151695662,1.0002265198190912,1.000657592920372,1.4840901062313554,,,,252.0,54.06955913010241,-2.7925666365356316
2022-05-23,54.7,81.9,11.0,29.5,0.9993297731616017,0.9993660023171204,0.9990271800107966,1.5396771407945118,,,,252.0,54.06955925502634,-2.792566513270242
2022-05-24,53.7,77.7,14.4,29.6,0.9992143728735612,0.9992640944611322,0.9988340875070816,1.4752950374017106,,,,252.0,54.06955917944926,-2.792566780680405
2022-05-25,55.7,80.8,15.6,29.7,0.9995037127465212,0.9995196069221552,0.9993182034476508,1.3533002589484229,,,,252.0,54.069559216175406,-2.792566785753941
2022-05-26,55.5,81.0,15.5,29.9,1.000336043600029,1.0002546267296883,1.00071085159264,1.7729173131406484,,,,252.0,54.06955926538028,-2.792566755743921
2022-05-27,53.5,67.2,19.2,30.2,0.9995628207401664,0.9995718045131384,0.9994171008221426,1.3501399870273592,,,,252.0,54.06955917882616,-2.7925666835503495
2022-05-28,53.8,75.7,12.0,30.3,0.9992282050331042,0.9992763107945628,0.9988572166679854,1.349438070483394,,,,252.0,54.06955926799012,-2.7925666923030628
2022-05-29,51.7,71.9,8.9,30.1,0.9990187955993032,0.9990913854595488,0.998506821410078,1.3489627269360254,,,,252.0,54.06955934991315,-2.7925667606031017
2022-05-30,50.5,82.4,6.8,29.8,0.9988163670366139,0.9989126254213536,0.9981681000811968,2.169984207220144,,,,252.0,54.06955918955509,-2.7925666711700536
2022-05-31,52.1,79.3,8.8,29.8,0.9984567849955308,0.9985950869305756,0.9975664135802615,1.5144488550146715,,,,252.0,54.0695593043307,-2.7925666622319105
2022-06-01,54.3,77.8,6.6,30.0,0.9985893643309304,0.9987121672577299,0.9977882292508079,1.2822702049253252,,,,252.0,54.069559198120906,-2.7925667086374233
2022-06-02,56.2,78.3,5.4,30.1,0.9991276378823212,0.9991875068648496,0.9986888884058596,2.035201248207299,,,,252.0,54.06955922610723,-2.792566639639955
2022-06-03,54.9,84.1,8.0,30.1,0.999982803981466,0.9999426865418768,1.0001198055603846,1.5699882723917828,,,,252.0,54.06955928733476,-2.792566677886087
2022-06-04,55.8,69.6,11.7,30.2,0.9989538147963644,0.9991958391715879,0.9983980231160312,1.909344642940686,,,,252.0,54.069559253340245,-2.7925666473655837
2022-06-05,53.1,74.3,8.5,30.0,0.9989900209158372,0.9993201800116284,0.9984585943260446,2.5188011861083655,,,,252.0,54.06955926946388,-2.792566504050634
2022-06-06,54.5,79.0,6.1,29.9,0.9985908690646382,0.9987135050033206,0.9977906783972104,2.2231263679322586,,,,252.0,54.06955924807937,-2.7925666657090242
2022-06-07,57.6,77.5,5.5,29.8,0.9985595424330964,0.9986858432879064,0.9977382373953204,2.045494383320853,,,,252.0,54.06955924378481,-2.7925664819715816
2022-06-08,58.5,85.8,12.8,29.6,0.9990543419249964,0.9991227883962076,0.9985661815032704,2.0915660666467755,,,,252.0,54.06955907744085,-2.792566831574114
2022-06-09,57.9,82.3,12.7,29.8,0.9991869079667584,0.9992398545156804,0.9987879994066936,1.4835080799995473,,,,252.0,54.06955922337964,-2.792566775269347
2022-06-10,59.4,80.3,18.1,29.9,0.9990788575350724,0.9991444391573242,0.9986427154688998,1.3716238834052021,,,,252.0,54.069559326749264,-2.7925666892667267
2022-06-11,58.5,80.7,17.2,29.9,0.998760188797576,0.9990320218644052,0.9981260124635004,1.802254314105944,,,,252.0,54.0695591808405,-2.7925667899640088
2022-06-12,56.2,78.6,16.7,30.1,,,,,,,,252.0,54.06955921621745,-2.7925665503228316
2022-06-13,53.7,72.2,11.3,28.9,,,,,,,,252.0,54.069559296383545,-2.792566715059438
2022-06-14,42.1,55.7,5.0,22.6,,,,,,,,252.0,54.069559312829284,-2.7925667237847893
2022-06-15,57.0,71.3,6.5,30.1,,,,,,,,252.0,54.06955906209653,-2.7925668583160395
2022-06-16,61.0,70.8,5.0,30.1,,,,,,,,252.0,54.0695593196375,-2.7925665908356567
2022-06-17,61.3,78.7,9.2,30.0,,,,,,,,252.0,54.0695592448787,-2.7925666826455373
2022-06-18,55.5,70.9,11.1,30.1,,,,,,,,252.0,54.069559197873566,-2.7925665347152706
2022-06-19,57.6,74.2,14.4,29.9,,,,,,,,252.0,54.06955910901149,-2.792566730273814
2022-06-20,57.0,73.8,6.3,30.1,,,,,,,,252.0,54.06955893577492,-2.792566732347004
2022-06-21,58.2,84.7,7.7,29.9,,,,,,,,252.0,54.069559326490655,-2.7925666593933682
2022-06-22,60.3,80.9,9.0,29.9,,,,,,,,252.0,54.0695592961553,-2.792566658995629
2022-06-23,63.0,79.9,5.9,29.8,,,,,,,,252.0,54.069559319489414,-2.792566660472223
2022-06-24,61.8,84.2,6.7,29.5,,,,,,,,252.0,54.069559381133594,-2.792566606097258
2022-06-25,58.6,72.8,14.8,29.5,,,,,,,,252.0,54.0695593775414,-2.792566749443565
2022-06-26,57.3,77.5,19.8,29.6,,,,,,,,252.0,54.069559227647225,-2.792566627601174
2022-06-27,57.3,78.5,12.8,29.8,,,,,,,,252.0,54.0695592827133,-2.7925665876283503
2022-06-28,58.3,77.3,17.5,29.8,,,,,,,,252.0,54.06955911299547,-2.792566749572197
2022-06-29,59.3,82.0,9.2,29.7,,,,,,,,252.0,54.06955925316724,-2.792566691184324
2022-06-30,58.6,81.5,4.4,29.8,,,,,,,,252.0,54.06955921055805,-2.7925666069793245
