Date,Temperature (°F),Dew Point (°F),Humidity (%),Wind Speed (mph),Pressure (inHg),Precipitation (in),R0orig,R0alp,R0dlt,R0omi
2020-03-01,43.6,34.4,69.8,18.5,28.9,0.0,,,,
2020-03-02,40.4,34.6,80.3,9.7,29.1,0.0,1.0000000148529775,,,
2020-03-03,42.0,37.8,84.9,13.2,29.4,0.0,1.0000000148529775,,,
2020-03-04,41.2,36.9,85.3,5.2,29.6,0.0,1.0000000148529775,,,
2020-03-05,40.4,34.9,82.1,8.2,29.4,0.0,1.0000000148529775,,,
2020-03-06,40.3,35.6,85.0,5.7,29.6,0.0,1.0000000148529775,,,
2020-03-07,48.6,43.4,83.4,13.7,29.7,0.0,1.0000000148529775,,,
2020-03-08,48.4,42.5,80.9,14.0,29.4,0.0,1.0000000148529775,,,
2020-03-09,47.1,42.4,83.8,18.2,29.6,0.0,16.003615663974713,,,
2020-03-10,53.1,47.5,81.7,16.9,29.4,0.0,8.364532573678138,,,
2020-03-11,48.5,41.6,77.2,16.8,29.5,0.0,3.615340754857745,,,
2020-03-12,44.5,35.0,69.9,23.9,29.5,0.0,1.0000000891178715,,,
2020-03-13,46.0,40.6,82.1,13.8,29.9,0.0,1.0000000891178715,,,
2020-03-14,48.4,44.1,85.7,12.8,29.7,0.0,4.105850040234244,,,
2020-03-15,47.9,42.3,80.7,15.1,29.6,0.0,3.4948826614675963,,,
2020-03-16,47.0,38.0,72.5,11.6,30.0,0.0,2.186324353060111,,,
2020-03-17,53.7,47.7,80.0,15.5,30.0,0.0,3.1880389841004835,,,
2020-03-18,46.3,42.3,86.4,9.8,30.1,0.0,4.7996895702140305,,,
2020-03-19,45.2,36.9,75.1,7.0,30.3,0.0,3.8654529918075817,,,
2020-03-20,44.3,34.3,69.8,14.3,30.4,0.0,2.121099327215407,,,
2020-03-21,42.7,32.1,68.0,14.4,30.3,0.0,4.778600197719632,,,
2020-03-22,43.2,34.1,71.0,10.9,30.3,0.0,7.971831572763872,,,
2020-03-23,44.7,34.7,69.2,9.2,30.2,0.0,7.830794541049326,,,
2020-03-24,51.4,41.9,70.7,11.6,30.1,0.0,11.766094611722783,,,
2020-03-25,52.1,39.8,65.5,5.4,30.1,0.0,15.39183858972493,,,
2020-03-26,49.7,31.6,53.4,5.6,30.2,0.0,56.26519992266639,,,
2020-03-27,47.8,32.1,56.0,9.9,30.3,0.0,50.61626389245981,,,
2020-03-28,45.4,34.5,66.7,14.4,30.4,0.0,135.03609036013046,,,
2020-03-29,41.5,28.1,59.6,12.8,30.7,0.0,135.34294345333632,,,
2020-03-30,45.1,35.0,67.7,8.2,30.6,0.0,257.88784572029635,,,
2020-03-31,44.9,37.1,74.3,7.7,30.4,0.0,652.7323014337768,,,
2020-04-01,46.4,39.9,78.4,11.1,30.1,0.0,1010.2881892582362,,,
2020-04-02,48.8,43.3,81.5,16.2,29.9,0.0,21.122600086492113,,,
2020-04-03,48.8,39.6,71.7,9.7,29.9,0.0,7.983999670492589,,,
2020-04-04,50.6,42.6,74.2,9.8,29.9,0.0,9.928011503761406,,,
2020-04-05,56.4,42.1,59.9,14.6,29.7,0.0,4.9103401569796015,,,
2020-04-06,53.7,43.5,69.1,12.4,29.9,0.0,6.065657348948719,,,
2020-04-07,51.6,40.8,68.6,7.7,30.3,0.0,5.780741278898839,,,
2020-04-08,55.9,44.6,67.4,4.7,30.2,0.0,3.9999086335627716,,,
2020-04-09,55.9,48.3,76.2,6.9,30.2,0.0,2.645833702282432,,,
2020-04-10,58.3,50.2,75.8,7.9,30.1,0.0,2.0569441302584552,,,
2020-04-11,57.5,52.1,82.7,5.9,30.1,0.0,2.802042452089541,,,
2020-04-12,54.5,49.9,85.0,8.7,29.9,0.0,1.1802218717110269,,,
2020-04-13,46.3,33.1,61.2,14.8,30.3,0.0,1.5946475096098849,,,
2020-04-14,45.3,33.6,65.1,4.8,30.3,0.0,1.2746599243139651,,,
2020-04-15,50.8,38.3,65.9,4.5,30.1,0.0,1.5844582046639064,,,
2020-04-16,55.0,40.4,61.5,8.2,29.9,0.0,1.6181622088255532,,,
2020-04-17,52.3,42.1,68.8,13.4,30.0,0.0,1.246658017649882,,,
2020-04-18,46.4,40.8,80.8,7.3,30.0,0.0,1.196458056504808,,,
2020-04-19,51.7,37.9,62.7,10.7,30.1,0.0,1.0783756334904409,,,
2020-04-20,50.9,36.4,60.9,16.0,30.1,0.0,1.7244569469926323,,,
2020-04-21,54.3,39.4,60.8,19.0,30.1,0.0,1.2182515245706722,,,
2020-04-22,56.0,42.4,62.6,13.5,30.1,0.0,1.161116285262249,,,
2020-04-23,55.7,43.8,66.5,6.6,30.1,0.0,1.1214837436869325,,,
2020-04-24,57.1,42.9,61.9,5.9,29.9,0.0,1.1059595272344294,,,
2020-04-25,55.3,44.8,69.3,6.8,29.9,0.0,0.9313057138886532,,,
2020-04-26,55.1,47.0,75.0,6.3,29.8,0.0,1.257157949351196,,,
2020-04-27,52.3,40.1,64.4,8.2,29.7,0.0,1.4401612395846854,,,
2020-04-28,48.0,42.0,79.6,7.9,29.6,0.0,1.1511946311768932,,,
2020-05-01,51.3,42.8,73.0,14.8,29.4,0.0,1.0601219353304627,,,
2020-05-02,51.1,43.5,74.9,11.0,29.7,0.0,1.0595989752893706,,,
2020-05-03,51.7,43.5,74.9,4.1,29.9,0.0,0.9957197293066736,,,
2020-05-04,54.9,43.9,68.3,11.3,30.0,0.0,1.0321449267790108,,,
2020-05-05,51.8,38.1,61.3,14.3,30.1,0.0,1.0649130768312067,,,
2020-05-06,52.4,37.8,61.2,7.2,30.2,0.0,0.9159110636415452,,,
2020-05-07,57.8,44.8,63.5,6.1,30.1,0.0,1.1692992374224092,,,
2020-05-08,58.0,50.3,76.8,4.5,30.0,0.0,0.9611666581484278,,,
2020-05-09,60.9,50.1,71.2,4.8,29.8,0.0,0.9715858575668213,,,
2020-05-10,49.9,39.0,67.7,15.7,29.9,0.0,1.0717959030902404,,,
2020-05-11,45.5,29.7,56.2,12.3,30.2,0.0,1.0477494446054931,,,
2020-05-12,49.3,39.3,69.3,13.7,30.1,0.0,1.0330474602896584,,,
2020-05-13,48.0,31.5,55.7,10.4,30.0,0.0,1.0640732367935024,,,
2020-05-14,47.6,34.2,61.8,7.7,30.2,0.0,1.0224358313465356,,,
2020-05-15,51.6,41.0,68.0,11.2,30.2,0.0,1.0329432351913723,,,
2020-05-16,54.1,41.6,63.8,10.8,30.1,0.0,1.0120791880569635,,,
2020-05-17,56.6,45.6,67.4,7.7,30.1,0.0,1.094477389493968,,,
2020-05-18,58.4,49.0,71.2,10.1,30.1,0.0,1.0840956699471591,,,
2020-05-19,61.0,52.1,72.3,7.9,30.1,0.0,1.0871440690179908,,,
2020-05-20,62.8,50.0,67.1,5.9,30.0,0.0,0.9581857196220728,,,
2020-05-21,61.6,50.6,68.7,6.8,30.0,0.0,1.0114618676240696,,,
2020-05-22,60.1,46.0,60.4,24.4,29.7,0.0,1.0451712475664083,,,
2020-05-23,57.1,42.9,59.9,20.6,29.9,0.0,1.0267819913151388,,,
2020-05-24,58.8,48.2,68.7,17.4,30.3,0.0,0.953113610796702,,,
2020-05-25,58.8,42.2,57.0,7.1,30.4,0.0,1.0894330332211726,,,
2020-05-26,60.0,49.1,67.3,7.7,30.5,0.0,0.983392000473261,,,
2020-05-27,61.9,48.2,64.1,7.2,30.5,0.0,1.0631170363422762,,,
2020-05-28,65.0,49.7,60.5,7.2,30.4,0.0,1.0809673113378566,,,
2020-05-29,65.8,42.3,45.7,8.1,30.3,0.0,1.0005184530430196,,,
2020-05-30,66.6,42.6,42.7,10.8,30.1,0.0,1.031542564912204,,,
2020-05-31,65.4,43.4,47.7,10.8,30.1,0.0,1.0955806740026244,,,
2020-06-01,64.7,46.0,52.7,8.2,30.2,0.0,1.0428250326495014,,,
2020-06-02,64.3,44.5,50.2,7.6,30.0,0.0,1.0386493133415178,,,
2020-06-03,56.1,49.7,80.0,10.0,29.8,0.0,1.0523972414907596,,,
2020-06-04,53.5,45.9,75.8,11.2,29.6,0.0,0.9820786914549688,,,
2020-06-05,52.4,41.8,68.3,20.9,29.3,0.0,1.0148242729041586,,,
2020-06-06,54.7,46.8,75.8,21.9,29.3,0.0,1.005045487202606,,,
2020-06-07,56.2,51.1,83.5,12.7,29.7,0.0,1.0030838720246014,,,
2020-06-08,54.8,46.7,74.9,6.3,30.0,0.0,1.0173545665770565,,,
2020-06-09,56.7,46.8,70.5,5.3,30.0,0.0,1.028024050204296,,,
2020-06-10,55.6,49.9,81.8,7.1,29.8,0.0,1.0041132005047282,,,
2020-06-11,56.5,49.6,78.9,17.0,29.9,0.0,1.050616117422447,,,
2020-06-12,59.8,53.8,81.0,17.6,29.7,0.0,1.0468361375969564,,,
2020-06-13,65.0,55.1,72.5,10.9,29.7,0.0,1.0347167844811278,,,
2020-06-14,62.6,56.3,80.9,6.3,29.8,0.0,1.0448527830134269,,,
2020-06-15,64.2,58.5,83.2,5.6,29.9,0.0,1.0677566591605767,,,
2020-06-16,63.5,58.7,85.8,5.1,29.9,0.0,1.0487298136977443,,,
2020-06-17,63.5,58.3,85.1,5.2,29.8,0.0,1.0289047253177068,,,
2020-06-18,57.9,56.1,94.3,7.8,29.7,0.0,1.0425114662625736,,,
2020-06-19,58.7,55.0,87.8,9.7,29.7,0.0,1.0209954200201703,,,
2020-06-20,61.6,52.9,74.8,10.2,29.9,0.0,1.0313207070626271,,,
2020-06-21,60.5,52.1,74.3,14.8,29.8,0.0,1.025783452411285,,,
2020-06-22,61.4,50.6,68.5,12.8,30.0,0.0,1.0480226238376409,,,
2020-06-23,67.2,57.1,71.3,10.0,30.1,0.0,1.0484704386875716,,,
2020-06-24,70.5,60.3,73.0,4.9,30.0,0.0,1.0761446140774702,,,
2020-06-25,73.7,60.2,64.5,8.7,29.9,0.0,1.0233907538374458,,,
2020-06-26,69.2,60.5,74.6,7.6,29.6,0.0,1.0231009898851209,,,
2020-06-27,61.1,55.9,83.7,13.5,29.4,0.0,1.032704420588712,,,
2020-06-28,57.2,49.4,75.3,19.2,29.5,0.0,1.0779798537884953,,,
2020-06-29,56.5,51.0,81.5,15.8,29.6,0.0,1.0500363173966765,,,
2020-06-30,58.9,52.3,78.2,8.7,29.6,0.0,1.0338790716784996,,,
2020-07-01,60.5,54.6,81.5,5.8,29.5,0.0,1.0291060626484247,,,
2020-07-02,58.8,54.7,87.1,8.0,29.7,0.0,1.0123120457583947,,,
2020-07-03,60.0,54.4,81.8,14.9,29.7,0.0,1.0627306410546975,,,
2020-07-04,63.2,57.9,83.5,11.8,29.6,0.0,1.0363280697999342,,,
2020-07-05,60.4,50.6,71.0,21.9,29.6,0.0,1.00373825075272,,,
2020-07-06,58.2,49.2,72.6,20.0,30.0,0.0,1.022765082303516,,,
2020-07-07,55.6,52.4,87.8,6.0,30.0,0.0,1.0525857998631634,,,
2020-07-08,57.4,55.4,93.4,8.4,29.8,0.0,1.094973484983605,,,
2020-07-09,57.1,54.1,89.5,10.1,29.8,0.0,1.0217075810087113,,,
2020-07-10,57.4,49.0,74.1,15.9,30.0,0.0,1.0178440191061602,,,
2020-07-11,58.0,47.0,67.4,10.8,30.2,0.0,1.0235510872413491,,,
2020-07-12,59.3,47.6,67.0,5.5,30.2,0.0,1.010747203486396,,,
2020-07-13,61.7,55.7,81.2,9.5,30.1,0.0,1.0487833271918694,,,
2020-07-14,58.1,51.5,78.9,11.5,29.9,0.0,1.0232197472629625,,,
2020-07-15,58.1,55.7,92.5,12.3,29.9,0.0,1.0339115424949925,,,
2020-07-16,62.9,58.3,85.8,11.3,30.0,0.0,1.0239615843674816,,,
2020-07-17,65.6,58.2,77.6,8.8,30.0,0.0,1.0177538164448243,,,
2020-07-18,61.3,57.5,87.7,8.3,29.9,0.0,1.0053165775765556,,,
2020-07-19,58.5,48.5,70.5,9.8,30.0,0.0,1.0304610282894395,,,
2020-07-20,58.6,46.2,63.8,9.4,30.1,0.0,1.0236158625876,,,
2020-07-21,58.3,50.4,75.9,5.4,30.2,0.0,0.9951115608817525,,,
2020-07-22,60.3,52.5,75.9,7.3,30.1,0.0,1.0074208893694392,,,
2020-07-23,61.3,57.6,88.0,9.6,29.8,0.0,1.0416611376392295,,,
2020-07-24,63.9,57.5,81.3,5.2,29.7,0.0,1.0216783392881292,,,
2020-07-25,63.3,58.0,83.3,10.5,29.6,0.0,1.021362301656343,,,
2020-07-26,62.3,53.6,72.6,13.2,29.6,0.0,1.0396513914182866,,,
2020-07-27,60.5,56.1,86.1,14.2,29.5,0.0,1.015961671201889,,,
2020-07-28,59.0,50.1,72.8,19.1,29.8,0.0,1.0207834022711684,,,
2020-07-29,60.0,49.6,69.0,8.9,30.0,0.0,1.0197676793729706,,,
2020-07-30,66.9,55.3,69.5,7.6,29.9,0.0,1.053177078646793,,,
2020-07-31,70.9,57.1,63.1,8.3,29.7,0.0,1.014896970845111,,,
2020-08-01,62.0,54.3,76.7,9.2,29.9,0.0,1.0041859448234065,,,
2020-08-02,60.7,52.2,73.4,10.7,29.9,0.0,1.0210474782492092,,,
2020-08-03,59.0,50.2,73.6,9.8,29.9,0.0,1.033849370329167,,,
2020-08-04,59.5,53.5,81.0,12.1,29.8,0.0,1.032084668471433,,,
2020-08-05,66.6,60.6,80.7,12.8,29.7,0.0,1.03984411401558,,,
2020-08-06,67.3,61.4,81.4,4.8,29.9,0.0,1.0220219265329156,,,
2020-08-07,70.7,63.6,78.6,6.4,29.9,0.0,1.0033986961143522,,,
2020-08-08,66.8,60.2,80.2,6.5,30.1,0.0,1.0045917911252924,,,
2020-08-09,65.7,58.2,77.0,1.9,30.0,0.0,1.0282159451779405,,,
2020-08-10,67.6,61.5,81.5,8.2,29.9,0.0,1.0274992062632982,,,
2020-08-11,71.9,65.0,79.8,6.8,29.9,0.0,1.0086323587175023,,,
2020-08-12,73.0,65.5,79.1,5.3,29.9,0.0,1.0445039709006072,,,
2020-08-13,70.5,63.8,80.6,9.1,29.9,0.0,1.0286804916997203,,,
2020-08-14,68.5,60.8,77.1,7.3,29.9,0.0,1.0225156842013745,,,
2020-08-15,65.7,58.0,77.3,9.0,29.9,0.0,1.0110163446024023,,,
2020-08-16,63.9,59.5,85.9,10.2,29.8,0.0,1.0228061970053175,,,
2020-08-17,64.4,60.6,87.7,6.3,29.6,0.0,1.021611339658092,,,
2020-08-18,66.0,58.8,79.0,10.3,29.6,0.0,1.0569339376457774,,,
2020-08-19,65.6,62.6,90.2,10.6,29.4,0.0,1.0443171650421454,,,
2020-08-20,66.7,55.4,67.8,13.4,29.4,0.0,1.0175840471936797,,,
2020-08-21,64.2,56.3,76.5,19.4,29.3,0.0,1.034335462019255,,,
2020-08-22,62.6,55.7,79.7,14.5,29.6,0.0,1.017175251506191,,,
2020-08-23,61.5,56.3,84.1,11.8,29.9,0.0,1.0288624391132295,,,
2020-08-24,61.2,51.8,71.5,7.6,29.8,0.0,1.0114598975101534,,,
2020-08-25,62.1,58.9,89.9,20.0,29.2,0.0,1.0622321595256996,,,
2020-08-26,60.9,56.2,85.5,16.1,29.8,0.0,1.0327387275541848,,,
2020-08-27,56.2,54.0,91.1,7.1,29.7,0.0,1.0236254020800486,,,
2020-08-28,56.3,50.9,81.9,12.2,29.6,0.0,1.0351361351205388,,,
2020-08-29,54.9,45.0,69.9,11.7,29.8,0.0,1.0250481494378525,,,
2020-08-30,54.1,42.0,64.4,7.5,30.0,0.0,1.053285275256075,,,
2020-09-01,59.1,49.3,71.9,3.2,30.0,0.0,1.0898617032189504,,,
2020-09-02,59.9,54.6,83.4,11.5,29.9,0.0,1.0834378168365144,,,
2020-09-03,63.0,56.0,78.2,12.6,29.8,0.0,1.0407060434302935,,,
2020-09-04,58.9,49.1,71.1,11.1,30.0,0.0,1.0969911967549624,,,
2020-09-05,57.9,50.2,76.0,14.7,30.0,0.0,1.046556208612682,,,
2020-09-06,59.0,53.1,80.5,8.8,30.0,0.0,1.1670739055127737,,,
2020-09-07,60.9,56.3,85.0,7.7,30.0,0.0,1.1044491313929798,,,
2020-09-08,67.7,62.0,81.9,8.2,30.1,0.0,1.0692494955604541,,,
2020-09-09,61.5,52.0,72.0,13.9,30.1,0.0,1.0789580355394708,,,
2020-09-10,57.0,47.2,70.2,6.3,30.1,0.0,1.1104597534584275,,,
2020-09-11,59.7,51.3,74.4,12.4,29.8,0.0,1.0771901495441156,,,
2020-09-12,60.2,50.0,70.4,12.6,29.9,0.0,1.0341180543926372,,,
2020-09-13,66.5,56.3,70.8,11.4,30.0,0.0,1.0849578550532073,,,
2020-09-14,65.1,57.3,78.2,6.0,30.0,0.0,1.0630474552687617,,,
2020-09-15,66.3,57.9,76.3,4.7,30.0,0.0,1.1414911551886506,,,
2020-09-16,62.2,57.2,84.1,9.1,30.2,0.0,1.07348753341733,,,
2020-09-17,59.5,50.7,73.0,7.6,30.3,0.0,1.1318334503063736,,,
2020-09-18,55.8,47.8,76.2,9.2,30.2,0.0,1.1429357181143471,,,
2020-09-19,57.7,48.6,73.1,10.7,30.1,0.0,1.1075971011348411,,,
2020-09-20,56.5,49.1,77.7,7.3,30.1,0.0,1.1551245300943414,,,
2020-09-21,58.5,52.5,82.3,5.5,29.9,0.0,1.1707125043319733,,,
2020-09-22,59.4,54.9,86.4,7.2,29.6,0.0,1.1427606924611555,,,
2020-09-23,54.7,49.7,83.7,11.9,28.5,0.0,1.1438374071496489,,,
2020-09-24,49.8,44.8,83.1,8.1,29.2,0.0,1.1812724479448704,,,
2020-09-25,52.4,41.1,66.0,15.7,29.7,0.0,1.136693300006665,,,
2020-09-26,51.2,39.1,63.9,11.6,29.9,0.0,1.1528023505554597,,,
2020-09-27,49.8,39.8,69.5,7.9,29.9,0.0,1.1639138613916755,,,
2020-09-28,51.2,48.4,90.6,5.1,29.8,0.0,1.2178200194505473,,,
2020-09-29,54.0,49.4,86.0,3.1,29.9,0.0,1.247136411792113,,,
2020-09-30,53.9,50.9,89.9,10.8,29.5,0.0,1.2435685824051086,,,
2020-10-01,51.8,45.6,80.8,7.4,29.3,0.0,1.25632005621021,,,
2020-10-02,52.9,47.0,80.3,14.6,29.3,0.0,1.1875813310257066,,,
2020-10-03,53.4,50.8,92.0,15.4,29.1,0.0,1.2393058731739208,,,
2020-10-04,54.9,49.0,81.9,10.8,28.9,0.0,1.251021805488601,,,
2020-10-05,55.6,53.2,91.3,12.4,29.2,0.0,1.3079130582535017,,,
2020-10-06,53.8,50.7,89.5,11.2,29.3,0.0,1.2980482752508835,,,
2020-10-07,54.2,48.3,81.9,14.4,29.7,0.0,1.2597683387131935,,,
2020-10-08,53.4,48.9,85.9,10.3,29.7,0.0,1.1935003573822978,,,
2020-10-09,50.5,44.0,78.9,13.2,29.9,0.0,1.1753022996127147,,,
2020-10-10,52.7,47.4,83.3,16.0,30.1,0.0,1.1123140832011789,,,
2020-10-11,51.8,45.0,77.8,7.2,30.2,0.0,1.2431158127638955,,,
2020-10-12,51.2,47.2,87.4,9.1,29.9,0.0,1.1942841463577591,,,
2020-10-13,50.8,46.1,84.1,10.2,29.8,0.0,1.160384052633178,,,
2020-10-14,52.8,47.0,81.9,10.0,30.2,0.0,1.1619804918862728,,,
2020-10-15,49.6,43.7,79.4,8.4,30.3,0.0,1.1618569620357917,,,
2020-10-16,50.3,44.5,80.1,7.3,30.2,0.0,1.0625400210263138,,,
2020-10-17,49.4,45.0,85.4,5.2,30.1,0.0,1.1142092692436654,,,
2020-10-18,51.3,47.5,88.5,4.6,30.1,0.0,1.2387639393519272,,,
2020-10-19,51.8,46.1,81.3,10.3,29.8,0.0,1.192699836564972,,,
2020-10-20,57.8,51.1,79.5,13.3,29.3,0.0,1.246531214736453,,,
2020-10-21,56.9,53.6,89.2,8.5,29.3,0.0,1.0824754876930958,,,
2020-10-22,51.1,43.7,76.0,11.8,29.6,0.0,1.1030264020022431,,,
2020-10-23,48.2,42.8,81.7,10.2,29.6,0.0,1.0498629500518308,,,
2020-10-24,50.5,46.9,87.5,11.2,29.3,0.0,1.1614809237686865,,,
2020-10-25,48.3,43.6,82.7,12.1,29.2,0.0,1.2121792946851728,,,
2020-10-26,50.1,45.3,83.5,16.2,29.2,0.0,1.195545720155302,,,
2020-10-27,48.6,44.5,85.3,11.5,29.2,0.0,1.1537236746026744,,,
2020-10-28,48.4,42.6,79.4,12.5,29.3,0.0,1.2131984052270235,,,
2020-10-29,53.8,48.9,82.7,13.7,29.6,0.0,1.1351882467195076,,,
2020-10-30,55.3,51.5,87.8,9.9,29.8,0.0,1.017198823189167,,,
2020-10-31,55.4,49.3,80.3,18.2,29.6,0.0,1.0499388686327948,,,
2020-11-01,55.5,49.8,81.5,16.5,29.3,0.0,1.2664603905087473,,,
2020-11-02,53.4,46.6,78.2,19.7,29.4,0.0,1.1589292787000214,,,
2020-11-03,45.9,39.9,80.1,10.6,29.9,0.0,1.2515914804894668,,,
2020-11-04,45.9,43.2,89.7,5.9,30.4,0.0,1.245083249631928,,,
2020-11-05,48.7,45.7,89.1,6.0,30.5,0.0,1.2988971033794838,,,
2020-11-06,47.6,44.6,88.9,6.8,30.3,0.0,1.096968588158236,,,
2020-11-07,46.9,43.7,89.2,7.2,30.0,0.0,1.1744650584443237,,,
2020-11-08,48.3,46.4,93.3,5.0,30.0,0.0,1.4290090178169177,,,
2020-11-09,55.5,54.3,94.4,9.1,30.0,0.0,1.3011253237727436,,,
2020-11-10,54.6,51.1,88.1,8.4,30.0,0.0,1.2843266432130456,,,
2020-11-11,53.0,48.5,85.2,13.3,29.8,0.0,1.1114396488709464,,,
2020-11-12,51.4,45.7,81.8,12.4,29.7,0.0,1.1476445056539981,,,
2020-11-13,49.6,44.4,82.3,12.4,29.6,0.0,1.027553770352515,,,
2020-11-14,52.5,49.0,87.8,13.0,29.4,0.0,1.0320599004054092,,,
2020-11-15,51.0,44.9,80.8,18.1,29.1,0.0,1.1265601577549385,,,
2020-11-16,52.3,47.1,83.2,16.3,29.6,0.0,1.0225983294652288,,,
2020-11-17,57.7,52.4,81.5,14.9,29.8,0.0,0.9610251280637538,,,
2020-11-18,53.4,46.7,77.9,17.5,29.7,0.0,0.8753389263115645,,,
2020-11-19,46.6,39.9,77.8,12.2,30.2,0.0,0.7686819167237287,,,
2020-11-20,48.7,44.5,86.5,10.5,30.3,0.0,0.632379113024417,,,
2020-11-21,52.9,47.1,81.5,13.2,30.1,0.0,0.7014957590407286,19.348691140706986,,
2020-11-22,46.6,39.6,76.8,10.5,30.2,0.0,0.7677759512808375,11.522845983680934,,
2020-11-23,44.7,41.0,87.0,9.9,30.1,0.0,0.6720053624605358,1.0207844971672015,,
2020-11-24,53.4,47.0,81.0,14.4,29.8,0.0,0.7211275460322486,7.546675114621864,,
2020-11-25,46.7,43.3,87.7,7.8,29.8,0.0,0.6607615597842005,1.0125395953875247,,
2020-11-26,43.7,41.3,91.0,3.3,30.0,0.0,0.7605416586703938,1.0245116497682742,,
2020-11-27,41.2,39.4,93.5,4.9,30.0,0.0,0.7839041317926034,1.02090603713393,,
2020-11-28,42.5,40.7,93.4,6.9,30.0,0.0,0.7061252337121547,1.0195212743111834,,
2020-11-29,47.8,46.3,94.8,4.9,30.2,0.0,0.8403817498425592,6.364346138946027,,
2020-11-30,48.4,44.7,88.1,11.6,30.1,0.0,0.8898848416554337,5.235334300456094,,
2020-12-01,43.5,38.7,83.3,4.3,30.2,0.0,0.8196860340159552,1.0098310277785698,,
2020-12-02,45.8,41.7,85.9,9.6,29.9,0.0,0.9076487351617925,10.446852101377868,,
2020-12-03,40.9,37.9,89.9,9.5,29.1,0.0,0.9998389324237132,6.498657009896678,,
2020-12-04,41.3,37.1,85.7,13.1,28.7,0.0,0.9532225779773048,1.0175508695035618,,
2020-12-05,40.1,37.0,88.7,10.3,29.2,0.0,1.07417559217881,1.0156291254536314,,
2020-12-06,40.6,37.4,88.9,4.4,29.5,0.0,1.0980940307817135,10.104900006371217,,
2020-12-07,39.1,37.0,92.5,3.6,29.4,0.0,1.1205023501772324,4.2547526279861065,,
2020-12-08,43.0,41.4,93.5,11.7,29.4,0.0,1.133915973944977,1.0088730774271493,,
2020-12-09,44.3,38.9,82.1,10.2,29.5,0.0,1.179979259458782,8.392797952627495,,
2020-12-10,45.1,41.6,87.2,13.2,29.3,0.0,1.3577603800648994,3.17139935738758,,
2020-12-11,47.3,46.3,95.8,7.0,29.0,0.0,1.3192506642916322,1.9717262309093244,,
2020-12-12,46.2,43.8,90.7,10.7,29.4,0.0,1.3540122209976289,2.943668587417544,,
2020-12-13,45.1,42.8,92.1,12.7,29.3,0.0,1.5597999969450531,10.4231914107091,,
2020-12-14,48.8,44.3,83.8,12.3,29.2,0.0,1.4428199172599665,8.241722808061844,,
2020-12-15,45.8,41.2,84.0,10.3,29.4,0.0,1.5045751759118002,7.222439750210983,,
2020-12-16,47.2,43.6,86.7,14.5,29.5,0.0,1.344417441038318,4.2740560275556545,,
2020-12-17,46.5,43.1,88.1,11.3,29.7,0.0,1.5018718799228803,1.4164901578483424,,
2020-12-18,54.3,51.8,91.0,17.2,29.5,0.0,1.264063059171331,3.0491425549174704,,
2020-12-19,49.3,43.9,81.4,14.6,29.4,0.0,1.3065455146180136,3.4045736034666185,,
2020-12-20,44.7,40.6,86.2,12.1,29.6,0.0,1.6309188504235452,4.4314343324197685,,
2020-12-21,46.8,44.8,93.4,8.5,29.5,0.0,1.6327603252705432,2.6016359276990717,,
2020-12-22,42.4,39.2,89.3,6.3,29.7,0.0,1.6825083145938715,4.061706800069565,,
2020-12-23,43.0,39.9,90.1,16.6,29.7,0.0,1.425422359359361,4.095886230014994,,
2020-12-24,38.8,30.8,72.7,11.2,30.2,0.0,0.8940428551423187,2.1151966661898407,,
2020-12-25,37.6,31.4,78.5,6.2,30.3,0.0,1.3313119349181497,5.359432697916861,,
2020-12-26,47.1,41.3,80.2,16.6,29.7,0.0,1.5515158131729494,7.077717355195071,,
2020-12-27,41.8,36.8,81.7,15.9,28.6,0.0,1.436706920856583,6.569596959681733,,
2020-12-28,35.2,33.5,93.6,7.6,28.7,0.0,2.184853472070066,9.970269453248543,,
2020-12-29,36.6,34.1,90.3,7.8,29.2,0.0,1.6843802341326393,7.021168692718112,,
2020-12-30,36.7,34.9,92.0,6.2,29.5,0.0,1.437609121029413,5.891741221935653,,
2020-12-31,35.4,33.7,93.3,4.9,29.6,0.0,0.9755963206969988,3.528036772346601,,
2021-01-01,38.6,34.7,85.6,8.2,29.8,0.0,1.45919506322831,6.140290583864468,,
2021-01-02,35.5,31.3,86.2,7.2,30.0,0.0,1.2397026758993177,5.084843106285239,,
2021-01-03,36.8,32.6,85.3,7.6,30.1,0.0,1.1607041016775477,4.677968236225669,,
2021-01-04,36.6,32.4,84.8,9.9,30.2,0.0,1.0902141177275009,4.469917036916988,,
2021-01-05,37.3,31.7,80.2,9.8,30.2,0.0,0.852887189013162,3.4038212772413283,,
2021-01-06,34.5,31.2,88.8,7.1,30.1,0.0,0.7719556968071639,3.1461211337381574,,
2021-01-07,31.8,30.6,95.3,4.0,30.0,0.0,0.6802750851444743,2.7991401665064326,,
2021-01-08,35.6,33.9,93.3,9.3,30.0,0.0,0.5852384949410361,2.543568599291772,,
2021-01-09,33.8,31.8,92.9,3.5,30.2,0.0,0.4858337272774683,2.3558765988126678,,
2021-01-10,39.6,36.9,90.3,6.3,30.1,0.0,0.4849374886735915,2.8259454217088797,,
2021-01-11,45.6,40.9,84.3,13.4,29.8,0.0,0.4319797490251539,2.24649932033333,,
2021-01-12,41.7,36.7,82.8,7.1,29.9,0.0,0.4031250958843416,1.9021063623594732,,
2021-01-13,38.9,37.7,95.2,5.9,29.9,0.0,0.3906605650593436,1.5719725409661596,,
2021-01-14,39.1,38.3,96.3,8.6,29.9,0.0,0.4158638781371461,1.3642730351947971,,
2021-01-15,32.7,31.6,96.0,6.3,30.3,0.0,0.39993782964206137,0.7208509195345907,,
2021-01-16,52.2,47.8,85.8,17.5,29.9,0.0,0.4525741042558421,0.9139478677556421,,
2021-01-17,43.0,38.0,83.9,12.8,30.1,0.0,0.5412751832053333,1.3488454594807242,,
2021-01-18,43.4,39.2,86.3,8.4,29.9,0.0,0.5986326584435978,1.4166693965363035,,
2021-01-19,48.9,47.2,94.6,12.0,29.3,0.0,0.6019270452771386,0.96456035161979,,
2021-01-20,46.8,45.0,94.0,12.2,28.8,0.0,0.6335755611793595,0.6279321232250907,,
2021-01-21,41.4,36.5,83.1,17.7,28.8,0.0,0.7209192548232422,0.773564234008125,,
2021-01-22,40.6,36.2,84.3,10.2,29.1,0.0,0.7180422969715204,-0.17673609617836794,,
2021-01-23,36.8,35.1,93.4,6.2,29.3,0.0,0.7804026058808838,0.03789190546687227,,
2021-01-24,33.8,30.7,89.3,6.6,29.4,0.0,0.9033312362686214,1.1639656416098936,,
2021-01-25,37.1,33.0,86.0,9.7,29.7,0.0,0.8398394929567552,0.5033400879944401,,
2021-01-26,37.7,34.7,89.4,7.8,29.8,0.0,0.9646548801990092,0.8175625877116124,,
2021-01-27,47.2,45.3,92.6,7.6,29.7,0.0,0.9480898817258481,0.1923841433675033,,
2021-01-28,48.4,46.4,93.7,9.8,29.4,0.0,0.9562598705536769,0.3535027591148109,,
2021-01-29,46.3,44.1,91.7,9.7,29.3,0.0,1.0361357931354866,0.4760424342279489,,
2021-01-30,38.9,33.5,80.9,20.1,29.4,0.0,1.0013789829356208,-0.12330414432909588,,
2021-02-01,36.6,30.8,79.6,7.3,29.4,0.0,1.0037294235815055,0.4100904653394435,,
2021-02-02,40.9,39.9,95.5,12.5,29.1,0.0,1.0395364398196798,0.5168403815089828,,
2021-02-03,45.6,42.6,88.5,6.2,29.2,0.0,1.0208967969378628,0.2803933944914977,,
2021-02-04,44.5,41.9,90.7,9.1,29.6,0.0,1.0520189366418682,0.3865193135790258,,
2021-02-05,44.4,42.5,92.5,6.9,29.6,0.0,0.9878074936390644,-0.5330429404496121,,
2021-02-06,41.0,38.5,91.1,10.5,29.7,0.0,0.9832603027605976,-0.3524376906507294,,
2021-02-07,36.8,28.9,73.7,16.7,29.8,0.0,0.9951247634253674,0.015360817177415219,,
2021-02-08,34.3,25.9,71.8,15.3,29.7,0.0,1.0337307242901008,0.6515418461397993,,
2021-02-09,32.4,26.7,78.8,13.3,29.7,0.0,1.0199026646084444,0.5719893664629652,,
2021-02-10,31.5,22.8,70.7,9.6,30.0,0.0,0.9978818908181114,0.10257545733031614,,
2021-02-11,32.8,24.8,72.8,15.5,30.2,0.0,1.0206900612633876,0.4502994709818681,,
2021-02-12,34.3,24.0,66.1,17.0,30.3,0.0,0.9764988453726448,-0.2368492533854467,,
2021-02-13,34.0,22.5,63.2,17.8,30.3,0.0,0.9869970691633954,-0.18638338482365224,,
2021-02-14,41.3,34.0,76.2,19.0,29.9,0.0,1.0428368952191422,1.3517490310153149,,
2021-02-15,49.0,45.7,89.7,9.6,29.8,0.0,1.035955643515459,1.121653643134958,,
2021-02-16,50.7,45.5,82.7,10.4,29.6,0.0,1.0154928642228491,1.0692560913209517,,
2021-02-17,49.4,43.6,80.4,12.3,29.5,0.0,0.979914416241879,0.9285575705588937,,
2021-02-18,48.7,41.4,76.3,16.1,29.4,0.0,0.9980704777510448,0.4636240343537,,
2021-02-19,49.5,43.7,81.7,16.4,29.4,0.0,0.989020191965038,0.2496268408572372,,
2021-02-20,54.2,49.5,84.4,18.0,29.3,0.0,0.9874812457012032,0.5728429595843598,,
2021-02-21,50.5,45.8,84.0,6.7,29.6,0.0,0.9859549636396008,1.6647043628192881,,
2021-02-22,49.1,44.4,84.2,4.4,29.8,0.0,0.9845469897510349,0.8054727411954105,,
2021-02-23,51.2,45.5,81.1,17.8,29.8,0.0,0.9791465279132524,0.7632936787912754,,
2021-02-24,55.3,52.1,88.7,14.0,29.9,0.0,0.9754706151068192,0.8632382402273215,,
2021-02-25,47.5,41.0,78.6,8.5,30.2,0.0,0.9879241954666494,0.7325840738866085,,
2021-02-26,45.0,39.2,81.0,4.2,30.5,0.0,0.989377560524454,0.2468342955941979,,
2021-02-27,45.1,38.8,80.5,3.4,30.6,0.0,0.9864069697428806,0.4493504544300255,,
2021-02-28,44.2,38.6,82.3,3.3,30.6,0.0,0.9848035853946768,1.0998260258611934,,
2021-03-01,42.7,38.5,86.2,7.0,30.4,0.0,0.9856585296861634,0.3969382707688802,,
2021-03-02,41.2,36.9,84.5,8.7,30.3,0.0,0.9849621002910376,0.5107433038770333,,
2021-03-03,41.0,38.3,90.7,7.1,30.2,0.0,0.9844295644222836,0.7787427397272494,,
2021-03-04,42.4,36.3,79.6,8.6,30.2,0.0,0.991792738005644,0.4390541829109298,,
2021-03-05,41.9,30.3,64.1,6.3,30.4,0.0,0.9909420294874196,0.7371116254601362,,
2021-03-06,40.9,28.6,62.1,3.1,30.4,0.0,0.9900201295135708,0.579093969020688,,
2021-03-07,40.2,33.9,78.8,4.6,30.3,0.0,0.9937136659161498,1.2583660167254256,,
2021-03-08,43.0,36.7,80.3,5.5,30.1,0.0,0.9904759107002222,0.9496978356950516,,
2021-03-09,45.7,39.5,79.2,9.5,29.9,0.0,0.9893173886481192,0.9791275242801528,,
2021-03-10,50.5,46.4,85.5,20.0,29.4,0.0,0.990418067760448,0.7383891212246589,,
2021-03-11,48.1,40.1,74.6,24.8,29.1,0.0,0.9929736687683456,0.9357611265033294,,
2021-03-12,45.9,38.3,75.7,18.0,29.3,0.0,0.9938921132641948,1.1164918948176437,,
2021-03-13,45.5,38.8,77.9,24.3,29.2,0.0,0.9934025987934129,0.8953021434213733,,
2021-03-14,47.3,43.5,85.8,20.8,29.8,0.0,0.9939425699986144,1.2564043448975997,,
2021-03-15,50.2,44.9,81.2,14.3,30.1,0.0,0.9952324600212321,1.4479610428695928,,
2021-03-16,50.6,47.0,88.0,13.5,30.3,0.0,0.9931917159000104,2.2348128202984,,
2021-03-17,47.4,43.1,84.5,10.7,30.4,0.0,0.9927404265036603,1.1694873424027452,,
2021-03-18,47.6,46.1,94.7,12.8,30.4,0.0,0.9972476127338052,1.0682168471638671,,
2021-03-19,50.9,45.5,82.3,6.4,30.3,0.0,0.9977898464131406,1.3762697722293815,,
2021-03-20,49.4,45.9,88.4,9.2,30.4,0.0,0.9973959994328452,1.3727843611256887,,
2021-03-21,47.7,42.3,82.5,8.3,30.3,0.0,0.9978852421477864,1.611284613816894,,
2021-03-22,49.3,41.6,75.0,8.0,30.2,0.0,0.9986262340359328,1.2893710508056742,,
2021-03-23,50.1,40.8,70.5,10.3,30.1,0.0,0.9969177222097348,1.1614325358506408,,
2021-03-24,51.1,41.3,70.0,11.2,29.9,0.0,0.9974215348712872,1.1613143729560989,,
2021-03-25,52.3,42.9,71.4,12.2,29.8,0.0,1.0022214611884754,0.9686523969472296,,
2021-03-26,49.3,40.3,72.5,17.6,29.6,0.0,0.9999261720750112,0.8212069175329071,,
2021-03-27,48.2,37.2,66.2,18.3,29.9,0.0,0.9995940721069876,1.0161737304155902,,
2021-03-28,55.6,50.1,81.6,19.4,29.9,0.0,0.9995623582691572,0.7162026964390079,,
2021-03-29,58.7,50.5,74.4,17.0,30.1,0.0,0.9993697240788371,0.5863933380975428,,
2021-03-30,57.0,47.9,72.9,5.1,30.2,0.0,0.9977569478105256,0.7612535828526765,,
2021-03-31,59.2,49.2,70.4,5.5,30.0,0.0,0.9975219967712824,0.604617825147864,,
2021-04-01,50.1,43.7,78.5,12.3,30.2,0.0,0.9998786701362632,0.6056856259576617,,
2021-04-02,46.7,36.1,67.9,8.0,30.4,0.0,1.0007996093042577,0.5269957206048994,,
2021-04-03,48.0,37.9,68.8,6.8,30.4,0.0,1.0012044002996474,0.7351446188883544,,
2021-04-04,49.1,42.8,79.6,11.2,30.2,0.0,1.0007777373919025,0.8152361552956685,,
2021-04-05,44.3,27.0,52.8,17.9,30.0,0.0,0.9996248495275616,0.8155142830629394,,
2021-04-06,41.8,27.2,56.6,13.7,30.1,0.0,0.9996515411935936,0.8413340456168249,,
2021-04-07,43.4,28.4,56.1,11.1,30.1,0.0,0.9999696126167378,0.9281701082545224,,
2021-04-08,48.5,39.9,73.1,14.4,29.9,0.0,1.001835203776943,1.4342943986020062,,
2021-04-09,48.0,36.9,67.8,11.3,29.8,0.0,1.0016740201743812,0.8307394149242632,,
2021-04-10,41.9,34.3,75.3,7.3,29.9,0.0,1.0020135760459623,0.9934658903382172,,
2021-04-11,46.7,28.5,49.3,18.8,30.1,0.0,1.001276160781288,1.078043438850409,,
2021-04-12,45.7,30.4,58.9,7.4,30.3,0.0,1.0021274515851188,1.1338940066414347,,
2021-04-13,47.9,36.9,67.4,5.7,30.4,0.0,1.0004451986730465,1.0788574123460155,,
2021-04-14,49.4,39.0,64.2,5.0,30.4,0.0,1.0010578827218828,1.1075485459353078,,
2021-04-15,50.0,33.9,55.9,4.2,29.2,0.0,1.002765948988651,1.212617162003917,,
2021-04-16,51.4,35.7,56.9,5.4,30.4,0.0,1.0026948960865936,1.02811775801326,,
2021-04-17,52.0,38.0,62.2,4.8,30.3,0.0,1.0029127708405636,1.210367898565567,,
2021-04-18,57.2,39.1,52.4,4.5,30.2,0.0,1.0030512933536746,1.2625261861921433,,
2021-04-19,55.9,36.7,52.6,5.3,30.1,0.0,1.0025410075758705,1.0275137369771947,,
2021-04-20,56.3,43.5,63.5,8.3,30.0,0.0,1.0016496306691351,1.2068717261356414,,
2021-04-21,52.7,41.8,66.9,10.1,30.1,0.0,1.0023725519871836,1.0786690075488157,,
2021-04-22,50.6,33.8,56.7,6.5,30.2,0.0,1.0034283604848928,1.0288493750665768,,
2021-04-23,54.8,34.9,50.1,7.8,30.3,0.0,1.0030149980055632,1.0294500453019422,,
2021-04-24,55.5,37.6,52.6,9.1,30.3,0.0,1.0041669869571423,1.0572179504640071,,
2021-04-25,51.3,38.9,65.0,9.4,30.3,0.0,1.0034417443646888,1.1329915962307595,,
2021-04-26,51.1,38.7,64.9,5.2,30.1,0.0,1.0025026394028569,1.2341608982653574,,
2021-04-27,53.0,43.3,70.2,9.2,29.7,0.0,1.0021583906792784,1.0800079173657346,,
2021-04-28,49.7,39.1,68.2,13.5,29.7,0.0,1.0036030405043557,1.054309891609738,,
2021-05-01,48.2,38.6,71.6,6.6,30.0,0.0,1.002178510247292,0.976757135132844,,
2021-05-02,48.3,41.7,79.0,6.3,30.0,0.0,1.0021789913167127,1.1786253241402451,35.634370805951235,
2021-05-03,49.5,45.4,85.8,13.4,29.6,0.0,1.0016280784648501,1.1023536821486797,13.599379587537033,
2021-05-04,48.0,42.2,80.3,21.2,29.4,0.0,1.0013393262466443,1.1741341998732695,14.478358093863115,
2021-05-05,47.2,38.2,72.6,9.5,29.7,0.0,1.0013320712167646,1.075622889947611,5.9529261786006415,
2021-05-06,46.1,39.5,79.0,10.5,29.6,0.0,1.0020501885145556,1.2227625688718948,11.406103182974816,
2021-05-07,49.5,39.5,69.1,9.2,29.9,0.0,1.0020721484904034,1.0755206901748682,4.155309669756166,
2021-05-08,53.2,49.0,86.4,11.1,29.4,0.0,1.0020345612413244,1.1949808657572505,12.337585466029925,
2021-05-09,58.3,51.3,78.3,10.7,29.2,0.0,1.0016735344243668,1.1220617499911352,6.88745733195183,
2021-05-10,56.9,48.3,74.1,15.2,29.3,0.0,1.0019060942370501,1.098306434030483,5.149655718266617,
2021-05-11,53.6,46.6,78.0,8.3,29.6,0.0,1.0014905967193666,1.1900430730361915,7.701373328133902,
2021-05-12,54.0,47.0,78.9,5.7,29.6,0.0,1.0014342667769658,1.0724307273443563,4.402047611660422,
2021-05-13,54.7,49.4,82.4,7.6,29.7,0.0,1.0015934898861103,1.0718223317424371,4.1001210713221905,
2021-05-14,54.5,47.5,78.7,6.9,29.7,0.0,1.0015030185323346,1.0253656193913927,2.326000225321791,
2021-05-15,54.1,50.7,88.8,7.1,29.4,0.0,1.0018385248619983,1.0941290834169135,5.603860625925674,
2021-05-16,55.1,49.6,83.3,6.3,29.3,0.0,1.0014714342828024,1.0933151986140617,5.940096881021483,
2021-05-17,55.3,47.7,77.5,12.0,29.6,0.0,1.0015072115035706,1.0247531646824426,2.1934210872549658,
2021-05-18,56.1,45.3,69.0,7.1,29.8,0.0,1.0008419204452037,1.0910496237646752,5.1981853258326725,
2021-05-19,55.3,46.0,72.7,10.3,29.9,0.0,1.0018384414268875,1.0914755865459,5.4036328425316285,
2021-05-20,52.8,49.0,87.2,14.8,29.6,0.0,1.0018249412580251,1.0465550690129943,3.393741715255871,
2021-05-21,54.7,52.5,91.8,16.8,29.1,0.0,1.0016439498552192,1.0457287633252983,3.5376517556903693,
2021-05-22,51.6,43.4,74.4,11.0,29.5,0.0,1.0018189002033997,1.024353624292798,2.372154119108466,
2021-05-23,51.5,46.0,82.1,11.0,29.5,0.0,1.0016322000345101,1.215153102108311,10.851238848837431,
2021-05-24,52.6,45.6,78.0,9.8,29.5,0.0,1.001188734237956,1.1899817676941715,8.685501244239903,
2021-05-25,55.1,46.9,75.3,18.4,29.8,0.0,1.001205237760043,1.4105302220177036,13.219006615432164,
2021-05-26,54.8,48.0,78.8,9.6,29.9,0.0,1.0016014736449188,1.4609770414477816,11.658397154154219,
2021-05-27,58.6,48.5,71.5,5.6,30.0,0.0,1.0020145485033525,1.469718534676928,10.467083023776876,
2021-05-28,60.8,51.3,72.1,3.5,30.1,0.0,1.0014832226229908,1.4888689154783905,9.781424015802658,
2021-05-29,63.5,56.2,78.4,4.1,30.2,0.0,1.0017403462228482,1.3461118737187194,6.7085358162501745,
2021-05-30,64.3,51.2,66.1,6.0,30.2,0.0,1.0015686842847862,1.5404558406181563,9.02576477758168,
2021-05-31,61.2,52.2,74.3,8.4,30.1,0.0,1.0012512237347786,1.9198068305978897,11.859797472471685,
2021-06-01,68.9,54.8,62.2,8.2,29.9,0.0,1.0010831567710878,2.179688736362928,12.087215135225996,
2021-06-02,70.3,56.7,64.1,12.0,29.8,0.0,1.0010415071867502,1.9759195618141532,9.236473026470858,
2021-06-03,64.3,57.6,78.8,8.0,29.9,0.0,1.0015754942797042,1.7387262506845018,7.045015940123571,
2021-06-04,61.2,48.4,64.8,5.7,30.1,0.0,1.0019731636934406,1.6232142088312047,6.2262739095862765,
2021-06-05,64.6,52.4,66.3,5.2,30.1,0.0,1.0018464314497917,1.4822513868776308,5.285505052070835,
2021-06-06,65.1,53.4,67.6,6.8,30.2,0.0,1.0018205448074171,1.4602840274838835,5.432250487714279,
2021-06-07,64.9,54.7,70.2,5.5,30.1,0.0,1.001431831925222,1.5460172783694983,6.080215117307015,
2021-06-08,64.7,52.8,67.3,6.1,30.1,0.0,1.001131718270287,1.5147208381899466,6.2162391623497975,
2021-06-09,67.7,58.7,73.6,8.2,30.0,0.0,1.0018031023081904,1.2922200105621156,5.076582068304301,
2021-06-10,70.0,62.2,76.4,10.2,30.0,0.0,1.0020526551424511,1.1607127242024309,4.530223872266073,
2021-06-11,66.6,58.1,74.2,11.3,29.9,0.0,1.0014982178062577,1.120867407158714,4.583100817756085,
2021-06-12,63.4,50.9,64.5,10.1,30.2,0.0,1.001658367565336,1.1117598010964895,5.049156274427389,
2021-06-13,73.6,61.5,66.4,5.3,30.2,0.0,1.0016338225330332,1.1905024693767183,5.437694272243613,
2021-06-14,64.2,53.1,67.7,10.3,30.1,0.0,1.0015461574873723,1.2863832087855096,5.792419218339806,
2021-06-15,64.2,51.8,63.4,6.1,29.4,0.0,1.001164222926486,1.1993899923758935,5.119153115917655,
2021-06-16,67.3,57.9,72.2,8.2,29.7,0.0,1.0014914611534862,1.243143428336408,5.033953334556509,
2021-06-17,65.1,53.8,67.4,10.4,29.8,0.0,1.00219241734969,0.9554244328605442,3.3784914183823025,
2021-06-18,63.1,52.4,68.2,8.0,29.9,0.0,1.0021963887781695,0.9309074091614707,3.2365011368257783,
2021-06-19,63.4,53.8,71.0,8.2,29.9,0.0,1.0022127420777716,1.0041683016561558,3.860271599471772,
2021-06-20,61.3,52.6,73.2,8.1,29.8,0.0,1.0018720967664092,1.2136173822506091,5.1075684553834675,
2021-06-21,60.0,49.7,69.5,9.1,29.9,0.0,1.001652413704644,1.1099818293723367,4.588328119879668,
2021-06-22,60.6,46.6,61.9,7.0,30.1,0.0,1.0016032930644168,1.03382014851653,3.770699728306581,
2021-06-23,59.1,54.7,86.2,7.2,30.1,0.0,1.0017279908263843,1.091894019494243,4.713073243507031,
2021-06-24,64.4,60.8,88.8,9.7,30.1,0.0,1.0024962532968145,0.9142807338840736,3.0006135759826313,
2021-06-25,58.5,55.0,88.4,10.7,29.9,0.0,1.0026042021650818,0.8523515405570532,2.44723318151844,
2021-06-26,63.8,55.0,73.5,8.1,30.0,0.0,1.0027580562015346,0.9389651896174448,3.5300234414585634,
2021-06-27,66.2,58.3,76.7,9.8,30.0,0.0,1.002791312437865,0.9966624775411445,3.8604976889334615,
2021-06-28,66.1,59.3,79.2,6.3,29.9,0.0,1.0027196749895273,0.9292609124810508,3.400328237395396,
2021-06-29,70.5,62.4,77.3,6.8,29.9,0.0,1.0022534052960457,0.9346480198518671,3.2344827834504617,
2021-06-30,67.1,61.2,81.5,6.2,29.9,0.0,1.0023454259706166,0.8768415915869487,2.9309163958709727,
2021-07-01,66.8,62.2,84.2,7.6,30.0,0.0,1.0028703305703237,0.961934911920968,3.1894832512535585,
2021-07-02,69.7,62.1,76.7,5.8,29.9,0.0,1.0042683667511272,0.8165683163822894,1.9379532664467771,
2021-07-03,68.5,64.2,86.3,5.5,29.7,0.0,1.0044503157192584,0.942677293256522,2.7945236432629907,
2021-07-04,68.4,63.9,85.4,6.1,29.6,0.0,1.0045919840515931,0.9497405105495748,2.8935552848648816,
2021-07-05,66.6,59.4,79.0,6.8,29.5,0.0,1.004329308802992,0.9746582717227984,2.991818653582179,
2021-07-06,66.0,61.1,85.3,11.3,29.3,0.0,1.003644265941266,1.007116104248707,3.2945401505634875,
2021-07-07,68.7,63.4,83.9,7.8,29.7,0.0,1.0043068053129038,0.9102904298332302,2.166886225953844,
2021-07-08,68.8,61.3,77.8,7.3,30.0,0.0,1.006247501926916,0.9084292767932938,2.236874996598538,
2021-07-09,69.5,61.8,76.9,4.4,30.0,0.0,1.0059596964129671,0.9453845706280452,1.7316761995603571,
2021-07-10,69.9,63.8,81.5,4.9,29.9,0.0,1.0063096763045758,0.9504268955668579,2.1185716013087497,
2021-07-11,69.5,63.5,82.0,6.7,29.8,0.0,1.0060166638806476,1.0404519229419291,3.2527494281342757,
2021-07-12,67.1,65.0,93.3,5.0,29.8,0.0,1.0059161044057767,1.0192767527027895,2.961095325808425,
2021-07-13,70.8,64.5,81.6,9.5,29.9,0.0,1.0046608530676668,1.0018888066230691,3.2874336056055333,
2021-07-14,70.1,61.7,74.8,12.3,30.0,0.0,1.0054718638312978,1.0292204145960622,3.277316610104169,
2021-07-15,69.9,62.2,76.3,10.9,30.1,0.0,1.0079813279526928,1.005700283931874,2.8487891504606364,
2021-07-16,72.3,63.0,74.4,8.2,30.3,0.0,1.0079533881025875,0.9910337739268009,1.7038420414422162,
2021-07-17,76.1,65.8,72.6,6.6,30.3,0.0,1.0082663356072863,0.9651365207585404,1.1958886697594553,
2021-07-18,78.0,66.6,70.9,4.8,30.2,0.0,1.0085737633806542,1.001852400045837,2.1414314868536177,
2021-07-19,77.9,66.0,69.3,4.6,30.1,0.0,1.0077189097824644,1.0265606882855165,1.2585294132180227,
2021-07-20,75.5,62.7,68.6,6.1,30.0,0.0,1.0059418949156345,1.0203044917695137,1.0238016264805476,
2021-07-21,72.5,62.0,72.4,2.3,30.1,0.0,1.0067905951436715,1.030821718536236,0.3887288824585242,
2021-07-22,74.5,62.7,69.8,4.3,30.1,0.0,1.0110604117175888,1.0426749993656408,0.680191436777495,
2021-07-23,69.0,60.5,75.1,8.8,29.9,0.0,1.0119114026065876,1.0383269109143578,0.2969484893999026,
2021-07-24,64.6,53.9,68.6,9.5,29.8,0.0,1.0130592604908273,1.0355247501662088,0.023859457338098574,
2021-07-25,64.3,54.5,71.2,7.8,29.7,0.0,1.0127633598839414,1.0457636863529078,0.6978233697229217,
2021-07-26,66.5,58.3,76.1,7.7,29.7,0.0,1.0125537124021475,1.0499711937780345,0.9919575956977108,
2021-07-27,63.7,59.3,86.1,5.5,29.6,0.0,1.011661708147537,1.0408572045599576,0.5322524134138902,
2021-07-28,60.4,53.6,78.8,12.3,29.6,0.0,1.0129626263530054,1.0487084290410418,0.9063549739527352,
2021-07-29,60.5,53.0,76.0,15.2,29.6,0.0,1.0202013386265174,1.0495740619474476,0.3869225200616365,
2021-07-30,58.2,55.0,89.4,11.2,29.5,0.0,1.0195299176116723,1.0481407493464154,0.3749050757928054,
2021-07-31,61.3,55.1,81.7,11.9,29.7,0.0,1.0200009568244468,1.0272271145993002,0.4588029676491133,
2021-08-01,60.1,52.5,76.1,7.2,29.8,0.0,1.0200900329374791,1.0273438406263475,1.2252090933846256,
2021-08-02,59.7,51.5,74.7,6.1,29.9,0.0,1.0181997439653938,1.0247525410745535,0.742541279338228,
2021-08-03,60.8,51.0,72.3,4.6,29.8,0.0,1.0167426034317728,1.0227550723695125,1.1228637847937697,
2021-08-04,63.1,55.1,77.0,4.2,29.8,0.0,1.0176507899861695,1.0239936700498693,1.2339356847994143,
2021-08-05,61.6,56.4,83.6,10.0,29.5,0.0,1.0244883431118406,1.0333393707199654,1.1058900736054735,
2021-08-06,62.4,56.7,82.7,12.7,29.3,0.0,1.0256290293097554,1.0348911460498929,0.7120727394259727,
2021-08-07,59.6,55.8,87.4,11.7,29.2,0.0,1.02747400090964,1.03740435524379,0.8649423742729023,
2021-08-08,61.4,56.3,84.1,14.8,29.4,0.0,1.0234848244469574,1.0319445613758655,1.1995982697849568,
2021-08-09,62.1,53.9,75.2,8.0,29.7,0.0,1.0223265186071755,1.0303554585420749,1.4898994587849756,
2021-08-10,63.4,55.7,77.2,8.3,29.8,0.0,1.0194530878350745,1.0264246759541729,1.7410068996367842,
2021-08-11,62.2,57.1,83.4,8.9,29.9,0.0,1.0211225708640936,1.0287000394441743,1.6957643230680768,
2021-08-12,62.0,52.4,72.4,10.3,29.9,0.0,1.0310500474743731,1.042248205340052,1.286161744136783,
2021-08-13,63.5,52.5,67.8,14.0,29.9,0.0,1.0327864436459602,1.04460645307916,1.3031182981460196,
2021-08-14,61.2,55.3,82.2,6.7,30.0,0.0,1.0380804540530122,1.0518162626283922,1.0770795302785725,
2021-08-15,61.9,56.1,82.1,9.6,29.8,0.0,1.0428259535610338,1.058270876040708,1.9605781161578333,
2021-08-16,59.6,52.5,76.8,18.1,29.9,0.0,1.0374969828876857,1.050985134807498,1.6149649202911256,
2021-08-17,60.3,56.7,89.1,19.4,30.0,0.0,1.025139013409714,1.0341250881310682,2.0333675211604993,
2021-08-18,60.0,55.9,87.9,15.2,29.9,0.0,1.0229536258034766,1.031139522950255,1.8076391092166308,
2021-08-19,61.3,57.4,87.5,6.0,29.8,0.0,1.0298736140771974,1.040562703231959,1.1458582041215497,
2021-08-20,64.6,59.6,84.2,5.3,29.9,0.0,1.0248295640077707,1.0336816423894863,1.0902552432310026,
2021-08-21,63.0,60.4,91.3,5.6,29.9,0.0,1.0216661488492842,1.0293661409223644,1.6255320790486143,
2021-08-22,63.0,57.9,84.3,10.4,30.0,0.0,1.018006079886136,1.0243764231355903,1.4228793719339619,
2021-08-23,65.8,57.1,75.5,6.8,30.3,0.0,1.015406837990091,1.0208333751603156,1.6617883805622986,
2021-08-24,63.4,56.0,77.9,5.8,30.4,0.0,1.0125181554124378,1.0168974446742651,1.6643784068102032,
2021-08-25,62.0,55.8,81.3,6.6,30.2,0.0,1.0120750034053845,1.0162924052462536,2.0624792748887595,
2021-08-26,64.2,54.5,73.1,6.6,30.1,0.0,1.016776823857117,1.0226918323935803,1.6706337599700904,
2021-08-27,58.2,48.6,71.5,5.9,30.2,0.0,1.0165682607948758,1.0224049631539895,1.4834133648467365,
2021-08-28,59.9,51.4,74.2,7.3,30.3,0.0,1.016689756507593,1.0225674224259098,0.877806691635957,
2021-08-29,60.7,52.3,74.8,9.0,30.2,0.0,1.015630989972829,1.0211237195152607,1.6148691095753689,
2021-08-30,60.4,50.9,70.7,9.2,30.3,0.0,1.0124185745340324,1.0167500641311615,2.957966551465278,
2021-09-01,58.5,51.4,77.3,8.7,30.4,0.0,1.0105859059070432,1.0142537840938648,2.377400022281656,
2021-09-02,60.8,52.3,73.2,9.2,30.3,0.0,1.0161996238756288,1.0218893072394584,2.0519790618973204,
2021-09-03,59.7,52.6,77.0,10.2,30.1,0.0,1.0164640964873402,1.0222463281552479,1.4334948234004377,
2021-09-04,59.9,52.7,77.1,7.1,30.0,0.0,1.0174455890583711,1.023578333392262,1.5573337486500205,
2021-09-05,63.8,55.8,76.9,5.9,30.0,0.0,1.0162249576458595,1.0219154578465652,2.395804475110633,
2021-09-06,66.2,60.1,81.4,4.7,30.1,0.0,1.0142426233215174,1.0192175405274368,1.402584993461414,
2021-09-07,69.3,60.8,76.8,4.9,30.0,0.0,1.0107999071753395,1.0145349660731708,1.576291685968242,
2021-09-08,71.5,58.6,66.0,8.4,29.8,0.0,1.0114272363560592,1.015386643295533,1.3691527853972203,
2021-09-09,66.0,62.7,88.9,4.5,29.6,0.0,1.0165959333559682,1.0224111292444704,1.1220931950946151,
2021-09-10,65.3,62.3,89.4,5.5,29.7,0.0,1.0161142047805989,1.0217536798261666,0.8653342786250756,
2021-09-11,63.6,57.9,81.8,11.9,29.9,0.0,1.0166360776432322,1.0224602920448818,0.5103421831852752,
2021-09-12,58.5,55.2,89.3,5.0,30.0,0.0,1.0152236094775675,1.0205383561674142,1.622733872486021,
2021-09-13,59.2,54.8,85.8,8.7,30.0,0.0,1.013492007509558,1.0181834581324898,0.7653143185680105,
2021-09-14,60.0,55.1,84.5,7.9,29.8,0.0,1.011330516543331,1.01524519687911,1.6786832562218938,
2021-09-15,60.4,54.1,81.4,4.9,29.9,0.0,1.0114888568513252,1.0159685433460706,1.3507771873345498,
2021-09-16,62.9,56.6,81.3,5.3,29.9,0.0,1.0174546239912081,1.0235608165465055,0.8433472360553579,
2021-09-17,61.9,54.5,77.5,8.5,29.8,0.0,1.0168403497927545,1.0227236580418115,0.7595572463717715,
2021-09-18,64.9,57.2,77.2,4.8,29.8,0.0,1.017436696521653,1.0235307085493497,1.282519830440946,
2021-09-19,59.7,54.2,82.0,8.0,29.9,0.0,1.0154809621349694,1.0208724346590787,1.7998926077255004,
2021-09-20,58.4,52.5,81.7,7.5,30.2,0.0,1.0129888166776668,1.0174867505153415,1.5366077688750428,
2021-09-21,60.9,55.1,82.3,7.6,30.3,0.0,1.0113975723908455,1.015324977390002,1.501851378066547,
2021-09-22,59.3,54.0,82.9,8.5,30.2,0.0,1.010795972452557,1.0145071181372871,1.4592620268470862,
2021-09-23,61.1,54.7,79.8,14.6,30.0,0.0,1.015786151060291,1.0212792798268873,1.4203679957697797,
2021-09-24,63.2,58.1,83.0,10.7,29.9,0.0,1.0142113030562356,1.0191396732038551,0.9300288226756556,
2021-09-25,65.4,61.6,87.2,4.7,29.8,0.0,1.014431528256325,1.0194366481038508,1.1106927852887571,
2021-09-26,63.6,57.3,80.9,11.0,29.7,0.0,1.012973493344472,1.0174563309957312,1.590041060623407,
2021-09-27,57.4,40.8,65.3,16.4,29.6,0.0,1.01149990571069,1.0154554273807042,1.3069936462144955,
2021-09-28,44.4,28.6,49.3,12.5,29.8,0.0,1.0090470650635288,1.0121263862666514,1.413631958309578,
2021-09-29,47.9,27.4,45.0,17.2,30.0,0.0,1.0083284130510262,1.0111506732167244,1.4488027350683657,
2021-09-30,55.8,52.8,90.5,14.7,29.8,0.0,1.0122606827768208,1.0164844447572892,1.1686048821284871,
2021-10-01,55.6,48.2,76.5,16.6,29.6,0.0,1.0171637366718576,1.023133456498864,0.9590202546281442,
2021-10-02,51.6,48.6,89.7,12.1,29.3,0.0,1.0158578229653452,1.021359724959427,1.397258673376391,
2021-10-03,52.7,47.1,81.7,14.7,29.2,0.0,1.0150450966295483,1.0202553534312275,2.0261802671754863,
2021-10-04,53.1,49.3,87.8,10.6,29.5,0.0,1.013091551867477,1.0176044205589263,1.5563340756688069,
2021-10-05,54.3,48.8,82.9,18.3,29.4,0.0,1.0103624390179509,1.0139025676115314,1.5407703507519488,
2021-10-06,56.3,48.3,75.0,11.5,30.0,0.0,1.0101576511723116,1.013623970474245,1.9521574884119652,
2021-10-07,62.3,58.1,86.4,9.3,30.1,0.0,1.0155653207305884,1.0209540739942329,1.5425743902518767,
2021-10-08,60.5,56.4,87.0,6.8,30.3,0.0,1.0124103252434964,1.01667530775647,1.3304216896072103,
2021-10-09,58.8,56.2,92.2,4.2,30.3,0.0,1.0113188802078732,1.015194574892871,1.62769822972883,
2021-10-10,56.7,50.6,80.8,9.5,30.3,0.0,1.0100576747104202,1.0134840755805583,2.1295732927589395,
2021-10-11,55.8,48.7,77.8,10.3,30.3,0.0,1.008748626870719,1.0117090591740858,2.15730493029856,
2021-10-12,57.3,53.4,87.2,11.4,30.2,0.0,1.0065794913454005,1.0087686881738946,1.698881455661303,
2021-10-13,56.1,53.8,91.3,8.0,30.2,0.0,1.0070105857262597,1.009352546496879,1.8162671262056709,
2021-10-14,56.4,51.0,82.2,9.8,30.1,0.0,1.012123268865074,1.016280311654417,1.364493257388603,
2021-10-15,50.9,43.3,75.3,7.6,30.0,0.0,1.0092271669501058,1.012354914494648,1.1284046611413472,
2021-10-16,51.6,47.0,84.4,6.8,30.0,0.0,1.0095284860174176,1.0127624538273423,1.4619936881865458,
2021-10-17,57.4,53.9,88.7,11.3,29.8,0.0,1.0090346214606634,1.01209258071306,2.052103582934659,
2021-10-18,57.6,55.1,91.6,8.0,29.8,0.0,1.008717375280793,1.0116620996470185,1.348836237412446,
2021-10-19,61.9,58.5,89.2,11.7,29.6,0.0,1.0088748649004986,1.0118748116623983,1.754760032686311,
2021-10-20,53.7,49.8,86.2,8.4,29.3,0.0,1.0110710531312188,1.0148490932595269,1.3726958095496198,
2021-10-21,49.1,39.1,69.2,15.6,29.7,0.0,1.0145231338774767,1.019523728402223,0.9932981003365776,
2021-10-22,51.4,45.8,82.5,15.6,30.0,0.0,1.013942917686503,1.0192440317389524,0.669038381406397,
2021-10-23,52.4,45.4,78.1,13.0,30.1,0.0,1.0125636184995743,1.017473004237141,0.9419691469427331,
2021-10-24,54.4,48.2,80.3,13.7,29.8,0.0,1.012312675745823,1.017155884660096,0.989101357040758,
2021-10-25,52.2,47.1,83.7,9.6,29.8,0.0,1.0111958838193655,1.0150117763319768,0.9880566032794862,
2021-10-26,56.4,50.5,81.5,13.2,29.8,0.0,1.0099185219672746,1.013281312162179,0.9594841461608106,
2021-10-27,61.8,53.4,74.1,19.8,29.7,0.0,1.0123947584221575,1.0166328688867212,1.0536478857488227,
2021-10-28,58.5,53.1,82.0,17.5,29.5,0.0,1.0161186483468987,1.0216724770870411,1.0753463423553629,
2021-10-29,53.8,49.9,86.5,13.4,29.2,0.0,1.0134189395415525,1.0180162377175297,0.6280851749893732,
2021-10-30,51.2,45.5,81.5,11.8,29.2,0.0,1.0126466948422903,1.0169695838153292,0.7101459869360323,
2021-10-31,50.1,46.0,86.0,15.9,29.0,0.0,1.011759430467228,1.015767510509233,1.3030416377096852,
2021-11-01,48.9,44.5,83.8,19.1,29.1,0.0,1.0098183289777405,1.013139558456274,1.1980615096088547,
2021-11-02,46.3,42.7,87.0,5.7,29.4,0.0,1.0092869100610844,1.0129421824765792,0.7480369891563553,
2021-11-03,46.9,42.1,83.3,7.8,29.6,0.0,1.011958092883407,1.0164771923970803,0.5515323452420573,
2021-11-04,44.5,35.8,71.3,8.5,30.0,0.0,1.0164753079623683,1.0225145610859174,0.35737099381517623,
2021-11-05,45.5,43.3,92.6,6.7,30.2,0.0,1.0140831059292412,1.0192486415041255,0.31600247785428315,
2021-11-06,53.2,47.4,81.8,16.6,30.0,0.0,1.0144435415058208,1.019843006942653,0.6814648022089063,
2021-11-07,52.1,42.0,69.0,20.4,30.0,0.0,1.0137313502426528,1.0190452956318938,1.2266223528660272,
2021-11-08,51.4,47.2,85.2,7.4,30.0,0.0,1.0123753104085291,1.0172350037241271,1.3138085692914316,
2021-11-09,56.3,52.1,85.6,8.3,30.0,0.0,1.0110983043494028,1.0154968402155522,1.306128213884698,
2021-11-10,51.6,49.7,94.4,2.9,30.1,0.0,1.013839232845891,1.0185673804027222,1.279804608752929,
2021-11-11,51.1,48.9,93.2,7.0,30.0,0.0,1.0188135948877821,1.025878651912213,1.2180707463959228,
2021-11-12,54.0,48.9,83.6,18.8,29.6,0.0,1.0177935485597551,1.0243660699518593,0.8291445114270197,
2021-11-13,53.5,48.5,84.3,11.8,29.9,0.0,1.0174558162046172,1.0241590851091489,1.5930276998404649,
2021-11-14,46.2,44.3,93.5,3.3,30.2,0.0,1.0161048144554878,1.0225845857363016,2.3028081368276783,
2021-11-15,49.1,47.3,94.2,4.8,30.2,0.0,1.014814410238576,1.0206740099446254,1.8097200444303247,
2021-11-16,50.5,48.3,93.5,7.3,30.0,0.0,1.012618745015924,1.0169065858557689,2.0407705697026755,
2021-11-17,50.8,44.4,78.2,14.1,30.1,0.0,1.015154315403119,1.0203317030584418,1.7363868886452436,
2021-11-18,54.8,50.0,84.1,9.4,30.2,0.0,1.0209209131158108,1.0281213437391046,1.6739507801599143,
2021-11-19,54.1,49.1,83.7,8.5,30.3,0.0,1.018308763000459,1.0245891792952715,1.1240583205010424,
2021-11-20,51.1,44.9,79.4,10.4,30.1,0.0,1.0174087871470223,1.0233709523757906,1.3819402024495993,
2021-11-21,43.2,34.6,72.0,9.1,30.1,0.0,1.014977008093905,1.02008403541833,1.6788380793289153,
2021-11-22,41.5,36.1,81.6,6.0,30.4,0.0,1.013251573738353,1.0177519328548372,1.8076097027838,
2021-11-23,46.9,43.6,88.1,6.5,30.4,0.0,1.0101689288109197,1.0135872867507718,1.6535205102451862,
2021-11-24,46.5,40.9,80.2,9.0,30.1,0.0,1.0106516997625248,1.0142385303461237,1.5624142925988382,
2021-11-25,42.1,34.4,74.6,8.6,30.0,0.0,1.0152372881771334,1.020430121254715,1.4978350658548716,
2021-11-26,45.4,37.0,73.7,24.1,29.3,0.0,1.0125203401248035,1.0167597848516248,0.8016970214571717,
2021-11-27,39.2,25.0,57.4,25.2,29.5,0.0,1.012957164341957,1.0173484555870436,1.2314310716109735,64.30696428083445
2021-11-28,34.0,27.2,77.9,6.1,29.7,0.0,1.0116505290316231,1.0155831340090868,1.6675420564699075,36.43073756679138
2021-11-29,35.8,34.1,93.5,7.5,29.8,0.0,1.0117896625766227,1.0157699994494818,1.7306562811354582,1.0033314265131696
2021-11-30,50.6,47.8,91.3,18.8,29.6,0.0,1.0090637318783098,1.0120890667243696,1.7478671657034317,1.0025472119870436
2021-12-01,44.1,38.7,80.6,17.7,29.4,0.0,1.0089768874865859,1.011971254646542,1.5798638543429897,1.0025224632938574
2021-12-02,38.9,29.0,67.9,9.4,29.8,0.0,1.0130476559858324,1.0174655689202636,1.5199785989814,1.0036947002729235
2021-12-03,43.6,41.2,90.7,8.2,29.5,0.0,1.0104263175129795,1.0139262528651478,0.8520119550122243,1.0029404103791524
2021-12-04,44.2,38.8,82.3,22.7,29.3,0.0,1.0094955280464142,1.0126692178262948,1.4333488319069951,1.002672701069336
2021-12-05,42.4,35.5,76.3,14.0,29.7,0.0,1.008820757562069,1.0117578997412324,2.1204534706739353,28.286684476214443
2021-12-06,40.5,36.7,85.9,14.8,29.6,0.0,1.0072558493961767,1.0096453868675666,1.6969412938759434,18.472510398339434
2021-12-07,41.9,36.3,80.8,19.0,29.1,0.0,1.006121357989041,1.0081139717022076,1.5675663840943659,1.0017015515491567
2021-12-08,43.4,39.6,87.5,25.6,28.9,0.0,1.0074846156141513,1.0099534456350416,1.5285959666023907,1.0020943448958304
2021-12-09,44.7,40.6,86.3,15.0,29.3,0.0,1.012281352011981,1.0164258328686946,1.3036065685130729,1.0034764023820586
2021-12-10,43.7,37.2,78.9,14.8,29.4,0.0,1.0116124749261997,1.015522273452215,1.182666913181052,12.874488100790524
2021-12-11,45.7,43.2,91.2,9.1,29.8,0.0,1.012082001773593,1.0161548351885124,1.0147123631180313,10.47236526692835
2021-12-12,53.1,50.4,91.4,9.9,29.8,0.0,1.0112076172429112,1.0149741683059137,2.1320246662874953,1.0031682692978967
2021-12-13,47.7,45.9,92.9,5.2,30.0,0.0,1.0102014014674392,1.013615853906028,1.9175609835147356,1.002878613170896
2021-12-14,44.2,43.0,95.8,3.8,30.1,0.0,1.0086947836231168,1.0115826945381592,2.4317892985015566,1.0024446208641158
2021-12-15,48.5,44.6,86.1,7.2,30.3,0.0,1.0097950222062075,1.013066362000329,1.796289136073248,1.0027620268222703
2021-12-16,45.0,43.0,93.0,2.6,30.5,0.0,1.0142503938635392,1.0190753538390394,1.676339830639776,1.0040469400589414
2021-12-17,46.3,42.7,86.8,4.4,30.7,0.0,1.0127569687738915,1.0170597384343598,1.8789466325728632,1.0036168614623897
2021-12-18,42.7,41.4,95.5,8.2,30.6,0.0,1.0133871527961391,1.0179085373882797,1.8234840067121718,1.0037990991348973
2021-12-19,37.6,37.3,98.4,5.7,30.5,0.0,1.0124426064091565,1.0166335484588962,3.0111407747460515,1.0035271630879403
2021-12-20,40.7,38.0,90.6,6.5,30.3,0.0,1.011010249645434,1.01470098470833,3.2200470785016657,1.0031143966873328
2021-12-21,39.6,33.4,77.7,9.3,30.2,0.0,1.0097085926055187,1.0129449724965989,4.234787055311863,1.0027392033243363
2021-12-22,37.8,34.2,86.4,10.1,29.9,0.0,1.0107209467924467,1.0143093845506257,4.01470284558345,1.0030315806852417
2021-12-23,44.9,42.9,92.3,7.0,29.6,0.0,1.0150934653698196,1.0202039492442767,3.0545518632264512,1.0042937710875797
2021-12-24,45.2,43.5,93.1,9.1,29.5,0.0,1.0135009977308511,1.0180555550206565,1.1276733295986023,66.8532280429372
2021-12-25,41.3,37.6,86.4,19.0,29.5,0.0,1.0136043074798484,1.0181936208524591,2.8715276109364405,45.3935595518194
2021-12-26,41.1,39.7,94.9,7.7,29.4,0.0,1.0120675567982371,1.0161208857864938,4.703380718456528,35.79279481126799
2021-12-27,45.3,44.0,94.2,8.9,29.1,0.0,1.0107272034346726,1.014313238903501,4.879743393893918,25.654602823086115
2021-12-28,46.5,45.3,95.2,8.8,29.2,0.0,1.0091527742251192,1.0121903604558076,5.316431822625535,21.363069840889477
2021-12-29,49.5,45.1,85.2,11.0,29.4,0.0,1.0110941093715922,1.014806378168227,4.786251002223209,16.493645836279562
2021-12-30,55.8,53.2,90.0,13.3,29.6,0.0,1.0162610484479937,1.0217690286349794,2.953957685086237,24.262077757580386
2021-12-31,56.4,51.2,82.0,16.8,29.8,0.0,1.0165330133885735,1.0221338005177576,1.5035021182345911,20.695962885851763
2022-01-03,49.1,41.5,74.8,15.2,29.5,0.0,1.0122683121222829,1.0163830978143584,3.6740684937008634,25.34344510211844
2022-01-04,40.1,31.9,73.1,13.9,29.5,0.0,1.0098142004508828,1.0130758775894693,2.004946837219053,16.850705447615724
2022-01-05,40.6,31.9,71.9,12.4,29.8,0.0,1.0111367281686046,1.0148569603421993,0.8507290810174162,11.311519158660856
2022-01-06,38.5,34.2,84.6,14.2,29.8,0.0,1.0167181142842578,1.0223746792878896,-0.3630707314911741,9.555886358636343
2022-01-07,39.5,33.4,78.3,16.0,29.6,0.0,1.0159460070805295,1.0213329451859148,-0.9247271801656304,8.492789154832595
2022-01-08,43.3,39.5,86.5,16.3,29.4,0.0,1.0164921355910232,1.0220668947946845,-1.0913220674621713,9.61504597824092
2022-01-09,42.0,36.9,82.5,13.6,29.4,0.0,1.0157602151854757,1.0210795017016308,-0.7139597822403765,14.939591960323016
2022-01-10,45.3,42.4,89.3,8.3,29.9,0.0,1.0144607439042848,1.0193280400472575,-1.2575094706655412,11.409752713831857
2022-01-11,44.4,42.6,92.5,4.5,30.3,0.0,1.0136764845443582,1.0182706961814223,-1.6815221069820463,9.251853114979117
2022-01-12,39.5,37.0,91.4,3.6,30.6,0.0,1.0145049791537752,1.0193851014554798,-1.7986411458157714,9.360982889244529
2022-01-13,39.8,37.4,91.5,3.5,30.6,0.0,1.0259151597104683,1.0347454995895145,-1.8826843500627959,8.281955438506781
2022-01-14,37.8,35.7,92.4,3.8,30.5,0.0,1.0303740582077836,1.0407433217008721,-2.077810913379787,5.956511559926051
2022-01-15,37.9,35.5,91.4,5.0,30.1,0.0,1.033703397469384,1.0452184320108882,-1.791971227750944,8.964207936973528
2022-01-16,43.5,38.8,84.3,8.4,30.2,0.0,1.0313387603633393,1.0420297061143542,-1.5959434175041547,10.734818659380718
2022-01-17,43.4,38.3,83.1,6.3,30.5,0.0,1.0272441194044075,1.0365146424270024,-1.6359528663495084,8.531951371422952
2022-01-18,36.3,34.5,93.7,5.2,30.5,0.0,1.0254932235830692,1.034154707047139,-1.6201880463011562,7.752061139355103
2022-01-19,44.5,39.0,81.8,13.6,30.2,0.0,1.0250898245489302,1.03360825044456,-1.6962554410795103,5.57008519629939
2022-01-20,39.0,30.7,73.2,7.8,30.5,0.0,1.0381005496447189,1.0511038817069225,-1.5014431963674348,4.651451410581668
2022-01-21,41.1,35.6,82.7,9.0,30.6,0.0,1.042134002786763,1.0565192143867248,-1.3603118578343425,3.8554954024872785
2022-01-22,44.9,39.2,81.7,8.9,30.5,0.0,1.043672858301394,1.0585779850147443,-1.0918811964057562,4.431673557379037
2022-01-23,41.9,37.6,85.6,7.4,30.4,0.0,1.0424546741275478,1.056929870753549,-0.8887101641699058,6.602297491559251
2022-01-24,36.5,33.3,88.0,6.9,30.4,0.0,1.0357136381876941,1.047860150757867,-0.7242123307402886,5.2181548071416275
2022-01-25,37.2,33.3,86.0,4.1,30.4,0.0,1.017099062424946,1.0228367686998892,-0.6384467727576872,3.688123698117736
2022-01-26,43.7,38.2,80.6,9.1,30.3,0.0,1.0292391370139748,1.0391497233511329,-0.4647824412375294,2.744854578433708
2022-01-27,48.0,44.3,87.1,14.8,30.2,0.0,1.0464846102153749,1.0623151368314667,-0.3150105373377288,1.6602004820951954
2022-01-28,44.9,41.8,89.1,7.5,30.4,0.0,1.049974551812186,1.0669912987205077,-0.14407159089224694,0.030195392505982462
2022-01-29,50.3,42.5,74.9,19.4,30.2,0.0,1.0667845363872055,1.0895510945656723,0.06213452055049895,1.6391589132859161
2022-01-30,44.1,37.1,76.5,13.0,30.3,0.0,1.054004499303779,1.0723715044359836,0.2419872825984417,2.3736153564522646
2022-01-31,45.0,37.4,75.3,21.4,30.1,0.0,1.0418372390779609,1.056024416791313,0.2824662657488504,1.6496010454791947
2022-02-01,50.8,46.5,86.5,28.8,30.0,0.0,1.0250812274901464,1.033524796196698,0.4050704465380999,1.112740140040292
2022-02-02,50.1,45.9,85.9,15.8,30.0,0.0,1.0394453636834116,1.0528004700977365,0.5392187044346501,0.2465274555925552
2022-02-03,48.7,42.9,77.8,12.9,29.1,0.0,1.051683217256587,1.0692139328663768,0.6034280745796474,-1.4100475568832025
2022-02-04,42.3,36.9,81.5,20.1,29.7,0.0,1.0619453033833868,1.0829674070734587,0.7203593426406021,-1.7935338928935003
2022-02-05,45.6,39.9,79.9,20.2,29.8,0.0,1.0460590024156338,1.061642448476619,0.7497461953760574,-0.97155082860383
2022-02-06,45.9,39.4,78.1,25.9,29.6,0.0,1.035570732518044,1.0475665420194444,0.8073928120210041,0.30392182619328645
2022-02-07,46.0,40.5,81.2,10.4,30.1,0.0,1.0225560429145335,1.03010716821798,0.8495098460029411,-0.40532111842756025
2022-02-08,53.1,46.7,80.5,21.4,30.1,0.0,1.0162314472578535,1.0216232435099781,0.9085511007248226,-0.7682537133379792
2022-02-09,47.2,41.1,80.0,12.4,30.1,0.0,1.0161722037309295,1.0215426084552677,0.9234279257619636,-2.2673225545709976
2022-02-10,42.6,34.6,73.4,17.6,30.1,0.0,1.0244601920129486,1.0326547607351098,0.9459518077394776,-3.227242082077657
2022-02-11,42.0,35.8,79.1,10.1,30.3,0.0,1.0202298307233444,1.0269801467051098,1.015066557119351,-2.9953998288644113
2022-02-12,44.9,39.5,81.0,17.9,29.8,0.0,1.0177600997852114,1.0236671406386666,1.036301958993851,-2.742748305942152
2022-02-13,47.5,45.0,90.0,14.9,29.3,0.0,1.0158602877487153,1.0211187695551167,1.0321121786496363,-1.1955016487066108
2022-02-14,44.7,40.8,86.5,17.0,29.3,0.0,1.0129689799608832,1.017241582973952,1.0263226699771164,-1.1438650458340482
2022-02-15,44.7,39.0,80.5,13.6,29.5,0.0,1.0108903258978112,1.0144542836210608,1.022160996249758,-2.6992957599246554
2022-02-16,52.5,45.5,78.2,27.6,29.1,0.0,1.015479167813062,1.0206051391188804,1.0313378369911246,-1.8930844384294996
2022-02-17,45.0,37.2,75.1,20.9,29.6,0.0,1.0224522777998362,1.0299507632507483,1.0452780073983354,-2.3435115734181338
2022-02-18,42.8,36.9,80.3,25.6,29.2,0.0,1.0194823199791525,1.0259680315782718,1.0393306789569998,-2.5993299430606243
2022-02-19,39.5,35.0,83.7,15.7,29.6,0.0,1.0181283189428272,1.0241517608967978,1.0366169052295495,-2.387066879774216
2022-02-20,48.5,42.9,82.0,31.0,29.3,0.0,1.015745974503367,1.0209576733790489,1.0318491209052316,-1.478584371088218
2022-02-21,45.8,38.5,75.7,29.9,29.6,0.0,1.0126032896002908,1.0167451087035029,1.0255637637327235,-1.959049544119592
2022-02-22,47.3,41.4,80.5,18.5,29.9,0.0,1.010864892140601,1.0144148711140837,1.022086849808394,-1.103096827186051
2022-02-23,47.5,38.9,72.4,18.6,29.9,0.0,1.0159281792113566,1.0211992264219358,1.0322018086392066,-1.5025048859048111
2022-02-24,41.5,33.3,73.5,20.3,29.6,0.0,1.0201405499596885,1.0268423256124928,1.040612062835726,-1.9762266565453557
2022-02-25,44.7,37.5,76.5,16.6,30.1,0.0,1.017984751521336,1.0239522745428966,1.0362989761824242,-1.08113635802206
2022-02-26,43.6,36.3,76.1,12.8,30.2,0.0,1.0162678406093322,1.0216507027409236,1.0328644458920857,0.4787205272427906
2022-02-27,43.3,34.7,71.6,12.9,30.0,0.0,1.0130316193023572,1.0173140389604975,1.0263976164561606,3.1123627498226014
2022-02-28,45.9,42.9,89.0,10.7,30.0,0.0,1.0113857948691083,1.0151084859432653,1.023108457510484,1.8142236966979213
2022-03-01,42.7,36.2,78.3,9.3,30.3,0.0,1.0089155130097431,1.0117986739957676,1.018174200691151,2.7453863973553645
2022-03-02,44.8,41.4,88.2,13.0,30.0,0.0,1.0121346285270965,1.0161106831259157,1.0245992825419534,3.1166633375398707
2022-03-03,45.1,42.5,90.8,7.7,29.9,0.0,1.0148037953750897,1.019685507340816,1.0299244084462995,3.640584183052965
2022-03-04,44.2,38.4,81.3,10.5,30.0,0.0,1.0124860337232005,1.016580064385359,1.0252948669276152,2.7734374604615795
2022-03-05,43.1,32.6,67.6,10.6,30.3,0.0,1.0113636342592047,1.0150760676274804,1.0230522898596917,3.946774578220636
2022-03-06,40.9,32.1,71.8,9.3,30.4,0.0,1.0096696311261983,1.0128066178571036,1.0196697604347311,7.084023654922577
2022-03-07,39.1,31.9,76.3,9.9,30.2,0.0,1.0076312991771448,1.0100761694739684,1.0156009847554963,6.455993772471698
2022-03-08,43.1,33.3,69.2,15.0,29.8,0.0,1.0050869149030983,1.0066681017453714,1.0105232115797114,6.53302353901649
2022-03-09,49.2,41.3,75.3,15.6,29.8,0.0,1.0067917570472125,1.0089513697992274,1.0139243175783652,7.1939200539009125
2022-03-10,51.0,43.8,75.8,12.5,29.8,0.0,1.0103861632603093,1.013765154877475,1.0210944063745306,6.2150608245352945
2022-03-11,50.2,45.6,84.3,14.1,29.4,0.0,1.0084929615556664,1.0112292723624394,1.0173160131453696,4.972329109060479
2022-03-12,49.3,40.9,73.3,15.6,29.5,0.0,1.0075675473843744,1.009989657714408,1.0154688723524574,6.5408042885995625
2022-03-13,48.8,41.8,76.8,16.5,29.5,0.0,1.0053192053900473,1.0069784462489435,1.0109833151567795,7.474240097231406
2022-03-14,45.6,37.6,75.6,9.3,30.0,0.0,1.0042605357828964,1.0055605721112326,1.0088712386536085,6.795569784949025
2022-03-15,46.2,38.8,75.3,8.5,30.0,0.0,1.0029211227011892,1.0037667752860813,1.006199404427935,6.509853730744262
2022-03-16,46.5,41.7,83.2,8.5,30.0,0.0,1.00350886458601,1.0045538396755638,1.0073715427405736,4.582612621749214
2022-03-17,46.5,40.1,78.8,11.1,30.3,0.0,1.0054022256406256,1.0070893089798878,1.01114752074802,4.175430471322957
2022-03-18,48.0,42.1,81.8,7.4,30.7,0.0,1.0053462221675789,1.0070142040515373,1.0110353579704692,2.0312471738570057
2022-03-19,49.5,37.7,66.4,12.9,30.6,0.0,1.0050973299013015,1.0066808029964749,1.0105385485576328,3.9904265784811264
2022-03-20,44.6,34.0,67.2,10.5,30.3,0.0,1.0041992800967452,1.0054781309399248,1.008747280858263,8.046561272437811
2022-03-21,43.5,35.4,73.8,6.2,30.2,0.0,1.0024744893227209,1.0031684141347978,1.0053075471940414,4.515158246746762
2022-03-22,52.7,42.3,69.7,7.1,30.2,0.0,1.0026251454382675,1.0033701354559863,1.005607883249206,3.0262703076153987
2022-03-23,52.9,40.8,66.7,5.7,30.3,0.0,1.0028451722300238,1.003664744992881,1.0060465294993506,2.925396075435545
2022-03-24,52.3,39.0,64.2,3.8,30.3,0.0,1.0043565273061792,1.0056885123949415,1.0090600369704144,1.0607912380880684
2022-03-25,53.1,38.2,60.8,4.2,30.4,0.0,1.0034012134220602,1.0044092387897612,1.0071549274367493,0.2427855256687785
2022-03-26,53.1,40.6,64.3,4.9,30.4,0.0,1.0028682695531193,1.0036955678306059,1.006092123874776,0.5216847785141598
2022-03-27,48.0,42.3,80.0,5.7,30.5,0.0,1.0015107407400758,1.0018777659198934,1.003385270010543,3.2820082120091665
2022-03-28,53.3,45.4,75.7,5.5,30.1,0.0,1.0014929996502575,1.0018540032897143,1.0033498672108947,1.864939686877512
2022-03-29,49.5,43.6,81.0,5.9,29.8,0.0,1.001148979748857,1.0013933444495586,1.0033563261583902,1.455342481474346
2022-03-30,42.0,37.6,84.8,10.3,29.7,0.0,1.0023678136574343,1.0030253848228088,1.0050940122816865,-1.5009135639964843
2022-03-31,38.3,28.6,70.7,12.8,29.9,0.0,1.0041466593541768,1.005407240866893,1.0086404508624944,-2.1506161504608583
2022-04-01,40.3,29.5,67.2,11.9,30.1,0.0,1.0043765131945483,1.0057149479103669,1.009421095930128,-3.0073138358820737
2022-04-02,41.9,31.8,68.6,5.5,30.1,0.0,1.004200593120888,1.0054793288666513,1.009148298151387,-1.9710307919373409
2022-04-03,42.9,34.6,73.0,9.6,30.2,0.0,1.0036056007102612,1.0046826023098292,1.0075609942096049,-1.499468474505349
2022-04-04,50.4,47.6,91.0,21.3,29.7,0.0,1.0040520950034546,1.00528038281758,1.0084508451974306,-1.9657470828280657
2022-04-05,51.6,45.4,79.8,23.2,29.6,0.0,1.0036468547132351,1.0047377404909192,1.00764280285275,-2.0665698383806177
2022-04-06,50.5,42.2,73.4,20.5,29.2,0.0,1.0052298393283694,1.0068571520195484,1.0107979195697834,-2.4203541188166984
2022-04-07,45.2,37.5,75.1,25.6,29.0,0.0,1.0081125318737174,1.0107165815832122,1.0165430072614592,-2.8062874566766363
2022-04-08,43.6,33.6,68.9,9.1,29.5,0.0,1.0080746338407789,1.0106655962555833,1.0164664046850498,-3.5073974351215105
2022-04-09,44.3,33.3,65.5,12.4,29.9,0.0,1.0088425194432071,1.0116933873795195,1.0179955684187816,-2.8970963620786967
2022-04-10,45.1,32.9,64.8,7.4,29.9,0.0,1.008509791932923,1.0112476552874796,1.0173312924251068,-0.8774054416945916
2022-04-11,51.9,35.9,54.7,13.8,29.7,0.0,1.0081758714079658,1.0108003588203618,1.0166647820579304,-1.9304240144358404
2022-04-12,51.7,47.5,85.3,8.4,29.6,0.0,1.0073499506926276,1.009694455160666,1.0150181556818358,-0.5158792020422251
2022-04-13,53.9,47.4,80.4,5.8,29.8,0.0,1.0096461748875998,1.0127681218855968,1.0195918990957498,-1.8915240228140455
2022-04-14,51.9,46.3,82.5,3.6,30.1,0.0,1.0127852293490287,1.016969724142832,1.0258433255030224,-2.2976863883974668
2022-04-15,55.6,48.9,79.5,6.3,30.2,0.0,1.0121644455503842,1.0161381647547187,1.0246042282075614,-1.7574830387031255
2022-04-16,56.8,50.1,79.9,6.9,30.2,0.0,1.0118627173056816,1.0157337492793246,1.0240009234469751,-1.6362051494165073
2022-04-17,57.0,47.4,72.3,9.8,30.0,0.0,1.0100896347214936,1.0133600166207737,1.0204677659550236,-0.3212223800163698
2022-04-18,51.4,42.3,71.9,8.1,29.9,0.0,1.0088929522646934,1.0117579552792098,1.0180832224011849,0.5163330305005965
2022-04-19,50.4,40.9,71.2,7.1,30.0,0.0,1.0077624053697811,1.0102445257049113,1.0158308656673414,-0.9873411734248728
2022-04-20,53.0,40.4,63.8,7.7,30.0,0.0,1.0099144783447156,1.0131246047291995,1.020114737169025,-1.0163940788241317
2022-04-21,53.9,39.1,58.6,13.7,29.9,0.0,1.0147651466848662,1.0196159886889986,1.0299097260317691,-1.0121082565567372
2022-04-22,53.3,40.3,63.9,15.7,29.8,0.0,1.0120833143418455,1.016026208632009,1.0245322983262537,-1.5061268021076708
2022-04-23,53.0,41.6,66.5,20.4,29.7,0.0,1.0117371388662248,1.0155624168209216,1.0238776932163534,-0.6449864886958938
2022-04-24,52.3,40.0,65.0,15.1,29.8,0.0,1.0096389130215715,1.0127540950071563,1.0195586446944656,-0.026084382349322862
2022-04-25,48.7,38.4,68.6,7.3,30.0,0.0,1.0078076096332145,1.0103031696527192,1.0159127511723876,-0.6914246710428821
2022-04-26,50.3,39.6,68.8,7.4,30.1,0.0,1.005966170593502,1.0078388254985111,1.012247314842999,-0.7503162178541738
2022-04-27,48.2,35.9,63.7,8.7,30.3,0.0,1.007154339161902,1.0094286309010378,1.0146111546765648,-0.9673957274345809
2022-04-28,46.6,36.0,66.7,6.6,30.4,0.0,1.0111793581360928,1.0148142854110416,1.022619107816633,-0.7258691744163249
2022-05-01,52.1,48.6,88.1,6.2,30.1,0.0,1.003739633487145,1.004858830368857,1.0078140892172591,0.9894939870898576
2022-05-02,55.1,49.7,82.6,6.3,30.1,0.0,1.0029011537648689,1.0037368802057942,1.0061457794508857,1.25666759730826
2022-05-03,53.2,47.9,83.4,6.9,30.1,0.0,1.0003284143320816,1.0002944652449821,1.0010273087057162,0.8868498757729563
2022-05-04,53.1,49.8,89.9,10.1,30.0,0.0,1.001605543194494,1.0020033003958313,1.0035681257184257,0.4569723562668271
2022-05-05,57.0,49.3,76.8,7.4,30.1,0.0,1.0038888516002085,1.0050583838119251,1.0081105000902841,0.3952531090062118
2022-05-06,57.2,52.0,83.0,8.7,30.1,0.0,1.002657684975048,1.0034110415397959,1.0056610981274554,0.42550177250754506
2022-05-07,55.9,49.8,81.1,9.3,30.2,0.0,1.0015433729173493,1.0019200781179054,1.0034442801409185,1.0672219793675424
2022-05-08,55.9,49.2,79.2,8.1,30.3,0.0,1.0004714299320865,1.0004858163502015,1.001311800536646,1.4701013971185026
2022-05-09,57.6,47.5,70.6,13.0,30.0,0.0,0.999186445345654,0.9987665021358516,0.9987554943439859,0.7580653860795381
2022-05-10,57.6,46.2,66.5,16.7,29.8,0.0,0.9990342656115416,0.9985628798242188,0.998452730137658,1.4691843381754728
2022-05-11,54.4,46.8,77.1,13.0,29.6,0.0,0.9994158142998,0.9990733930076858,0.9992117688551806,0.6258798750064828
2022-05-12,53.6,44.2,71.2,14.6,29.9,0.0,1.0005134032215732,1.0005419796404282,1.0013953132982245,0.2897987661835185
2022-05-13,57.6,47.0,68.9,17.0,29.9,0.0,0.9994937590173812,0.9991776828458752,0.9993668274018316,0.3851478244101938
2022-05-14,59.4,49.1,71.5,6.3,30.0,0.0,0.9990525005072236,0.9985872680686648,0.9984889620850302,1.0680137081380257
2022-05-15,60.5,53.1,77.5,8.1,29.9,0.0,0.9987763487524092,0.99821776449759,0.9979395449353172,1.2050017944176203
2022-05-16,60.0,55.9,87.0,8.7,29.8,0.0,0.9985094002363298,0.9978605704947364,0.9974084172852136,1.1365930776406168
2022-05-17,61.0,54.1,78.3,12.1,29.9,0.0,0.9980352080065132,0.9972260698185792,0.9964649457947092,0.7285069148748167
2022-05-18,59.2,49.5,71.4,13.2,29.9,0.0,0.9982100339246328,0.9974599785536076,0.9968126996189992,0.6956584893511031
2022-05-19,57.6,46.1,67.8,7.3,29.9,0.0,0.9989198608205306,0.998409752536488,0.9982249055889733,0.6970784150325999
2022-05-20,56.2,49.3,78.4,11.2,29.9,0.0,1.00004758529274,0.9999187037111532,1.000468587855177,0.2166732380508637
2022-05-21,58.3,47.2,68.0,11.6,30.0,0.0,0.9986906317694568,0.9982442463909916,0.9977687977125944,0.4888748185051258
2022-05-22,59.8,51.5,73.8,13.0,29.8,0.0,0.9987383733459382,0.9983845258337596,0.9978637489481336,0.9726041621954384
2022-05-23,56.0,47.7,74.6,11.8,29.5,0.0,0.9982119926247904,0.9974625576550158,0.9968163880327616,1.111371015548431
2022-05-24,56.3,45.1,68.0,16.1,29.6,0.0,0.9981706728696591,0.9974072536005368,0.9967341087879245,1.0798762837026248
2022-05-25,58.0,49.0,73.0,16.4,29.7,0.0,0.9988231802800422,0.9982803491506854,0.9980323602778428,0.9429455409415212
2022-05-26,57.4,50.9,79.6,15.8,30.0,0.0,0.9989979978007728,0.9985142632149644,0.9983801717257452,1.047250329641812
2022-05-27,56.0,42.5,61.1,18.9,30.2,0.0,0.9988555031125068,0.9983235866374766,0.998122738594972,0.6698679130976769
2022-05-28,56.1,44.9,66.4,12.3,30.2,0.0,0.9984352527171404,0.9979078836057528,0.9972987702295728,1.0143896823262917
2022-05-29,52.1,43.4,72.3,6.5,30.1,0.0,0.9980827357030866,0.997488839534572,0.9965588723477102,1.322141251755777
2022-05-30,51.1,45.9,83.2,9.3,29.8,0.0,0.9982937172062268,0.9975718317582171,0.9969786255681616,1.561956374470353
2022-05-31,53.1,46.1,78.5,11.2,29.8,0.0,0.997821076529018,0.9969393667201636,0.9960380532952768,1.4905614909522538
2022-06-01,55.9,47.7,76.3,10.3,29.9,0.0,0.9981379759064042,0.9973633986724638,0.9966685748465709,1.4567629602899999
2022-06-02,58.0,48.4,73.0,6.3,30.0,0.0,0.9990049556557802,0.9985235191439232,0.9983937652164666,2.0579314960321256
2022-06-03,59.0,49.9,74.3,12.6,30.0,0.0,0.9996043827156588,0.9993256278627444,0.9995865785151251,1.286694118411507
2022-06-04,56.6,45.7,68.0,13.7,30.1,0.0,0.9992871332171702,0.9989011035147394,0.9989552563935424,2.5042594426773186
2022-06-05,52.0,48.2,87.5,8.5,30.0,0.0,0.9991782860155316,0.9987554474038972,0.9988228206340872,2.0638012312069414
2022-06-06,54.8,49.1,82.0,4.2,29.9,0.0,0.9988460866482552,0.9983109119659972,0.9981616923485812,2.1839616228018874
2022-06-07,60.5,52.8,76.6,5.9,29.7,0.0,0.9987716238791304,0.9982112623832492,0.9979293282917312,2.233491111957914
2022-06-08,60.3,54.2,81.4,10.5,29.5,0.0,0.9992803243976436,0.9988919757376176,0.9989416370378869,1.6533299185669037
2022-06-09,58.5,51.2,77.7,11.3,29.8,0.0,0.9995035026953611,0.999190620236918,0.9993857609328451,1.9947471781903867
2022-06-10,62.3,48.9,63.0,18.4,29.9,0.0,0.9993245308046071,0.998951125291552,0.9990295861086149,1.9858923748925756
2022-06-11,60.8,49.5,67.0,18.4,30.0,0.0,0.9995196404167662,0.9992122108871574,0.9994178578439412,1.0756903928076147
2022-06-12,59.4,46.9,64.4,18.3,30.1,0.0,,,,
2022-06-13,57.4,46.8,68.4,12.4,30.1,0.0,,,,
2022-06-14,58.2,44.1,61.5,7.2,30.1,0.0,,,,
2022-06-15,60.0,47.8,65.6,6.2,30.0,0.0,,,,
2022-06-16,64.4,50.8,63.6,4.5,30.1,0.0,,,,
2022-06-17,68.9,53.7,60.0,11.2,29.9,0.0,,,,
2022-06-18,57.6,46.4,66.2,10.0,30.0,0.0,,,,
2022-06-19,58.2,47.9,69.7,12.5,29.9,0.0,,,,
2022-06-20,59.8,46.2,62.9,8.6,30.0,0.0,,,,
2022-06-21,62.7,50.0,66.2,7.1,29.9,0.0,,,,
2022-06-22,65.2,53.6,68.5,9.0,29.9,0.0,,,,
2022-06-23,66.9,55.5,69.5,5.2,29.7,0.0,,,,
2022-06-24,64.3,56.3,76.3,8.9,29.5,0.0,,,,
2022-06-25,59.7,47.6,65.4,17.0,29.5,0.0,,,,
2022-06-26,59.9,47.5,65.3,19.7,29.6,0.0,,,,
2022-06-27,58.5,47.2,68.2,13.8,29.8,0.0,,,,
2022-06-28,59.1,50.8,74.0,15.9,29.8,0.0,,,,
2022-06-29,60.0,55.1,84.7,8.3,29.7,0.0,,,,
2022-06-30,59.3,52.3,79.1,6.3,29.7,0.0,,,,
