Date,Temperature (Â°F),Humidity (%),Wind Speed (mph),Pressure (inHg),R0orig,R0alp,R0dlt,R0omi,UV Total Index,Total_Arrival,National_Arrival,male,female,PopulationDensity
2020-03-03,44.5,72.7,12.9,29.5,1.0000000148529775,,,,0.5238,181900.0,93000.0,0.2268833487783378,0.2507146569646569,127.0
2020-03-04,43.6,73.3,5.5,29.7,1.0000000148529775,,,,0.4905,167900.0,83200.0,0.2268833487783378,0.2507146569646569,127.0
2020-03-05,42.8,87.0,14.3,29.3,1.0000000148529775,,,,0.1952,205000.0,98400.0,0.2268833487783378,0.2507146569646569,127.0
2020-03-06,44.4,60.2,9.1,29.6,1.0000000148529775,,,,0.7714,235300.0,102700.0,0.2268833487783378,0.2507146569646569,127.0
2020-03-09,48.2,68.2,16.2,29.8,1.0000000148529775,,,,0.5905,217000.0,126300.0,0.2268833487783378,0.2507146569646569,127.0
2020-03-10,58.1,74.5,24.1,29.5,1.0000000148529775,,,,0.8714,187900.0,98500.0,0.2268833487783378,0.2507146569646569,127.0
2020-03-11,53.4,66.5,16.7,29.7,10.205665243777869,,,,,175700.0,88600.0,0.2268833487783378,0.2507146569646569,127.0
2020-03-12,46.9,56.7,24.1,29.7,1.0000000297059557,,,,0.9824,184200.0,96700.0,0.2268833487783378,0.2507146569646569,127.0
2020-03-13,48.6,64.6,11.1,30.0,1.0000000297059557,,,,0.9273,195200.0,104200.0,0.2268833487783378,0.2507146569646569,127.0
2020-03-16,49.4,67.1,6.3,30.1,1.000000044558934,,,,1.2087,159400.0,112700.0,0.2268833487783378,0.2507146569646569,127.0
2020-03-17,53.7,73.9,14.0,30.2,4.262391241830974,,,,0.9,109500.0,77300.0,0.2268833487783378,0.2507146569646569,127.0
2020-03-18,54.1,80.8,13.6,30.2,1.0000000594119127,,,,0.5522,87000.0,62100.0,0.2268833487783378,0.2507146569646569,127.0
2020-03-19,45.9,80.6,8.2,30.3,4.229735418666868,,,,0.2818,80900.0,58500.0,0.2268833487783378,0.2507146569646569,127.0
2020-03-20,46.6,70.6,13.3,30.4,4.183835754563249,,,,1.0955,64200.0,46900.0,0.2268833487783378,0.2507146569646569,127.0
2020-03-23,50.2,47.1,11.7,30.3,1.0000000891178715,,,,1.4542,28000.0,17600.0,0.2268833487783378,0.2507146569646569,127.0
2020-03-24,53.6,43.3,12.8,30.2,15.088507617397198,,,,1.5667,22600.0,14200.0,0.2268833487783378,0.2507146569646569,127.0
2020-03-25,53.6,35.7,6.2,30.2,32.4701095688274,,,,1.6913,14800.0,8900.0,0.2268833487783378,0.2507146569646569,127.0
2020-03-26,52.0,43.2,8.5,30.2,17.502634210152713,,,,1.575,14600.0,8600.0,0.2268833487783378,0.2507146569646569,127.0
2020-03-27,52.8,46.6,14.4,30.2,1.000000222794709,,,,1.45,13100.0,7800.0,0.2268833487783378,0.2507146569646569,127.0
2020-03-30,46.1,70.8,14.6,30.5,93.9737242492634,,,,0.6625,5700.0,2900.0,0.2268833487783378,0.2507146569646569,127.0
2020-03-31,49.5,51.7,8.9,30.4,227.560460465466,,,,1.1667,5500.0,2700.0,0.2268833487783378,0.2507146569646569,127.0
2020-04-01,41.7,74.4,6.9,30.2,1.0000003564715818,,,,0.9458,4400.0,2200.0,0.2268833487783378,0.2507146569646569,127.0
2020-04-03,49.4,56.7,7.5,30.0,19.98577858131118,,,,1.484,5400.0,2600.0,0.2268833487783378,0.2507146569646569,127.0
2020-04-08,62.4,53.6,4.6,30.2,7.87689730300853,,,,1.6423,4300.0,2200.0,0.2268833487783378,0.2507146569646569,127.0
2020-04-09,68.4,46.0,6.8,30.2,5.353155347749623,,,,1.9577,4500.0,2800.0,0.2268833487783378,0.2507146569646569,127.0
2020-04-13,47.5,53.6,15.6,30.3,3.525094002269792,,,,1.6654,3000.0,1800.0,0.2268833487783378,0.2507146569646569,127.0
2020-04-16,59.3,54.3,5.3,29.9,1.1536199047156783,,,,1.5115,2800.0,1600.0,0.2268833487783378,0.2507146569646569,127.0
2020-04-20,59.7,43.2,13.1,30.0,1.6730658027158878,,,,2.1071,3100.0,1900.0,0.2268833487783378,0.2507146569646569,127.0
2020-04-22,64.5,43.4,9.2,30.1,1.5482615129360318,,,,2.1964,3900.0,2200.0,0.2268833487783378,0.2507146569646569,127.0
2020-04-24,62.1,48.5,6.7,29.9,1.4830856065116456,,,,2.2107,4500.0,2800.0,0.2268833487783378,0.2507146569646569,127.0
2020-04-25,54.1,61.6,3.6,29.9,1.831318846684672,,,,2.2536,3500.0,2300.0,0.2268833487783378,0.2507146569646569,127.0
2020-04-26,64.3,44.9,6.3,29.8,1.848546422568289,,,,2.2929,3900.0,2400.0,0.2268833487783378,0.2507146569646569,127.0
2020-04-27,58.2,60.4,6.9,29.7,1.9123869028129088,,,,1.2964,3300.0,2100.0,0.2268833487783378,0.2507146569646569,127.0
2020-04-28,45.7,88.4,6.8,29.6,1.9820836540033009,,,,0.3464,4300.0,2800.0,0.2268833487783378,0.2507146569646569,127.0
2020-04-29,53.0,78.9,11.5,29.5,1.331749998905818,,,,1.2143,3500.0,1900.0,0.2268833487783378,0.2507146569646569,127.0
2020-04-30,51.8,73.1,13.8,29.3,1.7606079630836695,,,,0.9111,5100.0,2600.0,0.2268833487783378,0.2507146569646569,127.0
2020-05-01,55.2,59.2,13.8,29.4,1.620443133120265,,,,1.5964,4900.0,2600.0,0.2268833487783378,0.2507146569646569,127.0
2020-05-02,57.8,49.0,10.3,29.8,1.2666564044215178,,,,2.1143,3800.0,1900.0,0.2268833487783378,0.2507146569646569,127.0
2020-05-03,56.0,66.1,3.7,29.9,1.3321000979800832,,,,1.1393,4700.0,1800.0,0.2268833487783378,0.2507146569646569,127.0
2020-05-04,57.0,67.7,7.4,30.1,1.6928168497382994,,,,2.2179,2700.0,900.0,0.2268833487783378,0.2507146569646569,127.0
2020-05-05,55.8,51.5,7.8,30.1,1.7414368989680926,,,,2.4464,3100.0,1800.0,0.2268833487783378,0.2507146569646569,127.0
2020-05-06,59.8,50.6,5.7,30.2,1.8873781215950869,,,,2.5786,4400.0,1900.0,0.2268833487783378,0.2507146569646569,127.0
2020-05-07,67.3,47.1,6.5,30.1,1.2925523935195329,,,,2.4759,4500.0,2100.0,0.2268833487783378,0.2507146569646569,127.0
2020-05-08,70.9,49.9,5.9,30.0,1.1455499709248806,,,,2.3207,4600.0,1600.0,0.2268833487783378,0.2507146569646569,127.0
2020-05-11,51.0,45.3,22.6,30.1,1.5084361333090877,,,,1.7483,3500.0,1300.0,0.2268833487783378,0.2507146569646569,127.0
2020-05-12,54.1,42.0,9.4,30.1,1.2693156334831142,,,,2.1033,3300.0,1300.0,0.2268833487783378,0.2507146569646569,127.0
2020-05-13,50.9,43.2,17.1,30.0,0.976683380090118,,,,2.0828,4400.0,1900.0,0.2268833487783378,0.2507146569646569,127.0
2020-05-14,53.0,42.0,10.0,30.2,1.0378848647659882,,,,2.58,4400.0,1700.0,0.2268833487783378,0.2507146569646569,127.0
2020-05-15,60.5,43.4,7.1,30.2,0.9769789226892084,,,,2.32,5100.0,1800.0,0.2268833487783378,0.2507146569646569,127.0
2020-05-18,65.1,48.7,12.3,30.1,1.0300860362219184,,,,2.8833,4500.0,1200.0,0.2268833487783378,0.2507146569646569,127.0
2020-05-19,71.4,51.8,9.1,30.1,0.9663772145145954,,,,3.0467,3400.0,1300.0,0.2268833487783378,0.2507146569646569,127.0
2020-05-20,77.6,45.9,7.8,30.1,0.9046598293902685,,,,2.9533,6800.0,2400.0,0.2268833487783378,0.2507146569646569,127.0
2020-05-21,75.6,37.0,7.3,30.0,0.9681427854436364,,,,2.7933,4400.0,1700.0,0.2268833487783378,0.2507146569646569,127.0
2020-05-22,68.5,41.0,21.3,29.9,0.9390877415501188,,,,2.4067,5000.0,1400.0,0.2268833487783378,0.2507146569646569,127.0
2020-05-25,72.9,35.1,8.5,30.5,1.0023482591982416,,,,2.9367,4100.0,1200.0,0.2268833487783378,0.2507146569646569,127.0
2020-05-26,71.8,35.1,6.9,30.5,1.0528148893958735,,,,2.94,4000.0,1500.0,0.2268833487783378,0.2507146569646569,127.0
2020-05-27,70.0,48.5,3.9,30.5,1.0306224099352526,,,,2.5633,5100.0,1800.0,0.2268833487783378,0.2507146569646569,127.0
2020-05-28,67.9,38.3,6.9,30.5,0.99113936558306,,,,3.0867,5500.0,1800.0,0.2268833487783378,0.2507146569646569,127.0
2020-05-29,70.1,29.2,6.9,30.3,1.00850201735415,,,,3.1467,6400.0,1900.0,0.2268833487783378,0.2507146569646569,127.0
2020-06-01,73.8,40.6,7.3,30.1,1.145568002017039,,,,2.9233,6000.0,1700.0,0.2268833487783378,0.2507146569646569,127.0
2020-06-02,70.4,45.3,8.1,30.0,1.1033712469523778,,,,2.7871,5400.0,1900.0,0.2268833487783378,0.2507146569646569,127.0
2020-06-03,62.8,59.8,14.4,29.7,1.0787943687311166,,,,0.7968,6800.0,2100.0,0.2268833487783378,0.2507146569646569,127.0
2020-06-04,54.5,60.2,12.3,29.6,1.1525862645665836,,,,1.2742,7700.0,2700.0,0.2268833487783378,0.2507146569646569,127.0
2020-06-05,52.6,66.6,13.5,29.3,1.1138946569289498,,,,1.7517,10200.0,3200.0,0.2268833487783378,0.2507146569646569,127.0
2020-06-06,52.4,75.8,17.2,29.3,1.056325172257189,,,,1.0531,8700.0,2500.0,0.2268833487783378,0.2507146569646569,127.0
2020-06-07,55.1,79.3,9.8,29.8,1.0570349899510303,,,,1.7813,10700.0,3200.0,0.2268833487783378,0.2507146569646569,127.0
2020-06-08,55.9,60.8,10.8,30.1,1.0675679642760958,,,,1.6065,4800.0,1700.0,0.2268833487783378,0.2507146569646569,127.0
2020-06-09,59.9,51.8,4.2,30.1,1.1242937199252456,,,,2.3115,3300.0,1300.0,0.2268833487783378,0.2507146569646569,127.0
2020-06-10,55.7,87.3,6.9,29.9,0.9980362285256112,,,,1.0238,4000.0,1400.0,0.2268833487783378,0.2507146569646569,127.0
2020-06-11,60.7,79.7,13.3,29.9,1.0252824620075598,,,,1.1344,4100.0,1700.0,0.2268833487783378,0.2507146569646569,127.0
2020-06-12,65.8,75.0,8.8,29.6,1.0483955482192069,,,,1.25,4700.0,1700.0,0.2268833487783378,0.2507146569646569,127.0
2020-06-13,74.3,41.7,10.2,29.8,1.0342296416155452,,,,2.2875,4100.0,1600.0,0.2268833487783378,0.2507146569646569,127.0
2020-06-14,73.8,47.5,6.7,29.9,1.0582935328624352,,,,1.7438,5900.0,1900.0,0.2268833487783378,0.2507146569646569,127.0
2020-06-15,72.3,51.4,3.3,29.9,1.0277242864213196,,,,2.0844,5000.0,1600.0,0.2268833487783378,0.2507146569646569,127.0
2020-06-16,71.2,57.1,5.2,29.9,1.0155626484902964,,,,2.0469,4500.0,1300.0,0.2268833487783378,0.2507146569646569,127.0
2020-06-17,68.3,68.2,5.0,29.8,1.012652534682207,,,,1.7844,5600.0,1800.0,0.2268833487783378,0.2507146569646569,127.0
2020-06-18,63.9,75.8,8.2,29.7,1.013366769645724,,,,0.7969,5800.0,2100.0,0.2268833487783378,0.2507146569646569,127.0
2020-06-19,64.2,68.8,14.1,29.9,1.0286012921926193,,,,1.3813,7000.0,2300.0,0.2268833487783378,0.2507146569646569,127.0
2020-06-20,68.8,56.4,11.1,30.1,1.0206421487916353,,,,2.1813,5900.0,1800.0,0.2268833487783378,0.2507146569646569,127.0
2020-06-21,68.3,55.9,16.1,29.9,1.0065633030059802,,,,2.1219,8200.0,2500.0,0.2268833487783378,0.2507146569646569,127.0
2020-06-22,70.8,44.1,10.8,30.2,1.0193908599641082,,,,3.2406,6800.0,2100.0,0.2268833487783378,0.2507146569646569,127.0
2020-06-23,77.1,45.8,8.3,30.2,1.004062692209749,,,,3.025,6200.0,1900.0,0.2268833487783378,0.2507146569646569,127.0
2020-06-24,82.8,43.3,7.3,30.1,1.0001985875680246,,,,2.8219,6600.0,2300.0,0.2268833487783378,0.2507146569646569,127.0
2020-06-25,83.8,35.0,8.4,29.9,1.0128227025737433,,,,2.9875,7100.0,2700.0,0.2268833487783378,0.2507146569646569,127.0
2020-06-26,82.5,49.1,10.3,29.7,1.013891284759686,,,,2.975,7200.0,2700.0,0.2268833487783378,0.2507146569646569,127.0
2020-06-27,67.3,69.6,17.0,29.6,1.0137288726199276,,,,1.5969,7200.0,2700.0,0.2268833487783378,0.2507146569646569,127.0
2020-06-28,65.8,50.8,21.7,29.7,1.0036274903674407,,,,2.2625,9600.0,3500.0,0.2268833487783378,0.2507146569646569,127.0
2020-06-29,62.9,53.6,23.7,29.7,1.0028355882568507,,,,1.7938,7700.0,2700.0,0.2268833487783378,0.2507146569646569,127.0
2020-06-30,63.6,62.1,13.1,29.6,1.0142522925982664,,,,1.3313,8000.0,2800.0,0.2268833487783378,0.2507146569646569,127.0
2020-07-01,65.8,69.4,12.8,29.6,1.00050730442506,,,,1.5194,17400.0,6200.0,0.2268833487783378,0.2507146569646569,127.0
2020-07-02,64.2,70.1,11.1,29.8,1.0376093329074174,,,,1.9548,14900.0,5900.0,0.2268833487783378,0.2507146569646569,127.0
2020-07-03,66.4,57.6,18.1,29.9,1.003689762539829,,,,2.2452,16800.0,6900.0,0.2268833487783378,0.2507146569646569,127.0
2020-07-04,68.0,74.2,16.9,29.7,1.0144276126792835,,,,0.9677,16200.0,5900.0,0.2268833487783378,0.2507146569646569,127.0
2020-07-05,68.6,44.4,22.2,29.7,1.0262991635156498,,,,0.2333,19100.0,7300.0,0.2268833487783378,0.2507146569646569,127.0
2020-07-06,64.6,50.7,15.5,30.0,1.002426816858484,,,,2.113,16500.0,6500.0,0.2268833487783378,0.2507146569646569,127.0
2020-07-07,63.3,59.6,10.0,30.0,1.014038851415715,,,,1.6742,15000.0,5600.0,0.2268833487783378,0.2507146569646569,127.0
2020-07-08,63.6,85.3,6.2,29.9,1.024360796066326,,,,1.2387,16400.0,7200.0,0.2268833487783378,0.2507146569646569,127.0
2020-07-09,63.1,88.2,8.8,29.8,0.999537930927982,,,,1.0516,18300.0,8300.0,0.2268833487783378,0.2507146569646569,127.0
2020-07-10,61.3,60.9,12.9,30.0,1.013626713685836,,,,1.8645,31900.0,13600.0,0.2268833487783378,0.2507146569646569,127.0
2020-07-11,63.0,51.5,10.6,30.3,1.0033740717216573,,,,2.5161,39300.0,15900.0,0.2268833487783378,0.2507146569646569,127.0
2020-07-12,69.4,44.5,5.1,30.3,1.002962186906598,,,,2.8323,48000.0,20000.0,0.2268833487783378,0.2507146569646569,127.0
2020-07-13,71.3,48.1,10.8,30.1,1.0028973278272608,,,,2.471,38400.0,16400.0,0.2268833487783378,0.2507146569646569,127.0
2020-07-14,64.5,61.2,9.7,29.9,1.0387808995876078,,,,1.6129,31600.0,13300.0,0.2268833487783378,0.2507146569646569,127.0
2020-07-15,62.4,71.2,8.5,29.9,1.0028281171393272,,,,1.2839,35600.0,15300.0,0.2268833487783378,0.2507146569646569,127.0
2020-07-16,67.1,66.8,9.3,30.1,1.0016191211551209,,,,2.26,34400.0,15900.0,0.2268833487783378,0.2507146569646569,127.0
2020-07-17,75.9,47.3,9.1,30.1,1.003396358367421,,,,2.8571,39900.0,18300.0,0.2268833487783378,0.2507146569646569,127.0
2020-07-18,70.9,58.9,10.9,30.0,1.0034524445356172,,,,2.7067,43600.0,20300.0,0.2268833487783378,0.2507146569646569,127.0
2020-07-19,64.7,57.1,9.3,30.0,1.0035436777234426,,,,1.9,54800.0,25300.0,0.2268833487783378,0.2507146569646569,127.0
2020-07-20,65.0,45.5,10.4,30.2,1.003547923927546,,,,2.9633,46200.0,21400.0,0.2268833487783378,0.2507146569646569,127.0
2020-07-21,65.6,44.8,6.5,30.2,1.0031918241526443,,,,2.9967,37900.0,18100.0,0.2268833487783378,0.2507146569646569,127.0
2020-07-22,71.1,44.7,10.0,30.1,1.0137621887569903,,,,2.7367,42900.0,21800.0,0.2268833487783378,0.2507146569646569,127.0
2020-07-23,72.2,37.1,14.8,29.9,1.0014837694683605,,,,2.3667,44800.0,23400.0,0.2268833487783378,0.2507146569646569,127.0
2020-07-24,71.3,57.0,8.5,29.8,1.0148067111008516,,,,1.8867,58100.0,31800.0,0.2268833487783378,0.2507146569646569,127.0
2020-07-25,68.9,74.2,12.4,29.6,1.0019419360566095,,,,1.1567,65400.0,38000.0,0.2268833487783378,0.2507146569646569,127.0
2020-07-26,68.3,55.9,14.1,29.8,1.0017543930409092,,,,1.7733,78700.0,43300.0,0.2268833487783378,0.2507146569646569,127.0
2020-07-27,64.9,83.0,17.0,29.6,1.0136879249246211,,,,1.1267,63700.0,35100.0,0.2268833487783378,0.2507146569646569,127.0
2020-07-28,64.7,49.3,16.0,29.9,1.0265581569032152,,,,1.8267,54800.0,30400.0,0.2268833487783378,0.2507146569646569,127.0
2020-07-29,67.4,48.1,11.2,30.1,1.0014592991290738,,,,2.7,60400.0,34000.0,0.2268833487783378,0.2507146569646569,127.0
2020-07-30,79.1,34.7,7.5,30.0,1.000801576098413,,,,3.2586,75600.0,42800.0,0.2268833487783378,0.2507146569646569,127.0
2020-07-31,90.0,26.9,14.1,29.8,1.002677944445438,,,,2.6483,83900.0,47000.0,0.2268833487783378,0.2507146569646569,127.0
2020-08-01,72.1,55.2,12.2,29.9,1.013879980516947,,,,2.469,99100.0,61400.0,0.2268833487783378,0.2507146569646569,127.0
2020-08-02,70.8,44.8,10.9,29.9,1.0149559147434846,,,,2.7,107000.0,57900.0,0.2268833487783378,0.2507146569646569,127.0
2020-08-03,67.3,47.2,9.5,29.9,1.0017627379438248,,,,2.3724,86600.0,47000.0,0.2268833487783378,0.2507146569646569,127.0
2020-08-04,68.5,46.3,12.4,29.9,1.0021818296950302,,,,2.4793,70300.0,38300.0,0.2268833487783378,0.2507146569646569,127.0
2020-08-05,74.4,47.0,14.9,29.8,1.001058585534605,,,,2.4724,72200.0,39300.0,0.2268833487783378,0.2507146569646569,127.0
2020-08-06,75.3,66.8,9.0,30.0,1.0023008060554428,,,,1.8241,73600.0,40600.0,0.2268833487783378,0.2507146569646569,127.0
2020-08-07,89.1,30.2,6.5,30.0,1.0147784585094326,,,,2.5643,89100.0,49600.0,0.2268833487783378,0.2507146569646569,127.0
2020-08-08,78.5,56.8,13.7,30.1,1.0023216557503956,,,,1.8607,102900.0,63800.0,0.2268833487783378,0.2507146569646569,127.0
2020-08-09,77.5,60.9,9.3,30.0,1.003141058358577,,,,2.4,115300.0,64800.0,0.2268833487783378,0.2507146569646569,127.0
2020-08-10,86.5,47.3,8.0,29.9,1.0026737637526495,,,,2.3964,95500.0,54900.0,0.2268833487783378,0.2507146569646569,127.0
2020-08-11,83.6,55.9,5.0,29.9,1.0022215697390058,,,,1.1444,82400.0,49100.0,0.2268833487783378,0.2507146569646569,127.0
2020-08-12,89.6,39.2,5.5,29.9,1.0262136281679723,,,,2.7667,86800.0,50500.0,0.2268833487783378,0.2507146569646569,127.0
2020-08-13,66.5,88.4,13.6,29.9,1.0259477189854422,,,,1.7929,87700.0,49700.0,0.2268833487783378,0.2507146569646569,127.0
2020-08-14,64.3,92.6,9.9,29.9,1.003161664770646,,,,0.7464,108700.0,63400.0,0.2268833487783378,0.2507146569646569,127.0
2020-08-15,65.1,93.3,8.2,29.9,1.0030780384042848,,,,0.6,107400.0,65500.0,0.2268833487783378,0.2507146569646569,127.0
2020-08-16,70.8,79.9,5.3,29.8,1.003447159605415,,,,1.375,117900.0,64900.0,0.2268833487783378,0.2507146569646569,127.0
2020-08-17,70.1,71.3,6.7,29.7,1.0032805988777498,,,,1.5857,106400.0,59500.0,0.2268833487783378,0.2507146569646569,127.0
2020-08-18,72.3,60.8,13.3,29.7,1.01476340750528,,,,1.5643,96500.0,56300.0,0.2268833487783378,0.2507146569646569,127.0
2020-08-19,67.3,87.4,12.7,29.6,1.0021873031759934,,,,0.6107,96200.0,55100.0,0.2268833487783378,0.2507146569646569,127.0
2020-08-20,74.9,54.9,13.4,29.6,1.0018693645979226,,,,2.6259,96900.0,53600.0,0.2268833487783378,0.2507146569646569,127.0
2020-08-21,72.3,56.2,22.4,29.5,1.003966573808367,,,,1.7037,110900.0,63000.0,0.2268833487783378,0.2507146569646569,127.0
2020-08-22,70.1,52.2,20.4,29.8,1.0032540888383426,,,,2.1074,112800.0,68200.0,0.2268833487783378,0.2507146569646569,127.0
2020-08-23,67.3,62.9,11.5,29.9,1.0037070059758315,,,,1.7577,121800.0,66500.0,0.2268833487783378,0.2507146569646569,127.0
2020-08-24,68.6,56.0,10.9,29.9,1.0036014050023243,,,,1.6269,107300.0,59200.0,0.2268833487783378,0.2507146569646569,127.0
2020-08-25,66.0,78.0,21.7,29.4,1.0038714567223082,,,,1.2346,91700.0,51500.0,0.2268833487783378,0.2507146569646569,127.0
2020-08-26,67.0,60.1,16.1,29.9,1.0147523329702974,,,,1.6462,91900.0,52300.0,0.2268833487783378,0.2507146569646569,127.0
2020-08-27,62.5,72.0,6.5,29.8,1.0023418303896423,,,,0.772,97700.0,54200.0,0.2268833487783378,0.2507146569646569,127.0
2020-08-28,58.8,85.3,9.9,29.5,1.004224525184678,,,,1.3,117200.0,66100.0,0.2268833487783378,0.2507146569646569,127.0
2020-08-29,55.8,77.8,17.2,29.7,1.0040901993652926,,,,1.1462,115400.0,71000.0,0.2268833487783378,0.2507146569646569,127.0
2020-08-30,59.7,58.7,15.1,30.0,1.005264474657606,,,,1.6231,122800.0,67400.0,0.2268833487783378,0.2507146569646569,127.0
2020-09-01,64.5,48.1,2.6,30.1,1.0158328409331034,,,,1.6308,93300.0,50200.0,0.2268833487783378,0.2507146569646569,127.0
2020-09-02,65.7,57.0,9.1,30.0,1.0024676334967242,,,,1.3692,92600.0,48800.0,0.2268833487783378,0.2507146569646569,127.0
2020-09-03,68.1,83.3,14.7,29.9,1.027833694972497,,,,0.9731,93200.0,47500.0,0.2268833487783378,0.2507146569646569,127.0
2020-09-04,63.1,60.5,12.0,30.1,1.0299802476413475,,,,1.2808,112700.0,57100.0,0.2268833487783378,0.2507146569646569,127.0
2020-09-05,62.5,51.3,13.4,30.1,1.0049010748797211,,,,1.5769,108900.0,61900.0,0.2268833487783378,0.2507146569646569,127.0
2020-09-06,64.3,54.6,7.2,30.1,1.0052126745998495,,,,,117300.0,60100.0,0.2268833487783378,0.2507146569646569,127.0
2020-09-07,63.6,68.9,12.3,30.1,1.179441622895657,,,,1.8833,97800.0,49400.0,0.2268833487783378,0.2507146569646569,127.0
2020-09-08,73.3,68.7,10.7,30.2,1.004501528403843,,,,1.82,81500.0,43400.0,0.2268833487783378,0.2507146569646569,127.0
2020-09-09,69.4,64.1,11.5,30.1,1.0030552460095106,,,,1.2292,82100.0,42800.0,0.2268833487783378,0.2507146569646569,127.0
2020-09-10,62.3,48.7,6.6,30.1,1.0027020983356416,,,,1.8375,88900.0,46200.0,0.2268833487783378,0.2507146569646569,127.0
2020-09-11,62.5,57.6,13.7,29.9,1.0069161482757998,,,,1.4583,115400.0,61600.0,0.2268833487783378,0.2507146569646569,127.0
2020-09-12,66.3,52.9,12.7,30.0,1.0188558950196458,,,,2.0083,103200.0,59700.0,0.2268833487783378,0.2507146569646569,127.0
2020-09-13,72.2,55.8,11.6,30.1,1.0057166284522068,,,,1.9917,112700.0,58500.0,0.2268833487783378,0.2507146569646569,127.0
2020-09-14,76.1,49.8,6.1,30.1,1.0051764140325006,,,,1.6792,94500.0,49800.0,0.2268833487783378,0.2507146569646569,127.0
2020-09-15,79.6,53.0,6.6,30.0,1.0433973563364354,,,,1.6167,76300.0,41300.0,0.2268833487783378,0.2507146569646569,127.0
2020-09-16,69.8,69.8,12.6,30.2,1.0029913056249662,,,,1.6208,79200.0,42800.0,0.2268833487783378,0.2507146569646569,127.0
2020-09-17,66.3,54.1,8.6,30.3,1.002624256720779,,,,1.7917,81900.0,42400.0,0.2268833487783378,0.2507146569646569,127.0
2020-09-18,65.9,51.6,10.8,30.2,1.005536154767849,,,,1.7217,100100.0,51000.0,0.2268833487783378,0.2507146569646569,127.0
2020-09-19,69.9,50.8,12.3,30.0,1.00465407331508,,,,1.6667,101100.0,58800.0,0.2268833487783378,0.2507146569646569,127.0
2020-09-20,68.7,63.0,11.2,30.1,1.0312466798839623,,,,1.7,108600.0,56200.0,0.2268833487783378,0.2507146569646569,127.0
2020-09-21,68.3,60.6,2.7,30.0,1.0699798896487915,,,,1.6435,90200.0,48000.0,0.2268833487783378,0.2507146569646569,127.0
2020-09-22,71.0,57.7,9.9,29.7,1.004961025836264,,,,1.5304,69600.0,36700.0,0.2268833487783378,0.2507146569646569,127.0
2020-09-23,62.2,81.9,11.2,29.4,1.0162638854357102,,,,0.5652,69300.0,37900.0,0.2268833487783378,0.2507146569646569,127.0
2020-09-24,56.8,61.9,13.2,29.3,1.028599522721142,,,,0.9,76000.0,39000.0,0.2268833487783378,0.2507146569646569,127.0
2020-09-25,54.1,60.1,25.4,29.5,1.0184513212849842,,,,1.113,94200.0,47300.0,0.2268833487783378,0.2507146569646569,127.0
2020-09-26,50.6,74.9,20.2,29.8,1.0178534734893891,,,,1.1391,97700.0,57400.0,0.2268833487783378,0.2507146569646569,127.0
2020-09-27,52.7,79.2,16.8,29.8,1.0567358824927937,,,,1.3261,98200.0,50900.0,0.2268833487783378,0.2507146569646569,127.0
2020-09-28,58.9,54.2,7.9,29.8,1.019203417353724,,,,1.3091,83200.0,45400.0,0.2268833487783378,0.2507146569646569,127.0
2020-09-29,57.0,92.6,6.8,29.9,1.1084620871409476,,,,1.1409,65000.0,34800.0,0.2268833487783378,0.2507146569646569,127.0
2020-09-30,60.8,77.8,14.9,29.6,1.1183938929319073,,,,0.4636,72900.0,39400.0,0.2268833487783378,0.2507146569646569,127.0
2020-10-01,55.0,76.7,7.3,29.4,1.029760893140918,,,,0.9318,62100.0,30100.0,0.2268833487783378,0.2507146569646569,127.0
2020-10-02,55.8,84.8,12.1,29.2,1.031082000022633,,,,0.2364,86000.0,42100.0,0.2268833487783378,0.2507146569646569,127.0
2020-10-03,57.0,90.3,8.8,29.1,1.0596696271065804,,,,0.53,84500.0,49800.0,0.2268833487783378,0.2507146569646569,127.0
2020-10-04,50.1,94.8,15.3,28.9,1.0754925948063876,,,,0.3667,85000.0,43600.0,0.2268833487783378,0.2507146569646569,127.0
2020-10-05,56.2,86.2,12.7,29.3,1.0756008927560408,,,,0.9667,66000.0,35600.0,0.2268833487783378,0.2507146569646569,127.0
2020-10-06,57.3,77.3,14.9,29.3,1.112476879893214,,,,0.8048,50500.0,26500.0,0.2268833487783378,0.2507146569646569,127.0
2020-10-07,56.5,65.2,13.9,29.9,1.1220015465972155,,,,1.1667,48400.0,27700.0,0.2268833487783378,0.2507146569646569,127.0
2020-10-08,57.2,86.7,13.1,29.8,1.034123979068594,,,,0.8333,54100.0,28100.0,0.2268833487783378,0.2507146569646569,127.0
2020-10-09,53.5,71.2,12.7,30.0,1.078128471185951,,,,0.6905,66400.0,33800.0,0.2268833487783378,0.2507146569646569,127.0
2020-10-10,51.5,80.1,13.6,30.1,1.0384734790364871,,,,0.6476,71200.0,41300.0,0.2268833487783378,0.2507146569646569,127.0
2020-10-11,51.0,76.8,10.0,30.2,1.0881047340633192,,,,0.9905,73500.0,37300.0,0.2268833487783378,0.2507146569646569,127.0
2020-10-12,52.5,77.3,8.3,30.0,1.1014987010979282,,,,0.4619,56900.0,28700.0,0.2268833487783378,0.2507146569646569,127.0
2020-10-13,50.4,84.9,8.0,29.8,1.1374826969137588,,,,0.1,42500.0,23100.0,0.2268833487783378,0.2507146569646569,127.0
2020-10-14,53.1,86.1,8.9,30.1,1.1699540775965829,,,,,43300.0,24400.0,0.2268833487783378,0.2507146569646569,127.0
2020-10-15,52.2,79.5,10.4,30.2,1.129553234082394,,,,,43200.0,19900.0,0.2268833487783378,0.2507146569646569,127.0
2020-10-16,53.3,78.5,7.1,30.2,1.085216249773596,,,,0.7533,62900.0,31300.0,0.2268833487783378,0.2507146569646569,127.0
2020-10-17,51.0,83.5,6.6,30.1,1.1701626508780976,,,,0.5526,67300.0,37800.0,0.2268833487783378,0.2507146569646569,127.0
2020-10-18,51.4,82.9,3.8,30.2,1.4476626903344327,,,,0.4895,65100.0,31000.0,0.2268833487783378,0.2507146569646569,127.0
2020-10-19,56.3,67.2,14.1,29.9,1.2455703757799974,,,,0.8105,46600.0,22300.0,0.2268833487783378,0.2507146569646569,127.0
2020-10-20,62.2,74.3,13.2,29.5,1.3207230543741209,,,,0.6421,35900.0,18800.0,0.2268833487783378,0.2507146569646569,127.0
2020-10-21,57.7,94.7,6.2,29.3,1.356596407888629,,,,0.2632,37600.0,21600.0,0.2268833487783378,0.2507146569646569,127.0
2020-10-22,56.2,74.3,14.7,29.7,1.1481743148863248,,,,0.5263,38300.0,18600.0,0.2268833487783378,0.2507146569646569,127.0
2020-10-23,57.2,80.1,12.2,29.6,1.349398039345056,,,,0.4632,52700.0,27300.0,0.2268833487783378,0.2507146569646569,127.0
2020-10-24,57.3,81.3,20.5,29.5,1.3341893824661273,,,,0.1684,61700.0,37600.0,0.2268833487783378,0.2507146569646569,127.0
2020-10-25,53.0,74.7,12.9,29.3,1.196291927817295,,,,0.5737,62800.0,29500.0,0.2268833487783378,0.2507146569646569,127.0
2020-10-26,50.8,80.7,11.7,29.4,1.2590606071206658,,,,0.5526,41000.0,19200.0,0.2268833487783378,0.2507146569646569,127.0
2020-10-27,52.3,91.7,16.3,29.3,1.2458230484957011,,,,0.3526,31300.0,15700.0,0.2268833487783378,0.2507146569646569,127.0
2020-10-28,50.7,78.4,12.8,29.5,1.1488698794564285,,,,0.4842,34500.0,18500.0,0.2268833487783378,0.2507146569646569,127.0
2020-10-29,54.8,89.8,13.6,29.8,1.1065134973039752,,,,0.2105,38000.0,18200.0,0.2268833487783378,0.2507146569646569,127.0
2020-10-30,60.9,84.6,13.1,29.9,1.136244916755633,,,,0.3,59400.0,30300.0,0.2268833487783378,0.2507146569646569,127.0
2020-10-31,56.2,83.2,19.2,29.7,1.0305784375953562,,,,0.1765,72400.0,46600.0,0.2268833487783378,0.2507146569646569,127.0
2020-11-01,60.8,81.0,19.0,29.5,1.239101828036616,,,,0.2353,71700.0,37100.0,0.2268833487783378,0.2507146569646569,127.0
2020-11-02,56.0,66.7,21.4,29.6,1.2302529162311984,,,,0.5647,40400.0,18700.0,0.2268833487783378,0.2507146569646569,127.0
2020-11-03,47.1,77.4,14.2,30.0,1.155965279744119,,,,0.4941,30900.0,12900.0,0.2268833487783378,0.2507146569646569,127.0
2020-11-04,49.2,73.5,5.7,30.5,1.1923443539316896,,,,0.5471,31400.0,13300.0,0.2268833487783378,0.2507146569646569,127.0
2020-11-05,46.6,84.2,4.4,30.6,1.3551715369799142,,,,0.5294,24600.0,11100.0,0.2268833487783378,0.2507146569646569,127.0
2020-11-06,50.1,72.3,4.8,30.3,1.1174487367788717,,,,0.5059,34600.0,15900.0,0.2268833487783378,0.2507146569646569,127.0
2020-11-07,52.4,86.4,2.8,30.1,1.4192427201388118,,,,0.5118,38100.0,22400.0,0.2268833487783378,0.2507146569646569,127.0
2020-11-09,56.6,92.8,7.0,30.1,1.3469002684251,,,,0.2588,21700.0,11000.0,0.2268833487783378,0.2507146569646569,127.0
2020-11-10,55.0,85.1,7.5,30.2,1.3400377511409651,,,,0.4929,16300.0,8300.0,0.2268833487783378,0.2507146569646569,127.0
2020-11-11,54.6,85.0,14.2,29.9,1.1721939095430418,,,,0.3059,13700.0,6300.0,0.2268833487783378,0.2507146569646569,127.0
2020-11-12,51.8,72.3,11.3,29.9,1.217032799085359,,,,0.1,15500.0,7100.0,0.2268833487783378,0.2507146569646569,127.0
2020-11-13,52.3,71.8,11.0,29.8,1.038464292066419,,,,0.3,22500.0,9800.0,0.2268833487783378,0.2507146569646569,127.0
2020-11-14,56.3,88.7,19.7,29.6,1.1326555006263752,,,,0.1,19800.0,9600.0,0.2268833487783378,0.2507146569646569,127.0
2020-11-15,51.3,73.5,17.4,29.3,1.2314523173733043,,,,0.3176,24300.0,10200.0,0.2268833487783378,0.2507146569646569,127.0
2020-11-16,50.7,74.6,12.2,29.9,1.2155233860621282,,,,0.36,18200.0,8200.0,0.2268833487783378,0.2507146569646569,127.0
2020-11-17,56.9,81.2,13.0,30.1,1.053977611906734,,,,0.2533,14000.0,6300.0,0.2268833487783378,0.2507146569646569,127.0
2020-11-18,57.1,76.7,17.3,29.8,1.2097116004460704,,,,0.3333,10400.0,4300.0,0.2268833487783378,0.2507146569646569,127.0
2020-11-19,47.2,73.0,11.3,30.3,1.0827384566732812,,,,0.28,13400.0,6000.0,0.2268833487783378,0.2507146569646569,127.0
2020-11-20,44.9,88.1,11.6,30.4,0.8677730707606218,,,,0.2133,19400.0,8200.0,0.2268833487783378,0.2507146569646569,127.0
2020-11-21,53.1,77.1,17.2,30.2,0.9296000209469898,,,,0.2667,17100.0,7200.0,0.2268833487783378,0.2507146569646569,127.0
2020-11-22,48.4,74.1,6.7,30.2,1.1311053922278744,19.34869106023899,,,0.3533,19700.0,7700.0,0.2268833487783378,0.2507146569646569,127.0
2020-11-23,44.2,84.1,7.9,30.2,1.128444299890122,10.392170170278131,,,0.3,15100.0,6000.0,0.2268833487783378,0.2507146569646569,127.0
2020-11-24,51.3,78.1,13.3,29.9,1.1013232142479452,1.0207844865540183,,,0.34,10100.0,4200.0,0.2268833487783378,0.2507146569646569,127.0
2020-11-25,50.4,90.6,10.3,29.8,0.9197719753216376,3.8847824826613095,,,0.12,11100.0,4400.0,0.2268833487783378,0.2507146569646569,127.0
2020-11-26,40.7,92.4,1.8,30.1,1.339345692288123,1.0125395771900556,,,0.2933,14500.0,6200.0,0.2268833487783378,0.2507146569646569,127.0
2020-11-27,36.9,99.6,2.8,30.0,1.1276332418532835,1.0245116313556486,,,0.2467,22100.0,9600.0,0.2268833487783378,0.2507146569646569,127.0
2020-11-30,47.0,90.3,13.0,30.1,1.1215949866846824,6.095065682963389,,,0.1467,17000.0,6700.0,0.2268833487783378,0.2507146569646569,127.0
2020-12-01,43.9,78.3,12.4,30.2,1.0908827780914057,4.563975242900728,,,0.3067,13900.0,5700.0,0.2268833487783378,0.2507146569646569,127.0
2020-12-02,42.0,85.9,6.8,29.9,1.069726921471988,1.0098309968806367,,,0.1667,14300.0,5700.0,0.2268833487783378,0.2507146569646569,127.0
2020-12-03,42.6,92.7,10.8,29.0,1.1176108810640415,11.062236608733654,,,0.0643,21100.0,9000.0,0.2268833487783378,0.2507146569646569,127.0
2020-12-04,38.5,89.0,12.9,28.8,1.1324291581037504,6.020741085228787,,,0.1429,28800.0,12100.0,0.2268833487783378,0.2507146569646569,127.0
2020-12-07,32.0,99.6,3.7,29.4,1.1552852409217682,10.337101885838532,,,0.1571,24700.0,10100.0,0.2268833487783378,0.2507146569646569,127.0
2020-12-08,35.4,94.1,5.8,29.6,1.404077334362891,6.311910822926199,,,0.1,17900.0,7400.0,0.2268833487783378,0.2507146569646569,127.0
2020-12-09,42.5,89.2,8.3,29.6,1.2818938444134615,1.0088729506560004,,,,19100.0,8200.0,0.2268833487783378,0.2507146569646569,127.0
2020-12-10,41.6,89.8,9.2,29.5,1.351430132400161,10.209486185535097,,,,27100.0,12300.0,0.2268833487783378,0.2507146569646569,127.0
2020-12-11,48.8,93.6,4.3,29.0,1.097123405345468,1.9061718563807348,,,,39800.0,19400.0,0.2268833487783378,0.2507146569646569,127.0
2020-12-14,52.3,81.2,14.0,29.4,1.2924973917538,7.478983432073107,,,,26700.0,12200.0,0.2268833487783378,0.2507146569646569,127.0
2020-12-15,48.1,83.3,10.5,29.6,1.4239918623729435,8.561300205513604,,,,24900.0,11400.0,0.2268833487783378,0.2507146569646569,127.0
2020-12-16,49.1,84.9,16.9,29.6,1.3286832911833022,6.143295120052509,,,,25100.0,11700.0,0.2268833487783378,0.2507146569646569,127.0
2020-12-17,47.0,85.2,10.6,29.9,1.3237423689310288,4.281695017133581,,,,40400.0,18000.0,0.2268833487783378,0.2507146569646569,127.0
2020-12-18,53.7,88.3,20.1,29.7,1.2020130523617472,1.247936257933859,,,,57600.0,24900.0,0.2268833487783378,0.2507146569646569,127.0
2020-12-21,53.5,92.8,12.8,29.5,1.2498778689907817,2.933773666194723,,,,32700.0,14800.0,0.2268833487783378,0.2507146569646569,127.0
2020-12-22,45.8,85.0,3.9,29.9,1.4689906654292837,2.4622577842180173,,,,22600.0,12000.0,0.2268833487783378,0.2507146569646569,127.0
2020-12-23,51.5,96.8,3.7,29.6,1.179022418735417,2.58710914766801,,,,22600.0,12300.0,0.2268833487783378,0.2507146569646569,127.0
2020-12-24,38.3,79.7,16.0,30.1,0.8991659292802803,1.738334542385744,,,,16800.0,8700.0,0.2268833487783378,0.2507146569646569,127.0
2021-01-05,39.1,82.8,12.9,30.1,1.0279405067853988,3.923234329207508,,,0.2357,30100.0,9800.0,0.2268833487783378,0.2507146569646569,127.0
2021-01-06,38.9,84.8,7.9,30.1,1.0109050625989215,4.158148357619383,,,0.25,26600.0,8300.0,0.2268833487783378,0.2507146569646569,127.0
2021-01-07,34.5,84.2,7.1,30.0,0.8901553047402004,2.6861580722373377,,,0.2357,24400.0,7900.0,0.2268833487783378,0.2507146569646569,127.0
2021-01-08,32.9,92.6,3.9,30.0,0.883541618967224,2.774841468894426,,,0.1286,33200.0,8800.0,0.2268833487783378,0.2507146569646569,127.0
2021-01-11,44.5,77.2,15.1,29.9,0.9519626390475528,4.695557134947775,,,0.2,19500.0,6400.0,0.2268833487783378,0.2507146569646569,127.0
2021-01-12,40.3,80.7,8.3,29.9,0.9277163361621812,2.813772914002348,,,0.2267,12500.0,4200.0,0.2268833487783378,0.2507146569646569,127.0
2021-01-13,38.2,94.6,4.9,30.0,0.9067245959668478,2.4723164629717624,,,0.1867,13600.0,4500.0,0.2268833487783378,0.2507146569646569,127.0
2021-01-14,36.8,93.4,9.2,30.0,0.9466032093604466,2.851328280705624,,,0.1,13200.0,4600.0,0.2268833487783378,0.2507146569646569,127.0
2021-01-15,35.6,92.1,2.0,30.4,0.908925249112881,1.3801153953969187,,,0.2692,19100.0,5200.0,0.2268833487783378,0.2507146569646569,127.0
2021-01-18,42.1,85.9,11.9,30.0,1.0248674908937625,2.7489221127507486,,,0.2867,12700.0,3500.0,0.2268833487783378,0.2507146569646569,127.0
2021-01-19,51.7,84.7,19.4,29.5,1.0588906249585388,2.2772853410705114,,,0.2,8900.0,3400.0,0.2268833487783378,0.2507146569646569,127.0
2021-01-20,50.1,86.0,21.6,29.1,1.0026451834214118,1.2971133537347483,,,0.0733,8800.0,3100.0,0.2268833487783378,0.2507146569646569,127.0
2021-01-21,43.6,74.8,18.0,29.0,1.0725801616697723,2.182057785614853,,,0.3133,11900.0,3900.0,0.2268833487783378,0.2507146569646569,127.0
2021-01-22,40.8,76.6,9.5,29.3,1.0673125228787737,0.9577975126687628,,,0.4,14400.0,4400.0,0.2268833487783378,0.2507146569646569,127.0
2021-01-25,34.2,81.0,11.8,29.7,1.0871463286856786,1.1665511421175845,,,0.4467,9900.0,3200.0,0.2268833487783378,0.2507146569646569,127.0
2021-01-26,37.1,89.5,7.6,29.9,1.1207658639457097,1.9241856939295177,,,0.18,7000.0,2700.0,0.2268833487783378,0.2507146569646569,127.0
2021-01-27,46.2,93.0,6.9,29.8,1.1054153172998005,1.377801130509812,,,0.2063,8100.0,2900.0,0.2268833487783378,0.2507146569646569,127.0
2021-01-28,53.1,82.3,12.8,29.5,1.0874819606687136,0.986018885010082,,,0.35,9200.0,3300.0,0.2268833487783378,0.2507146569646569,127.0
2021-01-29,49.6,78.7,13.0,29.4,1.0748993269798186,0.9127818557521798,,,0.3267,14300.0,4400.0,0.2268833487783378,0.2507146569646569,127.0
2021-02-01,38.0,82.3,5.4,29.4,1.1242795813961752,1.8377758147299064,,,0.1176,10000.0,2800.0,0.2268833487783378,0.2507146569646569,127.0
2021-02-02,50.8,86.3,10.1,29.3,1.0567303259031673,0.8216102180436969,,,0.3588,8300.0,2700.0,0.2268833487783378,0.2507146569646569,127.0
2021-02-03,47.1,82.0,7.7,29.3,1.103090338393679,1.449483473033625,,,0.2706,7900.0,2500.0,0.2268833487783378,0.2507146569646569,127.0
2021-02-04,44.4,94.7,7.2,29.7,1.0854042099034016,1.22576567212725,,,0.1824,9500.0,2800.0,0.2268833487783378,0.2507146569646569,127.0
2021-02-05,47.9,80.0,7.8,29.7,1.0553460081320978,0.3714923828035297,,,0.4235,13600.0,3700.0,0.2268833487783378,0.2507146569646569,127.0
2021-02-08,30.1,85.0,11.0,29.6,1.0626585401156885,1.0523598686357465,,,0.3176,10300.0,2900.0,0.2268833487783378,0.2507146569646569,127.0
2021-02-09,33.1,75.8,7.7,29.7,1.054424113246308,0.9498251009089782,,,0.2882,7600.0,2200.0,0.2268833487783378,0.2507146569646569,127.0
2021-02-10,33.5,69.6,10.1,30.0,1.0604840610338475,1.2534220431396883,,,0.4765,9300.0,2600.0,0.2268833487783378,0.2507146569646569,127.0
2021-02-11,32.2,67.7,9.0,30.3,1.0383086452072603,0.7327206003701235,,,0.5235,10400.0,3500.0,0.2268833487783378,0.2507146569646569,127.0
2021-02-12,30.7,61.7,10.8,30.4,1.0523587495395943,1.088140163301781,,,0.6706,17200.0,5200.0,0.2268833487783378,0.2507146569646569,127.0
2021-02-15,50.1,82.3,10.9,30.0,1.0541527288520736,1.7272453141492663,,,0.5474,8400.0,2400.0,0.2268833487783378,0.2507146569646569,127.0
2021-02-16,46.5,82.7,9.3,27.9,1.053331669908015,1.708273695346143,,,0.2789,6600.0,2100.0,0.2268833487783378,0.2507146569646569,127.0
2021-02-17,51.1,91.0,14.6,29.7,1.037790064742437,1.4393310135246071,,,0.2105,8300.0,2400.0,0.2268833487783378,0.2507146569646569,127.0
2021-02-18,48.4,73.6,15.9,29.5,0.9910950552530752,1.5749340479161489,,,0.4,8100.0,2600.0,0.2268833487783378,0.2507146569646569,127.0
2021-02-19,50.0,78.1,20.1,29.7,0.9990998938255532,1.4525737383534632,,,0.3105,12100.0,3300.0,0.2268833487783378,0.2507146569646569,127.0
2021-02-22,48.9,89.3,5.7,29.9,0.9937620843903204,2.238507511282876,,,0.2278,8800.0,2700.0,0.2268833487783378,0.2507146569646569,127.0
2021-02-23,55.1,59.1,19.2,30.1,0.9931433439258064,1.678778440708658,,,1.2063,7300.0,2600.0,0.2268833487783378,0.2507146569646569,127.0
2021-02-24,60.2,62.8,16.6,30.1,0.9907673391922984,1.1857917462317809,,,0.9211,9100.0,2700.0,0.2268833487783378,0.2507146569646569,127.0
2021-02-25,51.6,65.7,8.8,30.3,0.9891527085602012,1.31878466405773,,,0.6737,9900.0,3300.0,0.2268833487783378,0.2507146569646569,127.0
2021-02-26,49.9,59.5,7.3,30.6,0.9946358879543006,0.8996086946627995,,,1.0789,15000.0,4800.0,0.2268833487783378,0.2507146569646569,127.0
2021-03-01,43.8,83.9,6.3,30.4,0.9932666609417062,0.8977627869696644,,,0.8,12300.0,3900.0,0.2268833487783378,0.2507146569646569,127.0
2021-03-02,43.7,84.5,4.4,30.4,0.9936441689443636,1.01163708272667,,,0.6143,10500.0,3900.0,0.2268833487783378,0.2507146569646569,127.0
2021-03-03,42.6,87.3,1.9,30.3,0.9933395262910047,0.9804803690806364,,,0.3714,10400.0,3500.0,0.2268833487783378,0.2507146569646569,127.0
2021-03-04,41.6,85.3,9.6,30.2,0.9931071336531404,1.0980070222873626,,,0.2952,11300.0,4400.0,0.2268833487783378,0.2507146569646569,127.0
2021-03-05,42.4,58.7,8.3,30.4,0.9963439877524104,0.9428844628500408,,,0.5857,16300.0,5700.0,0.2268833487783378,0.2507146569646569,127.0
2021-03-08,45.4,71.5,7.3,30.1,0.9971893688940358,1.0425905764371903,,,0.8524,11000.0,3500.0,0.2268833487783378,0.2507146569646569,127.0
2021-03-09,50.1,63.8,7.8,30.0,0.9957677142920636,1.4507466007625287,,,1.2143,9100.0,3800.0,0.2268833487783378,0.2507146569646569,127.0
2021-03-10,46.0,88.8,21.7,29.6,0.995259701656856,1.2817834800014445,,,0.2476,9800.0,3200.0,0.2268833487783378,0.2507146569646569,127.0
2021-03-11,49.6,63.7,22.0,29.3,0.9957437409576207,1.1213769132368894,,,0.8429,10300.0,4300.0,0.2268833487783378,0.2507146569646569,127.0
2021-03-12,48.9,56.8,22.9,29.4,0.9968662204743488,0.926752967558589,,,0.7045,15000.0,5300.0,0.2268833487783378,0.2507146569646569,127.0
2021-03-15,50.1,63.8,11.4,30.1,0.9972924597253888,1.590973259743921,,,0.7652,11200.0,3500.0,0.2268833487783378,0.2507146569646569,127.0
2021-03-16,51.8,84.6,14.5,30.2,0.9978587546108058,1.0521571555180005,,,0.9087,9700.0,4100.0,0.2268833487783378,0.2507146569646569,127.0
2021-03-17,47.0,74.7,12.6,30.4,0.9969635208719472,1.3875268310683222,,,0.6174,9900.0,3900.0,0.2268833487783378,0.2507146569646569,127.0
2021-03-18,45.5,85.6,9.8,30.3,0.9967658941035952,1.0496204336282045,,,0.5435,12000.0,5300.0,0.2268833487783378,0.2507146569646569,127.0
2021-03-19,48.2,65.6,10.7,30.3,0.9987434809625068,1.2409194595733142,,,1.0043,14400.0,4700.0,0.2268833487783378,0.2507146569646569,127.0
2021-03-22,46.1,71.3,9.0,30.2,0.9990233532705344,1.016761637117939,,,1.4652,9600.0,2900.0,0.2268833487783378,0.2507146569646569,127.0
2021-03-23,52.2,59.4,12.5,30.1,0.9993484248410732,1.4108059647635574,,,1.1522,8500.0,3400.0,0.2268833487783378,0.2507146569646569,127.0
2021-03-24,53.1,68.4,11.2,30.1,0.9985990437392532,1.1221644662103338,,,0.7458,8600.0,2900.0,0.2268833487783378,0.2507146569646569,127.0
2021-03-25,52.9,72.5,13.8,30.0,0.9988200914049556,1.1899351105873197,,,1.0667,11200.0,4100.0,0.2268833487783378,0.2507146569646569,127.0
2021-03-26,51.1,71.8,18.4,29.7,1.000925455499441,1.091466596934906,,,0.6042,16800.0,6000.0,0.2268833487783378,0.2507146569646569,127.0
2021-03-29,61.1,67.9,15.5,30.2,0.999759093411323,1.1160365803744114,,,1.5125,12500.0,4400.0,0.2268833487783378,0.2507146569646569,127.0
2021-03-30,68.7,39.5,8.0,30.3,0.9996746050499372,1.289839297232722,,,1.6625,11700.0,4700.0,0.2268833487783378,0.2507146569646569,127.0
2021-03-31,66.1,55.2,6.3,30.0,0.998967260075723,0.9794288387072976,,,0.8542,12700.0,4500.0,0.2268833487783378,0.2507146569646569,127.0
2021-04-01,49.8,70.7,13.7,30.3,0.9988642633388533,1.0877436259288151,,,1.0375,16100.0,6300.0,0.2268833487783378,0.2507146569646569,127.0
2021-04-02,44.9,66.3,14.0,30.4,0.9998978498422648,0.9189183291941596,,,1.576,18200.0,6500.0,0.2268833487783378,0.2507146569646569,127.0
2021-04-03,43.3,69.3,9.8,30.4,1.0003017539927497,1.0196887913295254,,,0.796,16100.0,6200.0,0.2268833487783378,0.2507146569646569,127.0
2021-04-05,41.2,36.4,16.9,30.0,1.0002921677375525,1.3917451375668657,,,0.6667,15300.0,5100.0,0.2268833487783378,0.2507146569646569,127.0
2021-04-06,41.9,38.2,16.2,30.0,0.9997865236639436,1.287553386491119,,,1.3095,14300.0,5500.0,0.2268833487783378,0.2507146569646569,127.0
2021-04-07,42.6,40.3,13.3,30.2,0.9997982325587368,1.0518343734781268,,,0.9423,15600.0,6200.0,0.2268833487783378,0.2507146569646569,127.0
2021-04-08,51.0,57.2,16.7,30.1,0.9999377337033326,1.0560728193261193,,,1.1423,18800.0,7700.0,0.2268833487783378,0.2507146569646569,127.0
2021-04-09,47.6,69.3,8.9,29.8,1.0007559659384866,0.9907464788006708,,,1.4269,18800.0,6300.0,0.2268833487783378,0.2507146569646569,127.0
2021-04-12,45.7,44.6,7.8,30.3,1.000510806737366,1.0624235418300434,,,1.1423,15400.0,4600.0,0.2268833487783378,0.2507146569646569,127.0
2021-04-13,50.2,34.8,7.3,30.4,1.000884229743228,1.0978711676168769,,,1.0308,11300.0,3900.0,0.2268833487783378,0.2507146569646569,127.0
2021-04-14,48.3,46.6,10.8,30.4,1.000146330336077,1.2615121399429996,,,1.3077,11800.0,3500.0,0.2268833487783378,0.2507146569646569,127.0
2021-04-15,44.3,63.6,8.7,30.5,1.0004150829017056,1.0962081951452698,,,1.3692,12900.0,4400.0,0.2268833487783378,0.2507146569646569,127.0
2021-04-16,48.4,53.1,5.8,30.4,1.0011643654878144,0.9982833679220636,,,1.4962,18400.0,5900.0,0.2268833487783378,0.2507146569646569,127.0
2021-04-19,53.4,63.1,3.5,30.1,1.001289699166484,1.031251007240455,,,2.2038,13400.0,4200.0,0.2268833487783378,0.2507146569646569,127.0
2021-04-20,57.9,55.7,4.3,30.0,1.0010658646637396,0.998168305799376,,,1.9593,10300.0,3400.0,0.2268833487783378,0.2507146569646569,127.0
2021-04-21,53.6,53.8,12.5,30.1,1.0006747983423918,1.0647452263001942,,,1.6393,10700.0,3500.0,0.2268833487783378,0.2507146569646569,127.0
2021-04-22,53.7,41.9,6.0,30.3,1.0009920123857294,1.1643869347647509,,,2.275,11900.0,4300.0,0.2268833487783378,0.2507146569646569,127.0
2021-04-23,57.9,35.6,9.3,30.3,1.0014553370949386,1.1644154843680914,,,2.3679,17600.0,6100.0,0.2268833487783378,0.2507146569646569,127.0
2021-04-26,50.9,48.2,6.7,30.1,1.001461440048448,1.0341905218296847,,,2.3143,11700.0,3800.0,0.2268833487783378,0.2507146569646569,127.0
2021-04-27,53.4,48.5,4.2,29.8,1.001049343419202,1.3829824719298058,,,1.4107,8500.0,3000.0,0.2268833487783378,0.2507146569646569,127.0
2021-04-28,55.1,40.9,13.1,29.6,1.0008982883588144,1.2538574955206077,,,0.3964,10300.0,3100.0,0.2268833487783378,0.2507146569646569,127.0
2021-04-29,48.0,54.2,11.2,29.8,1.0015324104232015,1.190725321086247,,,1.3074,11800.0,4000.0,0.2268833487783378,0.2507146569646569,127.0
2021-04-30,50.8,45.3,8.1,29.9,1.0010883095616447,1.1564597745536904,,,1.4607,17700.0,5900.0,0.2268833487783378,0.2507146569646569,127.0
2021-05-04,49.2,67.1,22.4,29.4,1.000665669791009,1.1831083244564644,19.89887264270377,,2.1179,9500.0,3000.0,0.2268833487783378,0.2507146569646569,127.0
2021-05-05,48.5,55.8,13.5,29.7,1.0005389223615266,1.060746505995414,6.332286985290962,,1.6444,10500.0,3000.0,0.2268833487783378,0.2507146569646569,127.0
2021-05-06,45.9,65.8,6.0,29.6,1.000535746378803,1.150172824442792,10.630395907613014,,1.5214,10800.0,3600.0,0.2268833487783378,0.2507146569646569,127.0
2021-05-07,53.3,41.6,12.2,29.9,1.0008510208761674,1.0884771009731586,7.306930465631625,,1.5069,17300.0,5200.0,0.2268833487783378,0.2507146569646569,127.0
2021-05-10,59.9,56.8,20.6,29.5,1.0006857195921497,1.2872639670163002,11.762930680883684,,1.7448,13700.0,3800.0,0.2268833487783378,0.2507146569646569,127.0
2021-05-11,59.9,60.0,11.5,29.7,1.000787844207437,1.1735299251036535,6.024483853680405,,1.6233,9600.0,3300.0,0.2268833487783378,0.2507146569646569,127.0
2021-05-12,58.8,51.5,8.9,29.7,1.000605428509752,1.142487917987679,4.738154359645257,,1.5767,10500.0,3100.0,0.2268833487783378,0.2507146569646569,127.0
2021-05-13,56.5,71.9,6.5,29.7,1.0005807064776506,1.1419226185364717,5.829925028858337,,0.9433,10800.0,3300.0,0.2268833487783378,0.2507146569646569,127.0
2021-05-14,52.7,67.3,7.7,29.8,1.000650630857871,1.2229596040819195,7.325100090026519,,0.7567,15200.0,4500.0,0.2268833487783378,0.2507146569646569,127.0
2021-05-17,54.2,73.5,5.7,29.6,1.0005970752234332,1.082745693389925,4.128363410085054,,1.39,16400.0,4500.0,0.2268833487783378,0.2507146569646569,127.0
2021-05-18,57.9,56.4,10.9,29.8,1.0006127973463843,1.1854977021913242,7.732221512287314,,1.8433,12800.0,3800.0,0.2268833487783378,0.2507146569646569,127.0
2021-05-19,58.1,56.8,9.3,30.0,1.0003206552008743,1.157529222631356,6.039522188944908,,2.0633,14800.0,4000.0,0.2268833487783378,0.2507146569646569,127.0
2021-05-20,53.9,72.2,17.9,29.8,1.000758274061424,1.1028436059539972,4.845141241974661,,1.01,16200.0,4800.0,0.2268833487783378,0.2507146569646569,127.0
2021-05-21,52.5,81.2,20.9,29.3,1.0007523639423734,1.0449989122377494,4.255327339644721,,0.84,23500.0,7900.0,0.2268833487783378,0.2507146569646569,127.0
2021-05-24,53.6,68.3,11.6,29.5,1.0006677660731709,1.12722319775512,4.453602925811069,,1.3333,18000.0,6000.0,0.2268833487783378,0.2507146569646569,127.0
2021-05-25,51.0,58.8,14.7,27.7,1.0004730104847834,1.1498872883449531,5.069215229194013,,1.1167,14500.0,5100.0,0.2268833487783378,0.2507146569646569,127.0
2021-05-26,54.1,69.2,13.0,29.9,1.0004802655862357,1.0251981343723149,1.7308446956540946,,1.9367,18900.0,6900.0,0.2268833487783378,0.2507146569646569,127.0
2021-05-27,58.4,69.4,5.8,30.1,1.000654304415133,1.1701181408037298,5.812823681851255,,2.2267,19300.0,7800.0,0.2268833487783378,0.2507146569646569,127.0
2021-05-28,62.8,62.4,3.7,30.2,1.000835752166466,1.0726561736544924,3.252807131793361,,1.4417,28600.0,11100.0,0.2268833487783378,0.2507146569646569,127.0
2021-05-31,69.5,54.1,6.8,30.1,1.0006399599291818,1.132476952845518,5.3662730267838334,,2.6667,26400.0,11200.0,0.2268833487783378,0.2507146569646569,127.0
2021-06-01,74.0,44.3,7.8,29.9,1.0005005236636828,1.1086205999126435,4.608174820406783,,3.0967,25600.0,10800.0,0.2268833487783378,0.2507146569646569,127.0
2021-06-02,76.0,42.0,8.3,29.9,1.0004267047161937,1.063526439466331,3.2213037667829965,,2.0452,24500.0,10000.0,0.2268833487783378,0.2507146569646569,127.0
2021-06-03,71.6,61.9,9.0,30.0,1.0004084144912475,1.0617058808027977,3.2592468363621347,,2.4194,26200.0,11500.0,0.2268833487783378,0.2507146569646569,127.0
2021-06-04,59.6,81.9,9.2,30.2,1.0006429904438914,1.0206515845983646,1.7954627719142373,,1.0839,35500.0,16700.0,0.2268833487783378,0.2507146569646569,127.0
2021-06-05,64.0,60.5,4.8,30.2,1.000817699056621,1.135411637810452,6.109610043931913,,2.4688,40400.0,20700.0,0.2268833487783378,0.2507146569646569,127.0
2021-06-07,71.6,57.5,9.6,30.2,1.000750691820147,1.018716612915434,1.7676868219986714,,2.2344,33700.0,16700.0,0.2268833487783378,0.2507146569646569,127.0
2021-06-08,71.8,50.5,4.9,30.1,1.0005799361236658,1.0350940299423468,2.553697721058068,,3.0,21600.0,8900.0,0.2268833487783378,0.2507146569646569,127.0
2021-06-09,74.0,41.7,9.3,30.1,1.0004480960376767,1.066911880761005,4.072168514956129,,3.1781,23600.0,9900.0,0.2268833487783378,0.2507146569646569,127.0
2021-06-10,71.2,64.9,9.9,30.1,1.0007430706720843,1.0809228743033057,4.622518368211912,,2.1063,23400.0,9800.0,0.2268833487783378,0.2507146569646569,127.0
2021-06-11,69.9,66.5,13.8,30.0,1.0008527323749994,1.0010962623195223,1.0005124122191102,,2.0563,29800.0,12300.0,0.2268833487783378,0.2507146569646569,127.0
2021-06-14,76.3,51.6,9.7,30.1,1.0006687592506192,1.0888823500262972,5.746807856743356,,2.9406,24300.0,10500.0,0.2268833487783378,0.2507146569646569,127.0
2021-06-15,70.0,52.2,3.8,30.1,1.0006302534320892,1.0125401866086958,1.702766616573615,,3.025,20800.0,8100.0,0.2268833487783378,0.2507146569646569,127.0
2021-06-16,78.2,46.7,8.7,29.8,1.0004624418767398,1.0332585222477422,3.0891483650160803,,2.625,22000.0,9000.0,0.2268833487783378,0.2507146569646569,127.0
2021-06-17,64.5,84.7,8.3,29.8,1.0006062403835383,1.052377603559353,4.315582490601179,,1.2484,23700.0,9700.0,0.2268833487783378,0.2507146569646569,127.0
2021-06-18,55.0,94.3,14.1,29.9,1.0009142711902057,1.039088214302735,3.542152050642541,,0.4438,28400.0,12500.0,0.2268833487783378,0.2507146569646569,127.0
2021-06-21,58.9,68.6,13.7,29.9,1.0007735817272343,1.053503738685338,4.551185906777798,,0.7938,25900.0,10400.0,0.2268833487783378,0.2507146569646569,127.0
2021-06-22,60.0,54.8,14.3,30.1,1.000677054716801,1.0740934817395884,5.992633572451661,,1.7281,22000.0,8800.0,0.2268833487783378,0.2507146569646569,127.0
2021-06-23,65.8,49.6,4.6,30.2,1.0006554812420052,1.0374235623767696,3.5918690649738103,,2.4063,23900.0,9200.0,0.2268833487783378,0.2507146569646569,127.0
2021-06-24,64.8,70.2,8.7,30.1,1.0007102991092396,1.0640186387764043,5.674785246304918,,1.2125,24700.0,10000.0,0.2268833487783378,0.2507146569646569,127.0
2021-06-25,63.5,64.3,10.7,29.9,1.0010479776919707,1.026250627988161,2.869526656735388,,1.7781,32200.0,13100.0,0.2268833487783378,0.2507146569646569,127.0
2021-06-28,60.4,93.3,7.2,29.9,1.001177792138416,1.032458582098119,3.413036815152961,,0.8938,29000.0,11000.0,0.2268833487783378,0.2507146569646569,127.0
2021-06-29,61.9,73.5,10.9,29.9,1.0011463470837814,1.0279929509553063,3.285335347925288,,1.4063,24800.0,9700.0,0.2268833487783378,0.2507146569646569,127.0
2021-06-30,58.2,79.8,10.6,30.0,1.0009414160555308,1.0315867776075809,3.6730208799937816,,1.4563,28500.0,11400.0,0.2268833487783378,0.2507146569646569,127.0
2021-07-01,64.1,55.9,6.3,30.0,1.0009818987794583,1.0178271294014754,2.568939333897511,,1.7484,29500.0,13300.0,0.2268833487783378,0.2507146569646569,127.0
2021-07-02,71.0,60.7,3.6,29.9,1.0012126972298994,1.0114982469794889,2.028074378242617,,2.2,33300.0,15600.0,0.2268833487783378,0.2507146569646569,127.0
2021-07-03,66.4,82.0,7.8,29.8,1.0018274174160051,1.020040819851037,2.9455354211065643,,1.429,34800.0,18000.0,0.2268833487783378,0.2507146569646569,127.0
2021-07-05,67.0,55.7,12.1,29.6,1.0019699563961189,1.0354548963572792,4.543668900948118,,1.9903,31400.0,13900.0,0.2268833487783378,0.2507146569646569,127.0
2021-07-06,62.1,71.6,14.8,29.4,1.0018545727286945,1.0372456779369397,4.902874052623069,,1.9129,25100.0,11300.0,0.2268833487783378,0.2507146569646569,127.0
2021-07-07,67.2,67.9,12.2,29.8,1.001553415061964,1.0335359429955082,4.247661450620664,,1.6774,26200.0,12000.0,0.2268833487783378,0.2507146569646569,127.0
2021-07-08,65.8,73.8,5.4,30.0,1.0018448894240108,1.023126974037015,3.419051958348894,,1.6483,30600.0,16100.0,0.2268833487783378,0.2507146569646569,127.0
2021-07-09,69.2,70.6,3.0,30.1,1.0026986371223634,1.0234155866760355,3.6897023118910086,,2.5968,37800.0,20100.0,0.2268833487783378,0.2507146569646569,127.0
2021-07-12,65.7,76.8,5.7,29.8,1.00259780970307,1.037494513334945,5.577752686543235,,1.8677,36900.0,20300.0,0.2268833487783378,0.2507146569646569,127.0
2021-07-13,66.4,74.7,10.1,29.9,1.0025537907166768,1.044951115689528,5.840320066831152,,1.8452,29700.0,16500.0,0.2268833487783378,0.2507146569646569,127.0
2021-07-14,67.5,69.6,12.2,30.0,1.0020016269803054,1.0353558679210209,5.979803109780003,,2.1452,31700.0,16500.0,0.2268833487783378,0.2507146569646569,127.0
2021-07-15,65.9,72.3,13.8,30.1,1.0023586772602702,1.0313826304123783,4.493939188180785,,1.5935,34000.0,18900.0,0.2268833487783378,0.2507146569646569,127.0
2021-07-16,70.8,54.8,12.1,30.3,1.0034633946478857,1.0205878176922354,2.659371698007733,,3.3033,44100.0,24900.0,0.2268833487783378,0.2507146569646569,127.0
2021-07-19,78.6,55.8,5.2,30.1,1.0037254993104847,1.0162451688798966,3.006135817067575,,2.82,57600.0,32300.0,0.2268833487783378,0.2507146569646569,127.0
2021-07-20,75.0,66.0,6.4,30.1,1.0033495101502672,1.012135370081598,2.1267980583765254,,2.9533,46400.0,25800.0,0.2268833487783378,0.2507146569646569,127.0
2021-07-21,77.7,61.1,5.4,30.1,1.0025672689944949,1.0088945925725274,1.4512978752106656,,2.3167,42900.0,22900.0,0.2268833487783378,0.2507146569646569,127.0
2021-07-22,77.4,54.1,4.1,30.1,1.0029412956887327,1.0107895004582186,1.6764654336026543,,2.025,43600.0,23700.0,0.2268833487783378,0.2507146569646569,127.0
2021-07-23,67.0,70.0,7.3,30.0,1.0048225407629354,1.010964655860869,1.1476660852038425,,3.0,56000.0,31300.0,0.2268833487783378,0.2507146569646569,127.0
2021-07-26,71.4,60.3,3.5,29.8,1.0055757554565763,1.0128282578332355,1.2044360273395125,,1.6067,59100.0,33000.0,0.2268833487783378,0.2507146569646569,127.0
2021-07-27,69.2,66.0,8.1,29.7,1.0054843659084178,1.0147269619796404,1.6100111771667112,,1.7167,52500.0,29100.0,0.2268833487783378,0.2507146569646569,127.0
2021-07-28,66.8,62.1,14.7,29.6,1.005092027664956,1.0148174806908852,1.7149059084005436,,1.4033,53700.0,29600.0,0.2268833487783378,0.2507146569646569,127.0
2021-07-29,67.2,49.3,16.9,29.7,1.0056666499796425,1.0135682954683345,1.312489795404547,,2.18,59500.0,34100.0,0.2268833487783378,0.2507146569646569,127.0
2021-07-30,62.4,80.8,15.1,29.5,1.0088613001126383,1.0174052908858977,1.3165402032205622,,1.1897,78100.0,45600.0,0.2268833487783378,0.2507146569646569,127.0
2021-08-03,65.0,61.3,5.6,29.9,1.0079873368639969,1.0102163957349315,2.108640292153215,,2.2276,59200.0,33700.0,0.2268833487783378,0.2507146569646569,127.0
2021-08-04,68.9,51.6,5.6,29.9,1.0073456129006149,1.0093936387771143,2.338312360046908,,1.8517,65900.0,37300.0,0.2268833487783378,0.2507146569646569,127.0
2021-08-05,67.2,62.7,12.1,29.6,1.0077486892858336,1.0099095346204952,2.4460279880806373,,1.1103,72200.0,42000.0,0.2268833487783378,0.2507146569646569,127.0
2021-08-06,67.9,65.4,18.1,29.4,1.010773313051892,1.0137835929842722,2.264802276393484,,1.7179,90900.0,53600.0,0.2268833487783378,0.2507146569646569,127.0
2021-08-09,64.3,71.3,10.2,29.8,1.010340787877589,1.013226349453397,2.0553401456776776,,1.5321,95400.0,54600.0,0.2268833487783378,0.2507146569646569,127.0
2021-08-10,68.3,63.0,9.8,29.9,1.009831313742788,1.0125729643854224,1.9885420921839785,,2.0036,84200.0,47800.0,0.2268833487783378,0.2507146569646569,127.0
2021-08-11,71.1,54.3,9.4,30.0,1.0085618735148558,1.0109465478258295,2.099368291258122,,1.9071,86100.0,49900.0,0.2268833487783378,0.2507146569646569,127.0
2021-08-12,69.3,68.3,10.9,30.0,1.0093035928762943,1.011895652263085,2.455063512461601,,1.075,89000.0,51600.0,0.2268833487783378,0.2507146569646569,127.0
2021-08-13,67.7,63.4,15.4,30.1,1.013705378178524,1.0175306830496116,1.1636764252819627,,1.3893,104200.0,60400.0,0.2268833487783378,0.2507146569646569,127.0
2021-08-16,62.5,65.5,14.8,29.9,1.0189505774157168,1.0242386148565066,1.9245909187603247,,1.3679,111500.0,63200.0,0.2268833487783378,0.2507146569646569,127.0
2021-08-17,60.8,80.7,11.4,30.0,1.0165943124536223,1.0212203166678724,2.07236166889782,,0.7381,97400.0,54900.0,0.2268833487783378,0.2507146569646569,127.0
2021-08-18,66.4,61.1,13.1,29.9,1.0111123527786188,1.0142031974009167,1.6474792312811926,,1.7964,100400.0,57900.0,0.2268833487783378,0.2507146569646569,127.0
2021-08-19,65.8,64.9,9.3,29.9,1.0101449293060585,1.012964282917296,1.7589415648155466,,1.5071,108800.0,63800.0,0.2268833487783378,0.2507146569646569,127.0
2021-08-20,63.1,67.4,5.8,29.9,1.0132234863347236,1.0169024138039324,1.6398688141057716,,0.9704,126400.0,74100.0,0.2268833487783378,0.2507146569646569,127.0
2021-08-23,65.0,67.2,10.7,30.3,1.0079567815552326,1.0101614849533591,1.906579884487,,1.25,125500.0,72300.0,0.2268833487783378,0.2507146569646569,127.0
2021-08-24,67.9,59.5,9.1,30.4,1.0068022185415253,1.008684042331779,1.9642262722822923,,1.8231,115400.0,66900.0,0.2268833487783378,0.2507146569646569,127.0
2021-08-25,62.3,78.5,9.2,30.2,1.0055182595107195,1.0070412548863408,1.3573171226277092,,1.6158,120900.0,70300.0,0.2268833487783378,0.2507146569646569,127.0
2021-08-26,62.0,64.5,15.2,30.1,1.0053219038536465,1.0067898470668124,1.392711641775744,,1.08,127000.0,74200.0,0.2268833487783378,0.2507146569646569,127.0
2021-08-27,62.0,68.0,10.4,30.2,1.0074152559387934,1.0094672283712585,1.5048959311341463,,1.3692,141900.0,83500.0,0.2268833487783378,0.2507146569646569,127.0
2021-08-30,60.3,80.1,12.4,30.3,1.0069094093165247,1.0088190221411777,2.281205925800345,,0.3667,151200.0,86100.0,0.2268833487783378,0.2507146569646569,127.0
2021-08-31,61.5,77.7,12.0,30.4,1.0054798691521267,1.0069904517206152,1.8866086208524864,,1.0077,133700.0,77800.0,0.2268833487783378,0.2507146569646569,127.0
2021-09-01,61.4,75.2,9.9,30.4,1.0046011946892026,1.005866528585358,1.8038351640780483,,1.1731,123900.0,68200.0,0.2268833487783378,0.2507146569646569,127.0
2021-09-02,62.9,67.5,9.6,30.3,1.0046648912629963,1.0059478244753457,2.02562430391509,,1.4308,116900.0,62200.0,0.2268833487783378,0.2507146569646569,127.0
2021-09-03,67.5,56.7,6.4,30.1,1.0071667795067565,1.00914699222162,1.245799833740488,,1.4423,126600.0,71500.0,0.2268833487783378,0.2507146569646569,127.0
2021-09-06,82.4,43.8,6.4,30.1,1.0071822570576698,1.0091655834432762,2.053276937401983,,1.9846,111100.0,59500.0,0.2268833487783378,0.2507146569646569,127.0
2021-09-07,80.8,47.4,6.7,30.1,1.0062996078898372,1.0080367020390424,2.153526613262339,,2.396,102200.0,53400.0,0.2268833487783378,0.2507146569646569,127.0
2021-09-08,80.6,42.5,10.4,29.9,1.004765253026244,1.0060747278557411,1.942854941178436,,2.216,111100.0,59000.0,0.2268833487783378,0.2507146569646569,127.0
2021-09-09,70.5,74.1,10.3,29.7,1.0050456390144258,1.0064330278090974,1.7937927146908437,,1.1208,118300.0,63700.0,0.2268833487783378,0.2507146569646569,127.0
2021-09-10,70.1,73.6,11.0,29.8,1.0073520923582553,1.009381460898081,1.1684488312179209,,1.1625,127400.0,69400.0,0.2268833487783378,0.2507146569646569,127.0
2021-09-14,61.6,94.0,6.1,29.8,1.0059717178595045,1.0076155226100485,1.345918441325371,,0.7208,99900.0,54500.0,0.2268833487783378,0.2507146569646569,127.0
2021-09-15,64.2,69.9,8.6,29.9,1.0050075396547429,1.0063828726622064,1.516478776597531,,1.5958,111700.0,58600.0,0.2268833487783378,0.2507146569646569,127.0
2021-09-16,67.9,65.8,6.7,30.0,1.0050788704832283,1.0067001101434,1.952542063696268,,1.7292,118100.0,63200.0,0.2268833487783378,0.2507146569646569,127.0
2021-09-17,65.9,66.3,7.5,29.9,1.0077439401503858,1.0098798656529808,1.5053509352577494,,1.5333,147400.0,80400.0,0.2268833487783378,0.2507146569646569,127.0
2021-09-22,66.1,66.2,10.2,30.3,1.0050431635586177,1.006426759668654,1.567172794682688,,1.7435,115700.0,65500.0,0.2268833487783378,0.2507146569646569,127.0
2021-09-23,68.5,61.1,13.8,30.0,1.0047748446877367,1.006083718285948,1.404967144424207,,1.4857,125900.0,68200.0,0.2268833487783378,0.2507146569646569,127.0
2021-09-24,68.2,64.5,12.5,29.9,1.0070065418466028,1.008935171613439,2.1646954084911414,,1.8304,149800.0,82700.0,0.2268833487783378,0.2507146569646569,127.0
2021-09-27,61.3,64.9,20.2,29.7,1.0057516758440743,1.0073309588975257,1.404012335255692,,1.3739,139400.0,82200.0,0.2268833487783378,0.2507146569646569,127.0
2021-09-29,56.3,59.0,18.9,30.0,1.0039964189400277,1.0050880517685945,1.7181314984752496,,1.3045,113500.0,65300.0,0.2268833487783378,0.2507146569646569,127.0
2021-09-30,57.6,77.1,15.7,30.0,1.0036752452913045,1.0046776228862122,1.5401124885510318,,0.5091,125700.0,71300.0,0.2268833487783378,0.2507146569646569,127.0
2021-10-01,61.8,70.1,14.1,29.7,1.0054352075394488,1.0069259407795157,1.117906452146313,,1.0909,140100.0,77500.0,0.2268833487783378,0.2507146569646569,127.0
2021-10-02,55.2,84.8,15.6,29.4,1.0076304506653029,1.0097300952778494,0.9253252699054696,,0.2864,139000.0,88200.0,0.2268833487783378,0.2507146569646569,127.0
2021-10-03,57.8,69.2,13.0,29.4,1.0070471789773112,1.0089846279245775,1.6232836750319866,,1.1476,113900.0,67300.0,0.2268833487783378,0.2507146569646569,127.0
2021-10-07,63.4,80.2,7.5,30.2,1.0044979962736766,1.0057275103928696,1.3717896991303695,,0.6905,118700.0,66800.0,0.2268833487783378,0.2507146569646569,127.0
2021-10-08,63.6,80.0,4.7,30.4,1.006920819071899,1.0088218961464692,1.3544842094153928,,0.4857,146200.0,80800.0,0.2268833487783378,0.2507146569646569,127.0
2021-10-09,58.3,78.7,2.5,30.3,1.0055083819173667,1.0070176379074856,1.1536214056861074,,1.2524,151400.0,95600.0,0.2268833487783378,0.2507146569646569,127.0
2021-10-11,56.9,63.6,9.3,30.4,1.0044554470021103,1.0056725225000542,1.637092799616114,,1.0381,137000.0,79900.0,0.2268833487783378,0.2507146569646569,127.0
2021-10-12,57.2,78.3,9.5,30.2,1.003869256235936,1.0049237616839826,1.8313777109662115,,1.0667,103900.0,61400.0,0.2268833487783378,0.2507146569646569,127.0
2021-10-13,57.1,77.3,7.4,30.3,1.0028974622039883,1.0036825884077234,1.1661338813688369,,0.819,109800.0,65100.0,0.2268833487783378,0.2507146569646569,127.0
2021-10-14,57.8,73.6,11.2,30.1,1.003090859324482,1.0039295192847555,1.426007763509819,,1.0286,123000.0,69700.0,0.2268833487783378,0.2507146569646569,127.0
2021-10-15,52.0,80.0,9.0,30.1,1.005382793691408,1.0068563697898858,0.990984313761947,,0.64,159100.0,89700.0,0.2268833487783378,0.2507146569646569,127.0
2021-10-18,59.1,86.7,10.1,29.9,1.0039995205927363,1.0050895206452908,1.5523069697264251,,0.4333,143900.0,84600.0,0.2268833487783378,0.2507146569646569,127.0
2021-10-19,66.9,73.9,18.4,29.8,1.0038576165804778,1.0049082162600849,1.5281358251944226,,0.6474,109500.0,65800.0,0.2268833487783378,0.2507146569646569,127.0
2021-10-20,61.6,72.7,17.1,29.4,1.003928570974488,1.0049987246640102,1.4562522186110236,,0.8737,116000.0,69700.0,0.2268833487783378,0.2507146569646569,127.0
2021-10-21,49.2,62.6,14.7,29.8,1.0049139038711634,1.0062567814599794,1.272260554213629,,0.9684,129900.0,77300.0,0.2268833487783378,0.2507146569646569,127.0
2021-10-22,52.8,66.5,15.5,30.0,1.0064629541645622,1.0082345103379706,1.4272874849208668,,0.8526,172500.0,103200.0,0.2268833487783378,0.2507146569646569,127.0
2021-10-25,58.5,74.5,10.1,29.9,1.0054735695773076,1.0072530237166428,1.5629223089875648,,0.7947,153400.0,93800.0,0.2268833487783378,0.2507146569646569,127.0
2021-10-26,57.8,81.3,11.6,30.0,1.0049730035096895,1.0063313011138275,2.150564824491634,,0.6056,124000.0,77300.0,0.2268833487783378,0.2507146569646569,127.0
2021-10-27,61.2,71.7,23.0,30.0,1.0044002093255684,1.0055998857346466,1.428583327489895,,0.5211,139800.0,87300.0,0.2268833487783378,0.2507146569646569,127.0
2021-10-28,58.9,72.8,16.2,29.7,1.0055121726029952,1.007019327661456,1.6260752381165198,,0.3105,158300.0,98600.0,0.2268833487783378,0.2507146569646569,127.0
2021-10-29,57.1,79.8,18.9,29.4,1.0071847263382463,1.0091542797000488,1.2814865720610498,,0.3842,201000.0,129900.0,0.2268833487783378,0.2507146569646569,127.0
2021-11-01,53.6,60.4,17.0,29.3,1.0052296908992302,1.0066579247060334,1.2949678321256797,,0.5471,152000.0,83800.0,0.2268833487783378,0.2507146569646569,127.0
2021-11-02,47.8,76.7,4.7,29.4,1.0043583905189253,1.0055455903232715,0.8726103988510759,,0.5353,111100.0,54900.0,0.2268833487783378,0.2507146569646569,127.0
2021-11-03,46.1,86.5,8.3,29.6,1.004120077519025,1.005458249121361,1.065174440832808,,0.3765,108300.0,54300.0,0.2268833487783378,0.2507146569646569,127.0
2021-11-04,46.6,79.9,15.4,29.9,1.005320450459548,1.0069692168958702,1.0344712807556955,,0.175,117000.0,58700.0,0.2268833487783378,0.2507146569646569,127.0
2021-11-05,47.1,74.1,8.1,30.2,1.0073507493008989,1.0094912950292343,0.6503721748487925,,,145100.0,69800.0,0.2268833487783378,0.2507146569646569,127.0
2021-11-08,48.6,78.9,5.0,30.1,1.0061203498816236,1.008186974184384,1.8809425769501955,,,123700.0,66400.0,0.2268833487783378,0.2507146569646569,127.0
2021-11-09,57.1,73.9,9.7,30.1,1.0055114980435027,1.0072956609581292,1.432211949468272,,,89000.0,45200.0,0.2268833487783378,0.2507146569646569,127.0
2021-11-10,54.3,93.3,3.8,30.1,1.0049379765773925,1.006577766699548,1.4011270339667143,,0.05,92600.0,45100.0,0.2268833487783378,0.2507146569646569,127.0
2021-11-11,54.3,90.5,6.1,30.1,1.0061709439872697,1.0078572084457769,1.175288665200764,,0.2167,112100.0,55600.0,0.2268833487783378,0.2507146569646569,127.0
2021-11-12,55.0,85.4,12.8,29.7,1.0084089045297997,1.0109058604649266,0.9999608609194188,,0.3563,134900.0,64900.0,0.2268833487783378,0.2507146569646569,127.0
2021-11-15,53.1,71.2,3.1,30.3,1.0071941392031585,1.0094393931482235,1.3128566830541322,,0.3353,123100.0,67600.0,0.2268833487783378,0.2507146569646569,127.0
2021-11-16,48.7,81.4,6.3,30.1,1.0066144660879106,1.0087189106055996,1.495087949619982,,0.34,93300.0,49300.0,0.2268833487783378,0.2507146569646569,127.0
2021-11-17,51.2,69.9,9.1,30.2,1.005627142659384,1.0071617295311377,1.151219028764653,,0.5,88800.0,44300.0,0.2268833487783378,0.2507146569646569,127.0
2021-11-18,53.8,79.3,12.9,30.3,1.0067690749783051,1.0086184246515637,0.9827500233972029,,0.36,109600.0,55600.0,0.2268833487783378,0.2507146569646569,127.0
2021-11-19,54.1,81.7,7.8,30.4,1.009366168688998,1.0119313768285023,1.1062222811770397,,0.16,137000.0,63100.0,0.2268833487783378,0.2507146569646569,127.0
2021-11-22,44.6,81.0,8.3,30.4,1.0066934754847066,1.0085207616396912,1.310405032210307,,0.3933,124700.0,68300.0,0.2268833487783378,0.2507146569646569,127.0
2021-11-23,44.5,79.4,4.2,30.4,1.0059170986659454,1.0075301826817336,1.208022997049134,,0.4,89700.0,44700.0,0.2268833487783378,0.2507146569646569,127.0
2021-11-24,44.4,87.8,6.4,30.1,1.0045290565562055,1.005759461269789,1.0204393357315067,,0.12,88700.0,42400.0,0.2268833487783378,0.2507146569646569,127.0
2021-11-25,41.7,70.9,11.8,30.0,1.004746948303115,1.0060372776912585,1.0747463233504275,,0.36,110200.0,53300.0,0.2268833487783378,0.2507146569646569,127.0
2021-11-26,44.4,79.6,15.2,29.2,1.0068135739338588,1.008673134548534,1.034143463706718,,0.26,137500.0,62400.0,0.2268833487783378,0.2507146569646569,127.0
2021-11-29,35.5,78.8,7.3,29.9,1.0051992138825132,1.006613505716489,1.410721198572178,31.292071636849588,0.3133,130800.0,74800.0,0.2268833487783378,0.2507146569646569,127.0
2021-11-30,52.6,79.2,12.6,29.7,1.005262440016814,1.0066939964341408,1.4096085423612972,1.0033314259081292,0.22,84500.0,46600.0,0.2268833487783378,0.2507146569646569,127.0
2021-12-01,46.4,75.5,16.4,29.4,1.0040340809756214,1.005127252426072,1.4791086350187506,1.002547211382471,0.3,79300.0,41600.0,0.2268833487783378,0.2507146569646569,127.0
2021-12-02,38.5,66.7,12.7,29.8,1.0039952313335894,1.0050776186163806,1.5482544378128835,1.002522462689306,0.34,92200.0,48900.0,0.2268833487783378,0.2507146569646569,127.0
2021-12-03,45.6,87.2,8.9,29.6,1.005830966306078,1.0074186630398203,1.227189933873701,1.0036946996676663,0.2071,109200.0,52900.0,0.2268833487783378,0.2507146569646569,127.0
2021-12-06,41.1,90.5,11.2,29.6,1.0039262001023728,1.0049891887917088,1.6800079673577963,24.90281804537049,0.1429,103100.0,62900.0,0.2268833487783378,0.2507146569646569,127.0
2021-12-07,41.9,83.4,18.0,29.3,1.0032206835019415,1.0040894157835305,1.3517622613771356,15.832183559191895,0.0846,67300.0,36900.0,0.2268833487783378,0.2507146569646569,127.0
2021-12-08,43.9,72.1,18.7,29.1,1.0027091794835306,1.003437084641609,1.4888425741123257,1.0017015500613418,0.1786,71600.0,39800.0,0.2268833487783378,0.2507146569646569,127.0
2021-12-09,42.3,77.5,11.1,29.5,1.003324217675083,1.0042213420878032,1.5285232603679464,1.0020943434074152,0.2571,75500.0,41800.0,0.2268833487783378,0.2507146569646569,127.0
2021-12-10,43.6,70.8,17.3,29.4,1.005488258363783,1.006980795211226,1.315495237412868,1.0034764008915948,0.2643,91400.0,49800.0,0.2268833487783378,0.2507146569646569,127.0
2021-12-13,53.2,82.1,10.3,30.1,1.0050053358902074,1.006364571598884,1.8659754465702656,1.0031682672327562,0.25,84500.0,52000.0,0.2268833487783378,0.2507146569646569,127.0
2021-12-14,54.2,81.9,11.3,30.2,1.0045516961275014,1.0057860274259127,1.892403961452408,1.0028786111063388,0.15,69300.0,39100.0,0.2268833487783378,0.2507146569646569,127.0
2021-12-15,54.1,79.5,8.4,30.4,1.0038721098962948,1.0049194251009943,1.5191284984268851,1.0024446188004708,0.1214,73800.0,41800.0,0.2268833487783378,0.2507146569646569,127.0
2021-12-16,52.4,76.2,2.8,30.6,1.0043689639883342,1.0055528438197094,1.4629044119854602,1.0027620247579463,0.1071,79800.0,44900.0,0.2268833487783378,0.2507146569646569,127.0
2021-12-17,40.6,93.5,3.9,30.7,1.0063804604354665,1.0081173598339157,1.5929845258643014,1.004046937992,0.1857,98700.0,53200.0,0.2268833487783378,0.2507146569646569,127.0
2021-12-20,42.5,79.6,3.3,30.3,1.0055661961385267,1.007078679313517,2.0349752300631168,1.0035271610220569,0.1,87900.0,49100.0,0.2268833487783378,0.2507146569646569,127.0
2021-12-21,41.4,80.9,2.2,30.2,1.0049199067623775,1.0062545944734371,2.1309023164144287,1.0031143946223,0.1857,86400.0,45400.0,0.2268833487783378,0.2507146569646569,127.0
2021-12-22,36.3,82.4,8.1,30.0,1.0043324801033071,1.0055055973304778,1.913538876388753,1.00273920126008,0.15,94900.0,46200.0,0.2268833487783378,0.2507146569646569,127.0
2021-12-23,47.1,90.9,8.3,29.6,1.0047900387602606,1.0060888067136722,1.6733920735357453,1.0030315786203683,0.1143,106500.0,49900.0,0.2268833487783378,0.2507146569646569,127.0
2021-12-24,46.5,91.5,4.0,29.6,1.006765542510832,1.0086070264224667,0.8562893175992193,1.0042937690201263,0.1214,79900.0,33800.0,0.2268833487783378,0.2507146569646569,127.0
2021-12-27,48.0,92.0,9.8,29.2,1.005400469879717,1.006866350469406,2.4384836239668,29.76479429410708,0.1429,143000.0,68500.0,0.2268833487783378,0.2507146569646569,127.0
2021-12-28,48.8,85.7,17.6,29.1,1.0047952807173404,1.0060947916241731,3.337910309595224,26.96920657892163,0.1786,147700.0,68600.0,0.2268833487783378,0.2507146569646569,127.0
2021-12-29,53.5,87.8,15.0,29.5,1.004084164858032,1.005188255036939,2.590722657076433,17.166850517322704,0.15,139000.0,64700.0,0.2268833487783378,0.2507146569646569,127.0
2021-12-30,59.2,81.5,14.3,29.8,1.0049618323849818,1.0063068725418771,1.9259699033094555,11.520710522910536,0.1214,126400.0,59800.0,0.2268833487783378,0.2507146569646569,127.0
2021-12-31,57.2,83.3,14.6,29.9,1.007297769768042,1.0092841077551578,1.1994502753233882,17.075416523428082,0.2714,106000.0,51400.0,0.2268833487783378,0.2507146569646569,127.0
2022-01-04,37.7,79.3,10.2,29.5,1.005495622185764,1.0069863573654938,2.200217572714606,20.493497269061866,0.1643,135300.0,63200.0,0.2268833487783378,0.2507146569646569,127.0
2022-01-05,41.2,69.2,12.5,29.9,1.0043862461553377,1.0055723861707246,2.054183458415217,18.48484333646817,0.2929,117100.0,52500.0,0.2268833487783378,0.2507146569646569,127.0
2022-01-06,36.9,79.6,10.2,29.9,1.004984720469826,1.0063349986305472,1.0243902283941313,10.987573122715016,0.15,108600.0,47700.0,0.2268833487783378,0.2507146569646569,127.0
2022-01-07,40.3,71.2,12.9,29.7,1.007509834129405,1.009552823366441,0.4787319193784193,9.921216175853685,0.1643,127500.0,53300.0,0.2268833487783378,0.2507146569646569,127.0
2022-01-10,42.2,86.3,7.2,30.1,1.007079090873647,1.009003156102947,0.7161642235401633,15.956615031038904,0.1357,83500.0,36300.0,0.2268833487783378,0.2507146569646569,127.0
2022-01-11,49.0,93.5,5.2,30.4,1.0064918077413785,1.0082545852856917,0.5980634833348112,15.776457282869396,0.1643,63500.0,27600.0,0.2268833487783378,0.2507146569646569,127.0
2022-01-12,40.5,88.5,4.5,30.7,1.006137527953784,1.0078029624974278,0.5318582699185098,15.241342110822394,0.3533,62300.0,27300.0,0.2268833487783378,0.2507146569646569,127.0
2022-01-13,44.1,75.1,5.1,30.7,1.0065131574890145,1.0082814054033191,0.2223237899860405,11.86235423791827,0.36,68500.0,31600.0,0.2268833487783378,0.2507146569646569,127.0
2022-01-14,40.7,82.7,1.5,30.5,1.0116797107803366,1.0148640219592255,0.0348636075372976,8.276456423658246,0.3533,83100.0,36800.0,0.2268833487783378,0.2507146569646569,127.0
2022-01-17,44.0,74.6,3.7,30.6,1.0141445933219018,1.018001865483203,0.3106005977044662,10.540996485661578,0.38,70700.0,32900.0,0.2268833487783378,0.2507146569646569,127.0
2022-01-18,41.3,84.7,6.1,30.6,1.0122920510008082,1.0156411335336732,0.3041272718798675,9.344803961166496,0.2533,54800.0,25900.0,0.2268833487783378,0.2507146569646569,127.0
2022-01-19,47.3,71.8,12.7,30.2,1.0115007750426148,1.0146325386801014,0.1663853056831871,7.3603316549294355,0.2333,51900.0,23900.0,0.2268833487783378,0.2507146569646569,127.0
2022-01-20,38.5,67.2,12.1,30.5,1.011319927674265,1.0144015994662086,0.0961674770269223,6.322445289136153,0.42,65600.0,32500.0,0.2268833487783378,0.2507146569646569,127.0
2022-01-21,38.1,78.5,7.8,30.6,1.017221558672466,1.0219177710307632,0.1459518561726989,5.050711348764581,0.22,79900.0,37000.0,0.2268833487783378,0.2507146569646569,127.0
2022-01-22,39.3,89.0,5.7,30.6,1.0190556532940285,1.0242523183550758,0.2030124041897719,5.303807142830268,0.2067,86800.0,49000.0,0.2268833487783378,0.2507146569646569,127.0
2022-01-24,39.6,77.8,2.0,30.5,1.0192120965793905,1.0244483811650271,0.3786498148632247,4.924102676243463,0.12,73900.0,38400.0,0.2268833487783378,0.2507146569646569,127.0
2022-01-25,36.0,83.8,5.2,30.5,1.0161570518054348,1.0205567781125775,0.3376476540869085,3.4785849774048643,0.1067,53900.0,26200.0,0.2268833487783378,0.2507146569646569,127.0
2022-01-26,45.2,72.8,9.7,30.4,1.0077093546631286,1.009799208414872,0.3986798312173025,2.832539811829826,0.3467,55800.0,27200.0,0.2268833487783378,0.2507146569646569,127.0
2022-01-27,51.1,71.1,12.8,30.3,1.0132224383550097,1.0168186884984447,0.443900767554664,2.0248243892260813,0.2563,70100.0,35800.0,0.2268833487783378,0.2507146569646569,127.0
2022-01-28,44.3,81.7,9.5,30.5,1.02105818783766,1.0267942675622503,0.4890215665794847,0.7162276435274619,0.4563,87600.0,42100.0,0.2268833487783378,0.2507146569646569,127.0
2022-01-31,45.2,43.4,19.6,30.2,1.0244991090806592,1.031167861920138,0.7797738644163661,2.480145765476202,0.4529,80800.0,43800.0,0.2268833487783378,0.2507146569646569,127.0
2022-02-01,55.0,61.4,20.9,30.0,1.018972400808887,1.02413140378758,0.745071917349891,1.752643999879687,0.6,71300.0,34300.0,0.2268833487783378,0.2507146569646569,127.0
2022-02-02,52.1,76.0,10.8,30.1,1.0113545709386889,1.0144345521011324,0.812539687445514,0.3690469301920832,0.4294,69500.0,33700.0,0.2268833487783378,0.2507146569646569,127.0
2022-02-03,48.3,75.8,11.7,29.8,1.017891546975258,1.0227536637101395,0.8852345799002792,-0.5140907689185672,0.3059,83200.0,41800.0,0.2268833487783378,0.2507146569646569,127.0
2022-02-04,42.0,74.6,13.6,29.8,1.0234656720026805,1.0298460373766665,0.9275139949640474,-2.4129095442226047,0.4353,102200.0,47400.0,0.2268833487783378,0.2507146569646569,127.0
2022-02-07,45.2,73.7,11.4,30.2,1.0161468546033166,1.0205279301787762,1.0629426685332406,0.9200043667063932,0.4294,100000.0,53600.0,0.2268833487783378,0.2507146569646569,127.0
2022-02-08,54.3,69.3,17.2,30.2,1.0102210573374626,1.0129874722857886,1.045854244488227,-0.201765401119913,0.3,76900.0,39700.0,0.2268833487783378,0.2507146569646569,127.0
2022-02-09,51.6,78.9,11.5,30.1,1.0073410415977009,1.0093228046038245,1.030960791200538,-2.368642005697629,0.425,72600.0,38000.0,0.2268833487783378,0.2507146569646569,127.0
2022-02-10,44.7,60.0,13.1,30.1,1.0073146952137402,1.0092890971057435,1.030983864953038,-1.989424056006728,0.4353,96000.0,50500.0,0.2268833487783378,0.2507146569646569,127.0
2022-02-11,43.3,70.0,3.8,30.4,1.0110917581570382,1.0140943447973272,1.034719164489662,-2.816509935254962,0.5882,130500.0,59800.0,0.2268833487783378,0.2507146569646569,127.0
2022-02-14,47.3,71.6,17.6,29.4,1.007175603519267,1.0091112556372182,1.013457187385501,-0.3646815755648249,0.2053,132900.0,76300.0,0.2268833487783378,0.2507146569646569,127.0
2022-02-15,46.3,89.0,12.9,29.6,1.0058583105403978,1.0074352687418662,1.011000905672,0.6073787048862398,0.5474,111100.0,63200.0,0.2268833487783378,0.2507146569646569,127.0
2022-02-19,40.0,75.5,12.8,29.8,1.0088300601898283,1.0112149832731614,1.016536433170241,-0.7270136144347679,0.3105,198000.0,133900.0,0.2268833487783378,0.2507146569646569,127.0
2022-02-25,50.0,47.0,8.0,30.3,1.0091345100458733,1.0116010099880244,1.0170979709551196,-1.086210646893131,0.6737,190400.0,98300.0,0.2268833487783378,0.2507146569646569,127.0
2022-02-28,52.6,67.7,13.1,30.2,1.0058931259930963,1.0074777413120604,1.0110573502959337,3.120831449023899,0.825,163200.0,92500.0,0.2268833487783378,0.2507146569646569,127.0
2022-03-01,46.3,84.8,10.9,30.3,1.0051424852536257,1.0065229348694609,1.009658746875334,2.0018493019186057,0.8,130100.0,66500.0,0.2268833487783378,0.2507146569646569,127.0
2022-03-02,45.2,87.0,6.3,30.1,1.0040154989126204,1.0050895141813705,1.007559363851047,3.318715436005907,0.6143,115200.0,56800.0,0.2268833487783378,0.2507146569646569,127.0
2022-03-03,52.2,74.3,9.5,29.9,1.0054847317000648,1.0069580615428029,1.0102954637229813,1.650990737617823,0.3714,139000.0,69800.0,0.2268833487783378,0.2507146569646569,127.0
2022-03-07,44.2,62.1,8.5,30.2,1.0043608836035862,1.0055284211404218,1.0082009455559604,5.544777500467368,0.8476,157400.0,88700.0,0.2268833487783378,0.2507146569646569,127.0
2022-03-08,46.7,55.5,12.7,29.9,1.0034306255333434,1.004345317560823,1.006468485410216,3.291702574100774,0.8524,128400.0,67400.0,0.2268833487783378,0.2507146569646569,127.0
2022-03-09,53.8,62.7,17.5,29.9,1.0022692706812812,1.0028683464499093,1.0043058372856373,3.034709609639815,1.2143,122100.0,61800.0,0.2268833487783378,0.2507146569646569,127.0
2022-03-10,58.5,59.1,16.0,30.0,1.0030475776303105,1.0038581264623658,1.0057549783117163,3.685009079638293,0.2476,151700.0,77000.0,0.2268833487783378,0.2507146569646569,127.0
2022-03-11,53.3,70.6,18.1,29.6,1.0046886019090966,1.0059450087692,1.0088103177200705,3.0978564469031737,0.8429,178800.0,84000.0,0.2268833487783378,0.2507146569646569,127.0
2022-03-12,54.3,55.3,20.0,29.8,1.0038244933061968,1.0048460589606634,1.007201165713079,5.634967414651405,0.7045,177100.0,108200.0,0.2268833487783378,0.2507146569646569,127.0
2022-03-14,53.2,59.8,9.8,30.2,1.0023757315423427,1.0030036135169569,1.0045035003011162,5.673433621735802,0.5455,163500.0,92000.0,0.2268833487783378,0.2507146569646569,127.0
2022-03-15,56.2,58.9,10.5,30.1,1.0018924280138763,1.0023889897016935,1.003603619610103,6.3576086406937815,0.7652,136100.0,72000.0,0.2268833487783378,0.2507146569646569,127.0
2022-03-16,50.2,87.5,5.7,30.0,1.0012809177986413,1.0016113357874838,1.002465082455971,4.007657080444498,0.9087,129700.0,65900.0,0.2268833487783378,0.2507146569646569,127.0
2022-03-17,52.4,58.2,13.5,30.4,1.0015492865938345,1.0019526087098798,1.0029646967074983,2.869471863172286,0.6174,157200.0,80900.0,0.2268833487783378,0.2507146569646569,127.0
2022-03-18,55.8,64.0,6.4,30.8,1.0024138099731192,1.003051986680512,1.0045741598826807,2.421204155299127,0.5435,180600.0,87500.0,0.2268833487783378,0.2507146569646569,127.0
2022-03-21,55.7,47.4,7.5,30.3,1.001864682846689,1.0023536421091983,1.0035516642365232,3.2922438326099845,1.1304,170900.0,96600.0,0.2268833487783378,0.2507146569646569,127.0
2022-03-22,63.4,50.5,8.6,30.3,1.0010771224027153,1.001352136859363,1.0020854913769537,2.6706824642622307,1.4652,138000.0,73800.0,0.2268833487783378,0.2507146569646569,127.0
2022-03-24,59.8,43.6,2.0,30.4,1.0012464141835338,1.0015674078987702,1.0024006106742276,1.7647318740067033,0.7458,161100.0,83000.0,0.2268833487783378,0.2507146569646569,127.0
2022-03-25,59.3,48.4,6.6,30.4,1.0019365891369314,1.0024450515295762,1.0036853876286118,0.3427079711852571,1.0667,185900.0,90900.0,0.2268833487783378,0.2507146569646569,127.0
2022-03-28,52.4,63.4,2.7,30.1,1.0006370984983757,1.0007925679338157,1.0012662670038814,1.9681330605145555,0.6292,199100.0,114000.0,0.2268833487783378,0.2507146569646569,127.0
2022-03-29,45.0,89.1,6.2,29.9,1.0006290004479186,1.0007822692088597,1.0012511874523544,0.8651455818309454,1.5125,169200.0,94800.0,0.2268833487783378,0.2507146569646569,127.0
2022-03-30,45.5,79.2,7.6,29.6,1.0004719014402483,1.0005824979095208,1.001204026090322,-0.2529213034213711,1.6625,162900.0,89200.0,0.2268833487783378,0.2507146569646569,127.0
2022-03-31,42.6,50.4,22.2,29.7,1.0010285096107694,1.0012902900965148,1.001994857974137,0.1606465191433749,0.8542,194900.0,106500.0,0.2268833487783378,0.2507146569646569,127.0
2022-04-01,42.3,58.5,17.1,30.0,1.00184088725729,1.0023233150422004,1.00350704789455,-1.0004044085832071,1.0375,205700.0,100600.0,0.2268833487783378,0.2507146569646569,127.0
2022-04-04,51.9,81.8,16.8,29.7,1.0015938832571356,1.0020091966353557,1.0030471352068568,-0.4334486887431261,1.808,207000.0,120000.0,0.2268833487783378,0.2507146569646569,127.0
2022-04-05,55.7,62.5,17.6,29.7,1.001797830545378,1.0022685261671544,1.0034267171244728,-0.7592350264489616,0.6667,181400.0,104400.0,0.2268833487783378,0.2507146569646569,127.0
2022-04-06,54.5,65.9,21.8,29.3,1.001612778393946,1.0020332078680352,1.0030822331851728,-1.7350750282974414,1.3095,191100.0,107200.0,0.2268833487783378,0.2507146569646569,127.0
2022-04-07,50.6,56.1,30.5,29.0,1.0023358116612076,1.002952591965028,1.0044279716264386,-0.8821660576371824,0.9423,266300.0,148500.0,0.2268833487783378,0.2507146569646569,127.0
2022-04-08,45.7,62.3,8.3,29.4,1.0036525577282376,1.0046269012485165,1.0068786616949648,-2.1844307766420537,1.1423,257800.0,141100.0,0.2268833487783378,0.2507146569646569,127.0
2022-04-11,55.2,47.9,12.7,29.8,1.003834448256935,1.0048580589432048,1.0072166095793476,-0.7598351429543813,1.0615,258600.0,148600.0,0.2268833487783378,0.2507146569646569,127.0
2022-04-12,62.9,60.9,9.9,29.6,1.0036820493639036,1.0046642388151252,1.0069327964124757,-0.2618067145392646,1.1423,248000.0,138300.0,0.2268833487783378,0.2507146569646569,127.0
2022-04-13,60.9,64.8,12.9,29.9,1.0033048636359416,1.0041846061629476,1.006230687501946,-0.8028838953194193,1.0308,254100.0,133000.0,0.2268833487783378,0.2507146569646569,127.0
2022-04-14,61.7,61.7,5.6,30.1,1.0043540434238465,1.0055185988106372,1.0081829613677686,-0.7081388431367495,1.3077,270100.0,142400.0,0.2268833487783378,0.2507146569646569,127.0
2022-04-15,65.1,58.5,5.6,30.3,1.005788464959543,1.0073423712552756,1.0108518900818453,-1.0356616563194407,1.3692,274700.0,149400.0,0.2268833487783378,0.2507146569646569,127.0
2022-04-18,58.1,52.1,7.0,30.0,1.0045576023293596,1.0057771446062365,1.0085604755597857,0.2872738956506346,2.0846,281400.0,169000.0,0.2268833487783378,0.2507146569646569,127.0
2022-04-19,57.5,59.5,6.9,30.0,1.0040109364638807,1.0050820456509946,1.0075431034085935,0.4740072654771927,2.2038,269700.0,148000.0,0.2268833487783378,0.2507146569646569,127.0
2022-04-20,59.0,52.2,8.9,30.0,1.0034944318017045,1.0044253121308508,1.0065819310833828,0.0258157918072108,1.9593,268500.0,141000.0,0.2268833487783378,0.2507146569646569,127.0
2022-04-21,61.1,48.4,9.3,29.9,1.0044780920018284,1.005675898755721,1.008411823218769,0.0873992128062184,1.6393,261600.0,140800.0,0.2268833487783378,0.2507146569646569,127.0
2022-04-22,57.8,60.2,12.0,29.7,1.0066953102823004,1.008494754439316,1.0125960743193332,0.5402300649838891,2.275,273900.0,145400.0,0.2268833487783378,0.2507146569646569,127.0
2022-04-25,53.0,66.0,10.7,29.9,1.004353083237478,1.0055166928937904,1.008177991333268,0.3961985451710113,2.5929,267300.0,142100.0,0.2268833487783378,0.2507146569646569,127.0
2022-04-26,54.1,51.6,9.5,30.1,1.0035161081795547,1.0044525758561156,1.0066208838479918,0.992122456240281,2.3143,229700.0,115500.0,0.2268833487783378,0.2507146569646569,127.0
2022-04-27,49.4,61.3,8.8,30.3,1.0026744205977005,1.0033824906788755,1.0050551171903217,0.5887760154584939,1.4107,223800.0,108400.0,0.2268833487783378,0.2507146569646569,127.0
2022-04-28,52.2,56.9,5.9,30.4,1.0032176671130535,1.0040731052502367,1.0060654915157592,0.454819907038549,0.3964,244000.0,118100.0,0.2268833487783378,0.2507146569646569,127.0
2022-04-29,49.3,62.4,8.8,30.4,1.0050579278980096,1.0064125880766774,1.0094882016396685,0.8685722908382084,1.3074,260600.0,125000.0,0.2268833487783378,0.2507146569646569,127.0
2022-05-03,56.0,66.5,4.9,30.1,1.0012735256448833,1.0016014338743742,1.002448982791548,1.6672107338321296,,,,0.2268833487783378,0.2507146569646569,127.0
2022-05-04,57.5,73.9,8.6,30.0,1.00009724137013,1.0001060536736457,1.0002612242852833,1.8598691254303363,,,,0.2268833487783378,0.2507146569646569,127.0
2022-05-05,61.6,56.3,6.2,30.2,1.0006811627370082,1.0008483767817116,1.0013472476499097,1.0652817725069696,,,,0.2268833487783378,0.2507146569646569,127.0
2022-05-06,64.1,59.0,10.3,30.2,1.0017251504345654,1.0021755617164954,1.0032889028042296,1.533793131291111,,,,0.2268833487783378,0.2507146569646569,127.0
2022-05-09,65.3,52.1,11.9,30.1,1.0001626344464287,1.0001891848294762,1.000382841702112,1.5892525783408409,,,,0.2268833487783378,0.2507146569646569,127.0
2022-05-10,62.2,65.1,13.3,29.9,0.999575103713618,0.9994422783538576,0.9992901290871872,1.257056408493202,,,,0.2268833487783378,0.2507146569646569,127.0
2022-05-11,55.5,88.3,11.6,29.7,0.9995055257838542,0.999353825621998,0.9991607214519004,1.3865134533992158,,,,0.2268833487783378,0.2507146569646569,127.0
2022-05-12,60.7,51.3,13.3,30.0,0.9996799806864224,0.9995756037382624,0.9994851792026502,1.450615404742735,,,,0.2268833487783378,0.2507146569646569,127.0
2022-05-13,61.8,56.7,17.5,30.0,1.0001818242284306,1.0002135805597507,1.0004185337299336,1.386051224960419,,,,0.2268833487783378,0.2507146569646569,127.0
2022-05-16,66.0,71.8,12.3,29.9,0.9993876108605386,0.9992039212214472,0.9989414027108224,1.2511304785548625,,,,0.2268833487783378,0.2507146569646569,127.0
2022-05-17,72.4,56.7,11.2,30.0,0.9992655632773828,0.999048764031502,0.9987144021106428,1.5074152619461376,,,,0.2268833487783378,0.2507146569646569,127.0
2022-05-18,67.8,52.1,9.9,30.1,0.999048765668642,0.9987731523763924,0.9983111715111216,1.314066644498212,,,,0.2268833487783378,0.2507146569646569,127.0
2022-05-19,64.5,58.0,9.4,30.0,0.9991287058828108,0.9988747760320676,0.998459840794991,1.3777735000659723,,,,0.2268833487783378,0.2507146569646569,127.0
2022-05-20,58.2,68.6,10.0,30.0,0.9994532459312926,0.999287355658759,0.9990634499971148,1.188160571255162,,,,0.2268833487783378,0.2507146569646569,127.0
2022-05-23,62.4,63.0,5.9,29.5,0.9993702788626788,0.9992093701364518,0.9989091256622654,1.1867511689192245,,,,0.2268833487783378,0.2507146569646569,127.0
2022-05-24,56.6,67.1,11.0,29.6,0.9991296277195066,0.9988759406118288,0.9984615198807598,1.2482472678594738,,,,0.2268833487783378,0.2507146569646569,127.0
2022-05-25,60.0,70.7,16.9,29.8,0.9991107451539988,0.998851932999628,0.9984263879070993,1.3099724284886205,,,,0.2268833487783378,0.2507146569646569,127.0
2022-05-26,63.6,66.3,16.8,30.1,0.9994090676712336,0.9992311858830312,0.9989812494728448,1.43433848389919,,,,0.2268833487783378,0.2507146569646569,127.0
2022-05-27,61.0,45.6,14.3,30.2,0.9994889946661266,0.999332795432581,0.9991299068071068,1.1228264673771242,,,,0.2268833487783378,0.2507146569646569,127.0
2022-05-30,55.8,60.1,8.7,29.9,0.999070575564624,0.9988465182171136,0.9983516283681072,1.3056893618995011,,,,0.2268833487783378,0.2507146569646569,127.0
2022-05-31,54.8,74.7,8.1,29.8,0.9991670379241938,0.9989234867259498,0.9985310385459892,1.3664120714690176,,,,0.2268833487783378,0.2507146569646569,127.0
2022-06-01,59.1,59.7,6.8,30.0,0.9989509734175536,0.9986488003488184,0.9981291395423644,1.2420418857169682,,,,0.2268833487783378,0.2507146569646569,127.0
2022-06-02,64.4,52.2,9.4,30.1,0.9990958569488078,0.9988329887844608,0.9983986153039024,1.6678144407163185,,,,0.2268833487783378,0.2507146569646569,127.0
2022-06-03,67.9,50.9,14.6,30.0,0.9994922074460258,0.9993368709149644,0.9991358398417752,1.4235508291157646,,,,0.2268833487783378,0.2507146569646569,127.0
2022-06-06,54.0,87.4,8.6,29.9,0.9995714519827644,0.9994376135580292,0.9993087849554576,1.4777208013987695,,,,0.2268833487783378,0.2507146569646569,127.0
2022-06-07,66.5,59.2,3.9,29.8,0.9994195904878568,0.999244549178573,0.9990262978050574,1.4751807244095236,,,,0.2268833487783378,0.2507146569646569,127.0
2022-06-08,66.6,60.0,14.8,29.6,0.9993855542171384,0.999201277176906,0.9989374385323442,1.5321203529721217,,,,0.2268833487783378,0.2507146569646569,127.0
2022-06-09,65.0,54.5,15.7,29.9,0.9996181061057388,0.99949692340163,0.9993700015339366,1.70650651298693,,,,0.2268833487783378,0.2507146569646569,127.0
2022-06-10,68.5,53.0,19.0,30.0,0.999720131644972,0.999626629841026,0.9995597765090402,1.70257048369564,,,,0.2268833487783378,0.2507146569646569,127.0
2022-06-13,62.5,51.1,9.5,30.2,,,,,,,,0.2268833487783378,0.2507146569646569,127.0
2022-06-14,70.7,44.3,5.8,30.1,,,,,,,,0.2268833487783378,0.2507146569646569,127.0
2022-06-15,74.0,45.0,6.5,30.0,,,,,,,,0.2268833487783378,0.2507146569646569,127.0
2022-06-16,77.2,40.4,4.7,30.1,,,,,,,,0.2268833487783378,0.2507146569646569,127.0
2022-06-17,82.7,36.5,15.8,30.0,,,,,,,,0.2268833487783378,0.2507146569646569,127.0
2022-06-20,63.6,54.6,7.4,30.1,,,,,,,,0.2268833487783378,0.2507146569646569,127.0
2022-06-21,72.2,40.5,3.1,29.9,,,,,,,,0.2268833487783378,0.2507146569646569,127.0
2022-06-22,75.1,38.2,5.1,29.9,,,,,,,,0.2268833487783378,0.2507146569646569,127.0
2022-06-23,72.9,53.5,5.8,29.7,,,,,,,,0.2268833487783378,0.2507146569646569,127.0
2022-06-24,69.3,59.4,14.3,29.6,,,,,,,,0.2268833487783378,0.2507146569646569,127.0
2022-06-27,63.8,57.4,14.5,29.9,,,,,,,,0.2268833487783378,0.2507146569646569,127.0
2022-06-28,68.2,45.9,16.2,30.0,,,,,,,,0.2268833487783378,0.2507146569646569,127.0
2022-06-29,66.0,66.6,8.6,29.8,,,,,,,,0.2268833487783378,0.2507146569646569,127.0
2022-06-30,64.5,57.2,7.5,29.8,,,,,,,,0.2268833487783378,0.2507146569646569,127.0
