,Date,Temperature (Â°F),Humidity (%),Wind Speed (mph),Pressure (inHg),R0orig,R0alp,R0dlt,R0omi
0,2020-03-01,41.5,66.4,17.0,28.7,,,,
1,2020-03-02,37.7,79.6,8.2,28.9,,,,
2,2020-03-03,39.2,86.3,9.2,29.2,145.5334772368854,,,
3,2020-03-04,39.5,82.4,2.9,29.4,89.75486245542768,,,
4,2020-03-05,37.9,77.0,6.9,29.2,1.0000000594119127,,,
5,2020-03-06,37.0,79.9,3.5,29.4,1.0000000594119127,,,
6,2020-03-07,46.4,82.3,9.8,29.5,1.0000000594119127,,,
7,2020-03-08,46.4,83.0,12.3,29.3,13.675320829943958,,,
8,2020-03-09,44.6,85.4,13.6,29.4,5.094374118739051,,,
9,2020-03-10,51.6,85.0,13.2,29.3,3.813178256384656,,,
10,2020-03-11,46.3,79.1,12.7,29.3,1.0000001188238323,,,
11,2020-03-12,42.0,68.8,19.1,29.4,7.725162718953821,,,
12,2020-03-13,44.1,77.2,9.2,29.7,1.0000002079417252,,,
13,2020-03-14,47.2,83.3,8.1,29.5,3.274728625200129,,,
14,2020-03-15,46.6,80.9,10.5,29.4,4.240887938186338,,,
15,2020-03-16,45.3,70.8,8.7,29.8,2.8480619883619696,,,
16,2020-03-17,51.8,79.1,12.4,29.9,2.304957422502076,,,
17,2020-03-18,45.3,86.7,7.6,29.9,2.67320716119879,,,
18,2020-03-19,43.3,72.0,2.6,30.1,3.0703447942813424,,,
19,2020-03-20,42.2,67.8,10.1,30.2,2.3645023529109643,,,
20,2020-03-21,42.0,60.7,9.2,30.1,3.0472257322361296,,,
21,2020-03-22,41.3,66.4,5.8,30.1,7.254238239868878,,,
22,2020-03-23,44.3,56.5,5.0,30.0,5.901412234374559,,,
23,2020-03-24,49.8,62.4,6.2,29.9,11.435943998870616,,,
24,2020-03-25,51.1,51.3,3.7,29.9,18.47662932208137,,,
25,2020-03-26,46.4,50.4,4.0,30.0,15.81008031763073,,,
26,2020-03-27,42.4,58.4,6.7,30.1,41.85588636201276,,,
27,2020-03-28,43.6,66.8,15.7,30.3,44.07468492072704,,,
28,2020-03-29,39.7,57.8,15.4,30.5,68.42160163160725,,,
29,2020-03-30,41.0,67.8,7.4,30.3,142.29603142594772,,,
30,2020-03-31,43.8,74.6,6.6,30.2,199.24108951510985,,,
31,2020-04-01,44.0,78.1,7.6,29.9,412.0338918919749,,,
32,2020-04-02,46.9,78.7,13.3,29.7,663.3467348026448,,,
33,2020-04-03,45.6,71.8,6.9,29.7,13.572208073982852,,,
34,2020-04-04,47.9,73.7,4.7,29.8,5.551319228398626,,,
35,2020-04-05,57.3,47.5,8.9,29.6,12.669721315413865,,,
36,2020-04-06,52.6,66.6,9.7,29.7,5.187329985493175,,,
37,2020-04-07,49.4,65.5,4.4,30.1,5.955740641693801,,,
38,2020-04-08,54.8,65.3,3.8,30.0,7.0003191362974215,,,
39,2020-04-09,54.0,74.0,4.8,30.0,2.7112486161587137,,,
40,2020-04-10,58.5,65.4,4.6,29.9,2.7323727121436523,,,
41,2020-04-11,58.6,69.4,5.4,29.9,2.6656697261044418,,,
42,2020-04-12,52.7,82.2,6.3,29.7,2.4064702700955403,,,
43,2020-04-13,44.2,56.6,11.3,30.1,2.631864647556201,,,
44,2020-04-14,42.6,64.1,2.9,30.1,1.6720262112282622,,,
45,2020-04-15,48.9,61.5,2.5,29.9,1.1031012672128588,,,
46,2020-04-16,53.2,52.7,6.1,29.8,0.2708829135223225,,,
47,2020-04-17,49.6,66.0,9.4,29.8,1.4908063980036226,,,
48,2020-04-18,45.3,75.0,4.0,29.8,0.9235345846590242,,,
49,2020-04-19,48.8,60.0,6.7,29.9,1.1041950095434283,,,
50,2020-04-20,49.0,60.2,11.0,29.9,1.0492851650810109,,,
51,2020-04-21,52.3,59.3,11.8,29.9,1.2368800752394933,,,
52,2020-04-22,53.9,61.7,8.8,29.9,1.1919773390497932,,,
53,2020-04-23,54.6,62.1,6.1,29.9,1.1489142190261132,,,
54,2020-04-24,54.7,57.9,3.1,29.7,1.0029613968363762,,,
55,2020-04-25,53.6,62.5,3.5,29.7,0.8088063805466036,,,
56,2020-04-26,54.4,67.6,5.2,29.6,0.7763843176308979,,,
57,2020-04-27,51.0,62.4,4.9,29.5,0.914363880564414,,,
58,2020-04-28,46.5,75.5,4.7,29.4,1.0926573736266052,,,
59,2020-05-01,49.1,75.6,10.5,29.2,0.8132028703575034,,,
60,2020-05-02,49.3,76.9,7.1,29.5,0.9254210605370756,,,
61,2020-05-03,49.3,76.9,2.4,29.7,0.8375129963641247,,,
62,2020-05-04,52.0,70.7,7.4,29.9,1.042941505785964,,,
63,2020-05-05,49.6,60.6,8.1,29.9,1.0700999402826752,,,
64,2020-05-06,50.9,57.8,3.2,30.0,0.9669254498053338,,,
65,2020-05-07,56.3,61.1,3.8,29.9,0.8614387455196695,,,
66,2020-05-08,58.2,73.0,3.4,29.8,0.9433308945233868,,,
67,2020-05-09,60.6,67.3,3.5,29.6,0.9964669087784572,,,
68,2020-05-10,48.4,69.4,14.4,29.7,0.9579006532258906,,,
69,2020-05-11,43.4,57.9,11.7,30.0,1.0320186467280532,,,
70,2020-05-12,43.9,75.2,8.0,29.9,1.02948441390092,,,
71,2020-05-13,45.4,57.4,8.6,29.8,0.9167553898507332,,,
72,2020-05-14,44.8,62.9,5.3,30.0,0.93393780082478,,,
73,2020-05-15,47.1,73.7,7.5,30.0,1.0813783245232704,,,
74,2020-05-16,50.3,68.0,7.4,29.9,0.9963178123994688,,,
75,2020-05-17,54.4,67.6,7.7,29.9,1.0836911134216736,,,
76,2020-05-18,55.8,74.3,8.5,29.9,1.159201107222092,,,
77,2020-05-19,59.6,76.8,6.3,29.9,1.0607621529278135,,,
78,2020-05-20,62.7,68.6,4.0,29.8,1.037016108248082,,,
79,2020-05-21,60.4,62.4,5.2,29.8,1.046902910935244,,,
80,2020-05-22,59.8,55.4,16.7,29.6,0.9681589575934696,,,
81,2020-05-23,55.4,59.4,16.7,29.8,0.9734505839332626,,,
82,2020-05-24,56.5,71.3,13.1,30.1,1.0740323614295806,,,
83,2020-05-25,58.0,56.5,6.4,30.2,1.046390636525072,,,
84,2020-05-26,58.2,66.3,5.6,30.3,0.9692130353135584,,,
85,2020-05-27,59.4,60.9,4.3,30.3,1.0993606677357644,,,
86,2020-05-28,62.9,56.1,3.3,30.2,1.0103256150645064,,,
87,2020-05-29,64.8,41.7,5.0,30.1,1.0712027815954972,,,
88,2020-05-30,62.2,46.0,5.7,30.0,1.047191116940707,,,
89,2020-05-31,63.8,46.8,7.1,30.0,1.0396173520073284,,,
90,2020-06-01,63.5,48.1,6.3,30.0,1.1038249438081118,,,
91,2020-06-02,62.6,49.2,5.4,29.8,1.0559347614761232,,,
92,2020-06-03,54.6,78.4,9.7,29.6,1.02101050673835,,,
93,2020-06-04,50.9,79.6,7.9,29.4,1.0542410400744795,,,
94,2020-06-05,50.4,69.6,15.9,29.1,0.980770093882795,,,
95,2020-06-06,54.5,73.1,12.9,29.2,0.9972816195055209,,,
96,2020-06-07,54.3,81.5,8.0,29.5,1.062622683105431,,,
97,2020-06-08,57.3,59.5,3.9,29.8,1.0624123503855714,,,
98,2020-06-09,55.4,65.2,4.5,29.8,1.0462503491143698,,,
99,2020-06-10,54.3,82.1,3.7,29.7,1.0487501296234156,,,
100,2020-06-11,54.5,80.6,14.7,29.7,1.0233507049406387,,,
101,2020-06-12,57.9,83.9,13.3,29.5,1.0680864357637343,,,
102,2020-06-13,64.4,70.7,6.1,29.5,1.0987242827795058,,,
103,2020-06-14,63.3,73.0,4.7,29.7,1.0539934922486427,,,
104,2020-06-15,63.5,78.8,4.1,29.7,1.0659112979122205,,,
105,2020-06-16,61.3,92.0,4.3,29.7,1.0780285162150882,,,
106,2020-06-17,61.0,87.0,3.4,29.6,1.1277675886482148,,,
107,2020-06-18,56.2,96.5,5.9,29.6,1.0680114573751105,,,
108,2020-06-19,56.4,88.7,6.2,29.6,1.0762815097865313,,,
109,2020-06-20,60.5,74.0,5.8,29.7,1.0312753411494795,,,
110,2020-06-21,60.1,71.7,11.4,29.7,1.0836714649699315,,,
111,2020-06-22,60.6,68.3,7.4,29.9,1.0687381337888853,,,
112,2020-06-23,67.6,65.3,6.4,29.9,1.1003528864053145,,,
113,2020-06-24,73.5,59.3,3.8,29.9,1.0659848527669091,,,
114,2020-06-25,75.2,53.9,5.5,29.7,1.043353588593012,,,
115,2020-06-26,70.8,67.3,5.7,29.5,1.0641749488722645,,,
116,2020-06-27,59.9,84.8,7.9,29.3,1.0204431498440305,,,
117,2020-06-28,55.7,77.3,14.8,29.4,1.0294561510959268,,,
118,2020-06-29,54.3,87.1,13.7,29.4,1.0048308069947938,,,
119,2020-06-30,57.7,81.9,6.4,29.4,1.0488381504924813,,,
120,2020-07-01,58.6,87.1,4.7,29.4,1.0625268247091992,,,
121,2020-07-02,57.4,87.8,4.8,29.6,1.047223701600011,,,
122,2020-07-03,57.7,85.7,10.2,29.6,1.03351856617334,,,
123,2020-07-04,61.6,89.1,9.1,29.4,1.0115308704977894,,,
124,2020-07-05,58.7,73.4,18.6,29.4,1.055405633830919,,,
125,2020-07-06,56.6,74.3,13.6,29.8,1.034793426849559,,,
126,2020-07-07,54.1,91.4,4.6,29.8,1.0910485313588325,,,
127,2020-07-08,56.1,91.2,5.5,29.6,1.030723427964836,,,
128,2020-07-09,55.8,90.2,6.8,29.0,1.0651520498909182,,,
129,2020-07-10,55.3,79.6,10.8,29.8,1.032517957871244,,,
130,2020-07-11,55.3,73.2,7.4,30.0,1.0415547369753049,,,
131,2020-07-12,57.4,68.3,4.3,30.1,1.0814306937375906,,,
132,2020-07-13,60.3,77.9,6.8,29.9,1.045217442931858,,,
133,2020-07-14,56.7,79.3,8.0,29.8,1.0753289617163029,,,
134,2020-07-15,56.3,95.4,8.6,29.7,1.0545013196237547,,,
135,2020-07-16,60.5,90.3,7.6,29.8,1.0271160678084583,,,
136,2020-07-17,64.5,78.8,5.6,29.8,1.045166360880556,,,
137,2020-07-18,59.9,93.0,6.2,29.7,1.0696941018811272,,,
138,2020-07-19,56.7,73.7,7.9,29.8,1.083903351479153,,,
139,2020-07-20,54.4,73.8,6.5,30.0,1.06387324856114,,,
140,2020-07-21,55.7,76.0,4.2,30.0,1.0867060092311236,,,
141,2020-07-22,59.3,76.2,6.1,29.9,1.1151209922675054,,,
142,2020-07-23,60.2,84.3,6.8,29.7,1.099209983599437,,,
143,2020-07-24,62.3,81.3,4.8,29.6,1.1181994729545428,,,
144,2020-07-25,62.0,85.0,7.0,29.4,1.0755220017048748,,,
145,2020-07-26,60.4,77.1,9.9,29.5,1.140849072015362,,,
146,2020-07-27,59.0,88.3,9.5,29.3,1.1499866908028178,,,
147,2020-07-28,56.8,73.5,14.3,29.6,1.1616027901435626,,,
148,2020-07-29,58.8,68.8,7.6,29.8,1.1244362277504392,,,
149,2020-07-30,65.5,67.6,3.4,29.8,1.087886107324381,,,
150,2020-07-31,73.3,54.3,5.7,29.6,1.0688659565976502,,,
151,2020-08-01,60.6,78.2,6.6,29.7,1.0525612670386522,,,
152,2020-08-02,59.1,72.8,8.0,29.7,1.1259576861447025,,,
153,2020-08-03,57.1,74.7,6.0,29.8,1.116995204055663,,,
154,2020-08-04,57.1,81.3,7.5,29.6,1.107544254923301,,,
155,2020-08-05,65.6,81.1,9.1,29.5,1.077612250201246,,,
156,2020-08-06,67.0,82.7,4.0,29.7,1.0553599442308772,,,
157,2020-08-07,70.9,79.3,4.8,29.8,1.0806642838110947,,,
158,2020-08-08,68.3,73.8,6.9,29.9,1.0338328589701988,,,
159,2020-08-09,64.8,76.2,6.8,29.9,1.1052346018162589,,,
160,2020-08-10,69.9,72.8,5.8,29.7,1.1358387507732433,,,
161,2020-08-11,73.3,76.9,5.2,29.7,1.126332682448878,,,
162,2020-08-12,74.1,74.8,4.3,29.7,1.106066615553156,,,
163,2020-08-13,68.0,82.5,9.2,29.7,1.064802539092425,,,
164,2020-08-14,66.3,77.9,7.7,29.7,1.0668393154669478,,,
165,2020-08-15,63.3,77.8,5.1,29.7,1.0309763297809824,,,
166,2020-08-16,62.3,86.3,8.9,29.6,1.0788100017895166,,,
167,2020-08-17,61.6,89.2,2.9,29.5,1.051155081052093,,,
168,2020-08-18,63.5,83.4,5.9,29.4,1.088201669823857,,,
169,2020-08-19,64.4,88.3,4.7,29.3,1.089101077967831,,,
170,2020-08-20,65.6,65.3,7.6,29.2,1.0738776403071923,,,
171,2020-08-21,62.5,79.7,11.9,29.1,1.0429400708419914,,,
172,2020-08-22,60.0,83.7,11.3,29.4,0.9675596592303766,,,
173,2020-08-23,59.1,89.3,8.1,29.7,1.0522460769263706,,,
174,2020-08-24,59.6,72.1,5.7,29.6,1.034761717360861,,,
175,2020-08-25,60.6,89.0,12.5,29.1,1.0451321013554105,,,
176,2020-08-26,59.0,86.2,12.4,29.6,1.055154509664594,,,
177,2020-08-27,55.3,89.8,3.1,29.6,1.0923424055669644,,,
178,2020-08-28,54.8,84.5,10.8,29.4,1.038499138815341,,,
179,2020-08-29,52.2,75.8,10.1,29.6,1.0051330388227024,,,
180,2020-08-30,51.1,69.7,4.3,29.8,1.0343182148996175,,,
181,2020-09-01,58.0,67.9,2.5,29.8,1.144263352710979,,,
182,2020-09-02,57.6,81.5,6.1,29.7,1.128911991244945,,,
183,2020-09-03,61.4,82.4,9.3,29.6,1.1974853546153992,,,
184,2020-09-04,56.6,75.9,8.8,29.8,1.1642068355788444,,,
185,2020-09-05,55.0,80.5,9.7,29.8,1.0665731315034803,,,
186,2020-09-06,55.8,86.4,5.7,29.8,1.1889045067990407,,,
187,2020-09-07,57.3,93.6,6.0,29.9,1.150509432675142,,,
188,2020-09-08,65.0,90.8,6.4,29.9,1.120579420740201,,,
189,2020-09-09,59.5,79.0,9.5,29.9,1.1396286275551266,,,
190,2020-09-10,53.0,81.6,3.6,29.9,1.1685359225719,,,
191,2020-09-11,57.2,75.5,9.4,29.7,1.0990122343633368,,,
192,2020-09-12,57.4,75.7,9.3,29.7,1.0212785869532717,,,
193,2020-09-13,63.3,75.8,7.7,29.8,1.1975142565524068,,,
194,2020-09-14,63.6,75.2,3.1,29.9,1.2087127398077648,,,
195,2020-09-15,65.4,74.3,3.0,29.8,1.345717535322969,,,
196,2020-09-16,58.8,87.8,6.5,30.0,1.3091740191463626,,,
197,2020-09-17,58.1,69.3,4.8,30.1,1.2899971610239824,,,
198,2020-09-18,54.3,74.1,5.7,30.0,1.3582579852092702,,,
199,2020-09-19,57.3,71.5,9.7,29.9,1.3147453060634515,,,
200,2020-09-20,55.1,75.8,5.2,29.9,1.2625480854667144,,,
201,2020-09-21,55.1,81.7,3.1,29.8,1.4262628469935583,,,
202,2020-09-22,58.0,85.1,5.8,29.5,1.5592702569912462,,,
203,2020-09-23,54.7,89.1,6.8,29.2,1.5050140424194185,,,
204,2020-09-24,49.3,77.3,5.5,29.1,1.5813565820207054,,,
205,2020-09-25,49.8,68.3,13.3,29.4,1.4530556202583953,,,
206,2020-09-26,48.1,66.0,10.9,29.7,1.628612257255723,,,
207,2020-09-27,48.2,69.6,7.5,29.7,1.629405635954307,,,
208,2020-09-28,48.5,89.4,2.8,29.6,1.684514488983792,,,
209,2020-09-29,53.5,83.8,2.3,29.7,1.85226971515888,,,
210,2020-09-30,52.7,89.6,5.6,29.4,1.4935266551402837,,,
211,2020-10-01,49.1,86.1,5.4,29.1,1.398435241117655,,,
212,2020-10-02,51.6,81.8,13.2,29.1,1.1916716988054938,,,
213,2020-10-03,52.6,95.1,11.9,28.9,1.0749471006671214,,,
214,2020-10-04,52.6,83.8,8.0,28.7,1.2335481796886854,,,
215,2020-10-05,53.3,92.4,6.9,29.0,1.2126840109299626,,,
216,2020-10-06,51.7,93.4,7.6,29.1,1.152939372619226,,,
217,2020-10-07,51.9,86.0,9.6,29.5,1.063010087667586,,,
218,2020-10-08,51.6,89.8,7.4,29.5,1.0112532755878378,,,
219,2020-10-09,46.5,87.8,7.8,29.7,0.8779547568935826,,,
220,2020-10-10,49.2,91.0,9.6,29.9,0.7887280095157246,,,
221,2020-10-11,46.9,84.5,4.4,30.0,0.9374697716082389,,,
222,2020-10-12,48.5,90.6,6.2,29.8,0.9401308571710524,,,
223,2020-10-13,46.6,92.2,6.1,29.6,0.955081807424623,,,
224,2020-10-14,50.6,85.0,7.9,30.0,0.8790704120356175,,,
225,2020-10-15,46.6,84.2,6.0,30.1,0.8800933607957051,,,
226,2020-10-16,48.8,81.8,6.0,30.0,0.8084864914192982,,,
227,2020-10-17,47.2,90.5,3.4,30.0,0.7987585190755193,,,
228,2020-10-18,48.6,89.2,2.6,29.9,1.084391279007119,,,
229,2020-10-19,50.9,79.6,5.6,29.6,1.1190997017973785,,,
230,2020-10-20,57.2,79.2,7.5,29.2,1.066410761916453,,,
231,2020-10-21,56.0,93.5,4.9,29.1,1.0509267786283634,,,
232,2020-10-22,48.9,81.5,9.2,29.4,1.035887848152608,,,
233,2020-10-23,46.3,84.4,6.1,29.4,0.9107184400458992,,,
234,2020-10-24,49.7,89.0,7.6,29.1,0.9145782344672656,,,
235,2020-10-25,47.1,82.9,7.2,29.0,1.1868181795298065,,,
236,2020-10-26,47.4,88.4,11.0,29.1,1.1357265517919688,,,
237,2020-10-27,46.4,90.2,7.5,29.1,1.0878120223679162,,,
238,2020-10-28,46.2,82.9,8.1,29.2,1.104177242764666,,,
239,2020-10-29,50.5,89.7,9.1,29.4,1.117417037810285,,,
240,2020-10-30,54.0,93.3,8.5,29.6,0.9410732214795976,,,
241,2020-10-31,53.9,83.1,10.9,29.4,0.907611372676587,,,
242,2020-11-01,54.4,82.3,11.8,29.1,1.270113453720694,,,
243,2020-11-02,52.2,81.3,15.1,29.2,1.0903329801346695,,,
244,2020-11-03,42.5,86.9,6.3,29.7,1.0636776016793243,,,
245,2020-11-04,40.6,93.8,3.1,30.2,0.9941630455704064,,,
246,2020-11-05,45.3,94.5,2.4,30.4,1.0165983414332078,,,
247,2020-11-06,46.8,84.8,3.3,30.1,0.9113304244982418,,,
248,2020-11-07,46.5,84.3,2.8,29.8,0.908714989075902,,,
249,2020-11-08,49.1,87.9,3.0,29.8,1.1273422331810226,,,
250,2020-11-09,55.1,93.6,2.7,29.8,1.0491751104227869,,,
251,2020-11-10,53.5,88.8,4.3,29.9,1.0654462242116025,,,
252,2020-11-11,52.2,85.2,8.0,29.6,0.9418740147444264,,,
253,2020-11-12,49.9,82.2,9.4,29.5,0.9612042353957324,,,
254,2020-11-13,48.3,82.3,8.3,29.5,0.8496776836607779,,,
255,2020-11-14,51.6,87.5,7.6,29.3,0.7926253044742284,,,
256,2020-11-15,49.7,81.0,10.8,29.0,1.0023268309554911,,,
257,2020-11-16,50.3,85.3,12.4,29.4,0.8912319829758957,,,
258,2020-11-17,55.9,86.2,11.2,29.7,0.8840896835278489,,,
259,2020-11-18,51.9,80.2,12.1,29.6,0.8194756652303361,,,
260,2020-11-19,43.8,80.5,8.8,30.0,0.828013613010525,,,
261,2020-11-20,45.0,90.0,7.1,30.1,0.7146291486862477,,,
262,2020-11-21,50.4,87.6,9.8,29.9,0.7706883001769775,,,
263,2020-11-22,43.4,82.3,7.8,30.0,0.8749312846300814,19.34869152867764,,
264,2020-11-23,42.4,89.2,6.8,29.9,0.8520476145817624,10.106705232567087,,
265,2020-11-24,51.5,83.0,8.3,29.6,0.835967103950439,1.0207845343133377,,
266,2020-11-25,44.9,92.5,5.3,29.6,0.8203115496474023,6.990328551098277,,
267,2020-11-26,41.5,92.2,2.6,29.9,0.7828971528101746,1.0125396475736508,,
268,2020-11-27,38.9,92.3,2.2,29.8,0.7482905515360574,1.0245117025714332,,
269,2020-11-28,43.0,91.5,3.4,29.8,0.7414629747970101,1.020906089751264,,
270,2020-11-29,45.5,98.8,2.0,30.0,0.9477581173176391,1.0195213268571386,,
271,2020-11-30,46.2,91.7,9.8,29.9,1.033661541376227,6.499748122176008,,
272,2020-12-01,37.2,91.3,2.0,30.0,0.9891573097774224,5.02535481138696,,
273,2020-12-02,43.0,89.9,5.7,29.7,0.9054689985345764,1.009831113872827,,
274,2020-12-03,38.6,92.4,6.2,28.9,0.8923731516467728,9.159853527475317,,
275,2020-12-04,37.0,93.8,8.1,28.5,0.92395413547764,5.167478480530878,,
276,2020-12-05,38.0,90.9,6.6,29.0,0.9079707537168532,1.017551022604977,,
277,2020-12-06,36.3,98.7,1.5,29.3,1.1507136979040178,1.0156292782659009,,
278,2020-12-07,36.5,97.9,2.2,29.2,1.1532425472981194,11.047377494298145,,
279,2020-12-08,39.8,95.6,7.0,29.3,1.1379388008763196,4.467902171944804,,
280,2020-12-09,42.3,90.0,6.0,29.4,1.058695190875694,1.0088734030463478,,
281,2020-12-10,44.5,85.3,7.2,29.1,0.9840586939591752,6.41842683185665,,
282,2020-12-11,46.5,94.8,4.2,28.8,0.9537518490816488,2.0180820934087915,,
283,2020-12-12,44.0,95.9,7.2,29.2,0.9866712785151276,1.5755891594846196,,
284,2020-12-13,44.0,91.2,7.2,29.2,1.2892906004598532,2.901491114719587,,
285,2020-12-14,48.0,83.5,8.1,29.1,1.1322691896915111,7.188774703782337,,
286,2020-12-15,45.4,84.6,5.8,29.3,1.138654852075537,7.073288835379069,,
287,2020-12-16,46.1,87.8,8.0,29.3,1.0481953479497004,5.34686355134221,,
288,2020-12-17,45.3,88.5,7.4,29.5,1.169800043936985,4.299865171305578,,
289,2020-12-18,53.9,89.4,10.0,29.3,1.019754314688441,1.0258327839877872,,
290,2020-12-19,48.6,84.0,8.7,29.2,1.139331764232101,3.087305927643034,,
291,2020-12-20,43.2,87.1,7.6,29.5,1.3327220138424718,4.093038452795665,,
292,2020-12-21,46.5,93.4,5.7,29.3,1.201209899265208,3.329044260776344,,
293,2020-12-22,40.1,94.3,4.2,29.5,1.1021793558588162,1.8354207898056696,,
294,2020-12-23,42.3,86.7,14.0,29.5,1.0359043296362138,2.441266686573047,,
295,2020-12-24,36.4,77.3,9.7,30.0,0.7631270760190969,1.639031074369453,,
296,2020-12-25,31.4,88.2,3.7,30.1,1.01311567421878,3.632094359153742,,
297,2020-12-26,44.1,85.9,11.0,29.5,1.176113544210676,5.25968194878844,,
298,2020-12-27,39.4,86.2,11.0,28.4,1.2789604939613142,6.355394523352447,,
299,2020-12-28,34.3,95.1,4.9,27.9,1.484764641107622,7.6761885875130575,,
300,2020-12-29,31.9,97.4,3.5,29.0,1.4280727816840535,7.016748056426507,,
301,2020-12-30,31.0,99.6,2.2,29.3,1.259556194712962,5.88255255900182,,
302,2020-12-31,32.3,100.0,2.6,29.4,0.8995038128371855,3.5220113234415296,,
303,2021-01-01,33.9,96.0,3.8,29.6,1.174971889287659,5.478125423829736,,
304,2021-01-02,31.0,96.7,3.2,29.8,1.26411881305162,6.021958410214133,,
305,2021-01-03,35.7,89.4,7.8,29.9,1.3602816481489928,6.399871289607176,,
306,2021-01-04,36.6,86.3,10.2,30.0,1.3605980346641078,6.235328371278898,,
307,2021-01-05,36.6,84.9,9.8,30.0,1.0956185051122296,4.514941055194269,,
308,2021-01-06,32.6,92.5,4.2,29.9,0.9933209278692126,3.978104604238792,,
309,2021-01-07,29.3,97.5,1.9,29.8,0.9017315711222764,3.4828984164783345,,
310,2021-01-08,34.5,95.0,6.3,29.8,0.7883438903808437,2.7405753231594865,,
311,2021-01-09,32.2,95.8,2.8,30.0,0.772601551409075,2.991248442316447,,
312,2021-01-10,37.1,93.9,5.2,29.9,0.8053329870095496,3.861967541528244,,
313,2021-01-11,43.4,90.8,10.6,29.6,0.6843962953819089,2.9674076891106056,,
314,2021-01-12,39.2,88.5,5.1,29.6,0.6505051121335499,2.5207998372537537,,
315,2021-01-13,37.3,97.5,2.0,29.8,0.6461299546298299,2.487595612701504,,
316,2021-01-14,37.5,94.8,4.5,29.8,0.6218293550264145,1.9716893835802227,,
317,2021-01-15,29.9,98.0,3.5,30.1,0.6195930634147211,1.3147776535694045,,
318,2021-01-16,42.6,88.0,11.3,29.7,0.625345474064753,1.2783810594229157,,
319,2021-01-17,41.2,86.4,9.5,29.9,0.6713402829167185,1.4337999670432022,,
320,2021-01-18,40.4,91.3,7.0,29.7,0.6781671232268354,1.3851289531977151,,
321,2021-01-19,48.0,94.5,9.0,29.2,0.6898154441280838,1.0118054147805635,,
322,2021-01-20,46.3,98.2,9.1,28.7,0.6983685367460406,0.939156172175707,,
323,2021-01-21,37.2,86.7,11.8,28.6,0.7526020475093903,0.7597589105310429,,
324,2021-01-22,37.1,86.9,7.2,28.9,0.7722845476568443,0.0728572811402205,,
325,2021-01-23,32.7,97.4,4.3,29.1,0.8162253912998997,0.15235341112549,,
326,2021-01-24,31.7,87.8,4.3,29.2,0.8959425695062311,0.840650716117424,,
327,2021-01-25,31.9,90.8,5.2,29.5,0.8843016895235097,0.6740334437408932,,
328,2021-01-26,35.5,91.8,4.7,29.6,0.8527139617579998,0.5272587228810839,,
329,2021-01-27,44.7,97.3,2.5,29.5,0.9370843014082744,0.4733805530471848,,
330,2021-01-28,46.8,94.7,5.3,29.2,0.9837905298336798,0.6363403326722463,,
331,2021-01-29,45.6,92.2,8.3,29.1,0.9691035376313182,0.3103133123847865,,
332,2021-01-30,37.4,78.3,12.6,29.3,1.0483057291849314,0.1065635770626992,,
333,2021-02-01,34.7,77.5,3.0,29.2,1.0466137033524088,0.7611627016629506,,
334,2021-02-02,40.6,92.5,5.8,29.0,0.9786155394766576,0.6524953521204477,,
335,2021-02-03,44.0,93.5,4.5,29.1,1.071604133565106,1.1786902852931311,,
336,2021-02-04,42.9,91.0,4.2,29.4,1.0081547604932015,0.2143894137169437,,
337,2021-02-05,43.6,90.8,3.2,29.4,1.0390207605999655,-0.0625413963689816,,
338,2021-02-06,39.9,91.7,8.6,29.5,1.0201542815961269,0.0405450890747054,,
339,2021-02-07,35.3,75.0,14.1,29.6,1.0408182382647704,0.8175468023161578,,
340,2021-02-08,32.9,73.9,14.2,29.5,1.002321479718358,0.2969897987825919,,
341,2021-02-09,31.1,77.9,9.2,29.5,0.9981705011667176,0.1545104016881303,,
342,2021-02-10,29.5,74.9,7.3,29.8,0.9920080241718868,0.793047764580998,,
343,2021-02-11,29.1,70.8,5.9,30.0,0.970104708275137,0.3596047368060863,,
344,2021-02-12,30.7,63.9,8.9,30.1,0.9981435921665258,-0.1893920806375293,,
345,2021-02-13,29.9,52.3,9.6,30.1,0.9999597903761458,0.2185422986614356,,
346,2021-02-14,38.3,69.0,10.7,29.8,1.0078330671132048,0.7804018374885694,,
347,2021-02-15,47.5,86.0,6.5,29.7,1.010293844866645,0.9671515172464312,,
348,2021-02-16,47.9,85.2,7.3,29.4,0.9981667546548832,1.053018546410771,,
349,2021-02-17,47.8,79.2,8.3,29.4,0.9581894402654334,0.2390049490939607,,
350,2021-02-18,46.8,76.1,10.9,29.2,0.9138628745784072,0.7778063570439815,,
351,2021-02-19,47.8,79.1,10.5,29.3,0.9368783053991128,0.5343383969862447,,
352,2021-02-20,53.4,81.6,11.1,29.1,0.9226413284438983,0.8660232797464535,,
353,2021-02-21,49.4,83.5,4.7,29.4,0.9312185668410016,0.955140521238338,,
354,2021-02-22,46.8,84.8,3.6,29.6,0.9398036832106144,0.4902055689272927,,
355,2021-02-23,50.3,73.7,11.5,29.7,0.9485444641604028,0.5072722016083484,,
356,2021-02-24,54.1,86.0,9.9,29.7,0.9400609360626296,0.3246241186166427,,
357,2021-02-25,44.3,81.0,7.0,30.0,0.9289127463491288,0.5352658272290769,,
358,2021-02-26,40.8,82.3,4.4,30.3,0.9595173219333964,0.1287559615306248,,
359,2021-02-27,41.3,82.2,3.4,30.4,0.9564755355159272,-0.3500449081015446,,
360,2021-02-28,39.7,83.7,2.0,30.4,0.9625242876150631,-0.0083296739979861,,
361,2021-03-01,39.4,81.6,3.5,30.2,0.960002980500161,0.3963700460013465,,
362,2021-03-02,36.8,84.9,1.9,30.1,0.9613949904068704,0.0723761221466587,,
363,2021-03-03,35.8,89.7,2.8,30.1,0.9656321646340464,0.2198923754507327,,
364,2021-03-04,39.9,78.4,7.0,30.0,0.970100989793772,0.1189360002197404,,
365,2021-03-05,39.4,64.7,5.5,30.2,0.9871440080039888,0.1529724997209328,,
366,2021-03-06,37.4,60.3,2.1,30.3,0.9857836846341544,0.2643739892116094,,
367,2021-03-07,37.4,75.2,3.9,30.1,0.9843089923320196,1.084695042319895,,
368,2021-03-08,39.3,81.1,4.6,29.9,0.9902058547790348,1.0954251254076235,,
369,2021-03-09,41.8,81.5,6.0,29.8,0.985032504082152,1.53476161033653,,
370,2021-03-10,47.1,87.7,12.4,29.2,0.9831787659515332,1.0021291022429262,,
371,2021-03-11,45.2,75.3,19.7,28.9,0.9849345639124746,1.1021492236578752,,
372,2021-03-12,42.2,77.9,11.9,29.1,0.9890166009036842,1.0182850386950777,,
373,2021-03-13,42.3,79.3,17.8,29.0,0.9904832232446812,1.0171479802854293,,
374,2021-03-14,44.3,85.3,14.8,29.6,0.9896995868649678,1.719477661976251,,
375,2021-03-15,47.3,78.9,11.2,29.9,0.9905615970734216,1.5453671541554137,,
376,2021-03-16,48.1,87.9,9.0,30.1,0.992622913442253,1.2190053531597842,,
377,2021-03-17,42.5,85.3,3.9,30.3,0.9893589506645208,1.0671255284499177,,
378,2021-03-18,43.8,92.6,5.9,30.2,0.9886358186711968,1.0825731778800214,,
379,2021-03-19,46.8,81.3,9.6,30.1,0.9958431516903696,1.0897778239098652,,
380,2021-03-20,46.8,84.3,7.4,30.2,0.9967101349513126,1.320247418454736,,
381,2021-03-21,44.6,83.4,4.3,30.1,0.9960800413615072,1.6258629097474109,,
382,2021-03-22,45.5,76.8,5.8,30.0,0.9968623647635494,1.2570071465365142,,
383,2021-03-23,47.3,71.3,7.4,29.9,0.9980474548601752,1.5567704863008252,,
384,2021-03-24,48.1,73.3,8.3,29.8,0.9953144392780112,1.2829658746032864,,
385,2021-03-25,49.4,69.3,9.0,29.7,0.99612009998304,1.263841313991639,,
386,2021-03-26,45.8,72.8,13.0,29.4,1.0037981382055812,0.8064461268515579,,
387,2021-03-27,43.9,68.1,14.0,29.7,1.0001266301512166,1.118622785844562,,
388,2021-03-28,51.8,84.3,15.3,29.7,0.9995953952280502,1.167003797481898,,
389,2021-03-29,55.6,77.4,12.6,29.9,0.9995446536261036,1.0170506658323308,,
390,2021-03-30,55.8,65.5,3.6,30.0,0.999236490867397,0.8184486503166131,,
391,2021-03-31,60.1,57.2,5.2,29.8,0.9966564433550124,0.8301606028611561,,
392,2021-04-01,46.1,76.3,8.5,30.0,0.99628038424639,0.6947491135600562,,
393,2021-04-02,43.5,66.5,7.5,30.2,1.0000505751429214,0.3847370199577311,,
394,2021-04-03,45.3,64.9,8.0,30.2,1.0015238879356103,0.3919036675993778,,
395,2021-04-04,44.4,81.5,8.6,30.0,1.0021714400744492,0.5445631011599246,,
396,2021-04-05,40.5,52.3,15.6,29.8,1.0014888728723923,0.6121215521408608,,
397,2021-04-06,36.3,61.4,10.4,29.9,0.9996445375028808,0.6599906530283312,,
398,2021-04-07,36.5,64.4,7.6,29.9,0.9996872289200164,0.8431529107688502,,
399,2021-04-08,45.4,70.8,13.8,29.8,1.0001960704305883,0.953649513744017,,
400,2021-04-09,43.6,67.4,9.2,29.6,1.0031805382103451,0.7273742504219882,,
401,2021-04-10,36.3,85.6,4.4,29.7,1.0029226268569296,0.7095753281685062,,
402,2021-04-11,38.4,70.6,6.6,29.9,1.0034657224430512,1.1928816162005929,,
403,2021-04-12,38.0,64.9,4.3,30.1,1.0022860871522137,1.0933303815295408,,
404,2021-04-13,41.0,67.2,3.0,30.2,1.0036477234016308,0.7452240488580145,,
405,2021-04-14,43.1,70.0,2.5,30.2,1.0009568524667405,0.9682530469305922,,
406,2021-04-15,41.9,63.1,3.1,30.3,1.0019368552234464,1.1205964201462657,,
407,2021-04-16,44.3,58.0,2.9,30.2,1.0046687809792838,0.8968109650876032,,
408,2021-04-17,46.2,59.8,3.1,30.1,1.004554962472901,1.307187871265966,,
409,2021-04-18,48.5,57.5,2.8,30.0,1.0049032261164854,1.1606887315259402,,
410,2021-04-19,50.5,52.4,3.1,29.9,1.0051245427650914,1.251678617098687,,
411,2021-04-20,51.3,63.6,3.9,29.8,1.0043083235822272,1.1409729738948118,,
412,2021-04-21,49.0,63.3,7.5,29.9,1.0028828005952095,0.95522463073466,,
413,2021-04-22,46.5,53.0,3.3,30.1,1.004038717791978,0.734957598002588,,
414,2021-04-23,52.2,43.7,3.5,30.1,1.0057267445356044,0.7744849031848458,,
415,2021-04-24,52.1,52.4,5.6,30.1,1.00506556682618,0.9211668336881996,,
416,2021-04-25,47.9,63.1,5.9,30.1,1.0069070540463982,0.981653788114771,,
417,2021-04-26,47.4,64.4,3.0,29.9,1.0057472505605678,1.074314571987366,,
418,2021-04-27,48.8,71.8,6.5,29.5,1.0042457527267488,1.1092424032903645,,
419,2021-04-28,45.8,66.8,11.7,29.6,1.00369531735724,0.9417441468175604,,
420,2021-05-01,43.7,68.8,4.5,29.8,1.0033636812597158,0.976695547080367,,
421,2021-05-02,43.0,78.2,4.8,29.8,1.0037269660714556,1.1270337305811986,,
422,2021-05-03,44.8,88.4,8.4,29.4,1.0037276284226735,1.2564358152505857,35.63437096473418,
423,2021-05-04,43.5,85.8,14.9,29.2,1.002847064235291,1.3101175625206716,18.55498096731676,
424,2021-05-05,41.8,74.0,6.7,29.5,1.0023855357498248,1.3366269644412987,12.85693933976748,
425,2021-05-06,41.0,83.4,7.6,29.4,1.0023739062688608,1.1414666849617423,7.4387108137416735,
426,2021-05-07,44.8,73.3,6.5,29.7,1.0035214883141714,1.016771837754043,5.336174467416419,
427,2021-05-08,49.7,86.8,6.6,29.3,1.0035564879687782,1.238416526312869,7.229210343949538,
428,2021-05-09,55.0,78.6,6.8,29.1,1.0034963297125103,1.8540016890187787,15.266046049734165,
429,2021-05-10,53.1,74.3,7.9,29.1,1.0029193429821597,1.3035963987472476,7.063628796818326,
430,2021-05-11,48.6,80.7,4.7,29.4,1.0032908902271482,1.4126509025008878,7.485150680336423,
431,2021-05-12,50.6,77.5,5.3,29.4,1.0026269080125263,1.0906638163606308,4.201233234658474,
432,2021-05-13,52.0,80.3,6.1,29.5,1.0025368575765785,1.2383022212455232,6.499328539434851,
433,2021-05-14,49.5,75.7,4.0,29.5,1.002791222362977,1.0172073353822335,4.362050699087984,
434,2021-05-15,50.3,82.3,3.9,29.3,1.0026466191768335,1.164790584555032,6.149479719772563,
435,2021-05-16,51.4,80.3,3.9,29.1,1.0031826160579709,1.4380716890142855,7.923169788739917,
436,2021-05-17,49.0,84.3,4.9,29.4,1.002596054741083,1.9786228476115333,11.394195873470313,
437,2021-05-18,51.2,73.0,6.3,29.6,1.0026531706296182,1.4078632917249236,6.341697927823777,
438,2021-05-19,49.5,73.5,7.0,29.8,1.0015902393486458,1.4607463611505034,5.926851881477019,
439,2021-05-20,49.0,83.4,7.7,29.4,1.0031822689677046,1.332478636130375,5.448584117065585,
440,2021-05-21,51.0,91.9,11.9,28.9,1.003160629867206,1.1582206825916164,4.876770934470878,
441,2021-05-22,47.0,75.6,8.6,29.3,1.0028714272003303,1.3071796169250582,5.741691219136566,
442,2021-05-23,47.1,82.0,6.8,29.3,1.00315084565738,1.943906119446164,8.869372758409273,
443,2021-05-24,48.6,78.7,7.5,29.3,1.002852539286191,1.8892296585100912,7.424093937828227,
444,2021-05-25,49.8,81.5,11.7,29.6,1.0021440989099,1.8224765852387863,6.927904139948013,
445,2021-05-26,50.0,82.0,7.4,29.7,1.0021704351765208,2.050422648118585,7.534366666354463,
446,2021-05-27,53.7,74.6,3.2,29.8,1.0028033283425064,1.838577850259516,6.430723393100465,
447,2021-05-28,57.0,72.7,2.7,29.9,1.0034630685056052,1.9663504121139748,7.051970749645249,
448,2021-05-29,60.0,73.9,3.2,30.1,1.00261433280078,1.763916386773237,6.352529991604375,
449,2021-05-30,60.7,58.3,4.4,30.1,1.003024966326974,1.96828423849624,6.9444120029613865,
450,2021-05-31,59.1,66.8,4.4,29.9,1.0027507321946354,2.687160899385733,9.166782734470448,
451,2021-06-01,66.0,54.2,5.4,29.7,1.0022436560910415,2.4354328396272966,7.956820958246954,
452,2021-06-02,66.3,57.8,7.7,29.7,1.0019752043364625,2.352593858260997,7.316717143024542,
453,2021-06-03,62.5,76.0,6.3,29.8,1.0019086652881075,1.9275083559118535,5.808409311413444,
454,2021-06-04,57.8,62.5,3.7,29.9,1.0027614572882446,1.5237152035146666,4.77940366066878,
455,2021-06-05,59.6,67.7,4.8,29.9,1.0033964849277328,1.61913031366685,5.102763774655511,
456,2021-06-06,61.4,69.9,4.5,30.0,1.0031940164367883,2.2698009147293874,7.236461020247565,
457,2021-06-07,61.7,71.3,5.6,29.9,1.0031526055633178,2.1607240533882246,6.497449340639612,
458,2021-06-08,60.7,65.6,5.2,29.9,1.002531810630792,1.7554275787846512,5.258610852320619,
459,2021-06-09,63.8,71.3,7.1,29.8,1.0020525314698272,1.6238429287308829,5.023237114839271,
460,2021-06-10,65.5,79.5,7.0,29.8,1.00312459014945,1.4199207689580042,4.451026571959416,
461,2021-06-11,62.5,76.0,9.1,29.8,1.0035229964552732,0.9858161055717748,3.5426493020675327,
462,2021-06-12,57.7,70.5,7.5,29.9,1.0026376272358175,0.8587402492218803,3.4885479291818897,
463,2021-06-13,65.5,71.3,3.1,30.0,1.0028932919995892,1.316481909224171,5.131754285668401,
464,2021-06-14,59.9,74.1,7.4,29.9,1.0028540457729178,1.2061692805176611,4.913720191259038,
465,2021-06-15,59.5,67.0,3.9,29.9,1.0027140242069528,0.9927078329442494,4.252338998347479,
466,2021-06-16,64.0,68.6,6.7,29.6,1.0021041840212477,1.057376660139805,4.664113031774699,
467,2021-06-17,60.9,66.3,7.5,29.6,1.0026266163338453,0.6909279413564064,3.567596749702252,
468,2021-06-18,57.6,71.9,6.0,29.8,1.0037456499506292,0.4523646740687783,2.850397735033953,
469,2021-06-19,57.3,72.5,4.0,29.7,1.0037518843755366,0.3590217275808985,2.6337083325866457,
470,2021-06-20,56.8,72.8,6.0,29.6,1.003777884344837,0.7826878609765497,4.413023989532944,
471,2021-06-21,54.7,74.2,7.9,29.7,1.003233994231739,0.8401394112064957,4.592040991131338,
472,2021-06-22,55.7,62.3,6.3,29.9,1.0028832399170229,0.6024638798545983,3.777286147124255,
473,2021-06-23,54.7,82.0,5.3,30.0,1.0028047744010682,0.5287207660340157,3.3692799544260725,
474,2021-06-24,59.6,91.3,6.6,29.9,1.0030037686839757,0.4560869112580072,3.421431413900508,
475,2021-06-25,54.7,88.5,10.2,29.8,1.0042299806487445,0.2903428997807348,2.461319154878238,
476,2021-06-26,59.3,71.9,7.0,29.8,1.0044021356631017,0.2567522536109697,2.239603491635042,
477,2021-06-27,60.3,78.3,7.5,29.8,1.0046475346291022,0.613428545446099,4.064571935467055,
478,2021-06-28,58.4,83.3,3.9,29.8,1.0047004357517697,0.5481637904165999,3.565755735841159,
479,2021-06-29,63.9,70.2,5.5,29.8,1.0045859337438512,0.5083561208139382,3.267431811090134,
480,2021-06-30,61.1,74.0,4.7,29.8,1.0038416853001713,0.4919897986047781,3.0105279301041854,
481,2021-07-01,62.1,73.3,4.8,29.8,1.0039884177984917,0.3305562911059951,2.1808262014723176,
482,2021-07-02,62.1,78.2,3.0,29.7,1.004825884983764,0.2917011295060714,1.5974366258457562,
483,2021-07-03,62.6,88.0,2.8,29.6,1.0070563678208555,0.2981462410258553,1.4331522289767165,
484,2021-07-04,61.4,89.2,3.1,29.4,1.0073462151831782,0.4609385324082998,2.145967355642233,
485,2021-07-05,59.4,81.1,5.0,29.3,1.007571741100591,0.4393316889940436,2.0887182668524997,
486,2021-07-06,57.8,88.6,8.0,29.1,1.007152214235923,0.5021543302140707,2.1874442391501963,
487,2021-07-07,60.9,86.5,5.9,29.5,1.0060590480648128,0.5134147877920683,1.8310936830248936,
488,2021-07-08,61.5,78.5,5.4,29.8,1.0071154967337943,0.5019991363291197,1.484218741492893,
489,2021-07-09,62.1,75.9,2.4,29.9,1.0102101515603583,0.4638061779749136,1.146238609952436,
490,2021-07-10,63.3,83.8,3.3,29.7,1.009750244374355,0.4820472090781108,1.1060108959285762,
491,2021-07-11,63.1,78.3,3.5,29.7,1.0103074105917162,0.6332015968239755,1.7588512145912438,
492,2021-07-12,60.5,93.5,4.0,29.6,1.0098392763784496,0.6579145415676398,2.014183892913909,
493,2021-07-13,63.5,81.5,6.3,29.7,1.0096780817454982,0.7509600924073219,2.505416216261363,
494,2021-07-14,61.9,78.9,7.9,29.8,1.00767627538873,0.7286762104103195,2.25945651446858,
495,2021-07-15,64.8,77.2,7.3,29.9,1.0089684771756262,0.8054944262459145,2.251286729747928,
496,2021-07-16,65.7,76.9,5.3,30.1,1.0129671818646546,0.783158923737137,1.0700375230047745,
497,2021-07-17,69.5,74.0,4.3,30.1,1.0129210883611557,0.7961361465421197,0.7364815251880585,
498,2021-07-18,70.7,72.4,4.1,30.0,1.0134181392312345,0.8755813574319719,1.547137316058666,
499,2021-07-19,71.6,69.4,3.9,29.9,1.0139062029998651,0.8498093357859497,1.1141270650620756,
500,2021-07-20,71.9,68.3,4.8,29.9,1.0125427537074154,0.88853386634499,0.9609842585994812,
501,2021-07-21,71.2,72.3,2.1,29.9,1.0097110278172057,0.888982048169468,0.5506911880069316,
502,2021-07-22,74.3,67.7,3.7,29.9,1.011061813426844,0.9172457723906988,0.3671435478612267,
503,2021-07-23,66.5,76.6,5.8,29.8,1.0178594861215389,0.9362973095931034,0.1050277700109407,
504,2021-07-24,62.6,70.7,6.5,29.6,1.0192111559559494,0.9702066752201012,0.1798938765607587,
505,2021-07-25,64.4,68.8,4.6,29.5,1.0210345284602893,1.0028428642294391,0.8362112379685196,
506,2021-07-26,65.7,75.1,5.3,29.5,1.0205595126472138,0.9948079783676524,0.5551468753242015,
507,2021-07-27,61.7,87.1,3.3,29.5,1.0202220119874983,1.0211758948365677,1.0774720036095762,
508,2021-07-28,58.1,85.5,7.0,29.4,1.0187993570790863,1.0452493604031572,0.8815622877111964,
509,2021-07-29,58.2,80.8,10.7,29.4,1.0208649366580516,1.068794186035822,0.476227290727675,
510,2021-07-30,57.8,88.4,8.8,29.4,1.032368857163018,1.0786298143838209,0.1965940044552611,
511,2021-07-31,60.0,84.2,7.2,29.5,1.031292006417514,1.074944473529304,0.125940582306169,
512,2021-08-01,58.9,80.2,4.0,29.6,1.0320311616609257,1.0468990184439535,1.3557273141998394,
513,2021-08-02,59.2,72.0,4.7,29.7,1.0321630737530223,1.0470758891487395,1.3285947330264374,
514,2021-08-03,59.6,71.1,3.4,29.6,1.029152219758193,1.0426016065239982,1.370041385668605,
515,2021-08-04,60.5,79.3,3.2,29.6,1.0268313788726988,1.039152914100809,1.2027477123177042,
516,2021-08-05,60.9,81.6,5.4,29.3,1.0282661161940183,1.041262348952598,0.8632896436172669,
517,2021-08-06,61.6,82.8,8.7,29.1,1.0391059916922043,1.0572732218247824,0.7485928714485438,
518,2021-08-07,58.5,87.7,7.3,29.1,1.0409008030812754,1.0598982048340566,0.6245335228920211,
519,2021-08-08,59.3,88.8,10.4,29.3,1.0438099405296588,1.0641649134637647,1.5094065564425,
520,2021-08-09,59.4,80.7,6.3,29.5,1.0374722077562015,1.054778000493111,1.49584087346172,
521,2021-08-10,61.6,79.2,7.1,29.7,1.0356249757656892,1.052028731911466,1.3309240636939714,
522,2021-08-11,61.2,84.8,5.4,29.7,1.0310634607366769,1.0452795035606546,1.3830173593206998,
523,2021-08-12,60.7,74.5,7.2,29.7,1.0336981256665867,1.0491480867210026,0.9298663221800144,
524,2021-08-13,61.6,72.8,11.3,29.8,1.0493979909278592,1.0722639664241804,0.663601572295723,
525,2021-08-14,59.8,82.4,5.1,29.8,1.0521229133083014,1.0762359250566171,0.6383749016717843,
526,2021-08-15,61.2,85.0,6.9,29.6,1.0604674792516664,1.088469708089512,1.636693693519966,
527,2021-08-16,58.2,81.0,11.8,29.8,1.0679323700283387,1.0993852864569784,1.2448568218088756,
528,2021-08-17,58.8,92.5,10.6,29.8,1.0594804598729242,1.086895003597361,1.5950621419667677,
529,2021-08-18,59.1,89.6,9.8,29.7,1.0399461835994888,1.058151045439686,1.4328366967225057,
530,2021-08-19,60.2,89.9,4.7,29.6,1.0364843119525071,1.053043075040761,1.032715432969819,
531,2021-08-20,64.2,83.5,4.0,29.7,1.0473899587790216,1.0690286522422243,0.8690066098329948,
532,2021-08-21,61.8,93.3,2.3,29.7,1.0394178635446676,1.057300073455001,0.7173506055019058,
533,2021-08-22,62.3,89.2,6.6,29.8,1.034418121310563,1.0499444929176838,1.2017022958549477,
534,2021-08-23,64.5,74.5,5.0,30.1,1.028639527501008,1.0414545185614053,1.2520937492729691,
535,2021-08-24,62.5,78.0,3.8,30.2,1.0245366374077256,1.0354281026751837,1.422395052844348,
536,2021-08-25,62.2,80.2,3.7,30.1,1.0199799163472136,1.0287408009998906,1.2147578400400865,
537,2021-08-26,61.3,71.9,8.7,30.0,1.0192786085050063,1.02770735424868,0.9418211200079136,
538,2021-08-27,58.6,70.0,6.6,30.0,1.026682622822582,1.0385492838926345,0.3505219246921321,
539,2021-08-28,59.0,74.5,3.9,30.1,1.0263486693717363,1.0380499329423134,0.5225373933305744,
540,2021-08-29,57.5,76.5,7.0,30.1,1.026534650228604,1.038312297150553,0.764971686606009,
541,2021-08-30,58.9,73.6,8.5,30.1,1.0248624947627474,1.0358545558570569,1.6556474631158218,
542,2021-09-01,58.0,78.9,7.3,30.2,1.0166908685920624,1.0238813101732025,1.6585319772477396,
543,2021-09-02,60.5,72.3,7.3,30.1,1.0169118544430862,1.0242008339552562,1.2703307828622044,
544,2021-09-03,58.7,78.6,5.6,30.0,1.025742570291775,1.0371146704153351,0.9212612911902488,
545,2021-09-04,59.4,77.2,3.5,29.8,1.0261536336116013,1.0377065538992496,1.0668669496129854,
546,2021-09-05,64.3,73.1,2.6,29.9,1.0276921105763972,1.0399462178600438,1.7183294767915274,
547,2021-09-06,66.2,82.2,2.8,29.9,1.025767153862821,1.037122230645253,1.229193665394419,
548,2021-09-07,68.2,76.9,2.4,29.9,1.0226458156404017,1.0325520739068763,1.3533747274125938,
549,2021-09-08,72.5,59.3,4.2,29.6,1.017230309955132,1.0246327368065575,1.1935959441050208,
550,2021-09-09,66.7,81.5,2.9,29.4,1.0182142205069848,1.0260661787259462,0.7976371986679075,
551,2021-09-10,65.2,88.4,4.4,29.5,1.0263343474263404,1.0379213208953826,0.4095333148162507,
552,2021-09-11,62.4,84.2,7.6,29.7,1.0255724748800024,1.0367996185748212,0.5200981549425394,
553,2021-09-12,58.0,89.1,2.8,29.8,1.0263875075553812,1.0379805809108755,0.8377217393325584,
554,2021-09-13,58.5,82.3,4.7,29.8,1.024164214150272,1.0347267230659491,0.8908289342772946,
555,2021-09-14,59.2,84.4,6.1,29.7,1.0214409410660643,1.0307454778793297,0.6093777349234653,
556,2021-09-15,59.0,81.4,3.4,29.7,1.0180439098159046,1.0257835371055544,0.9900463636818224,
557,2021-09-16,60.7,83.0,3.2,29.7,1.0182902262437137,1.0264196740364715,0.6341668519363967,
558,2021-09-17,60.4,78.4,3.8,29.6,1.0276519427626738,1.0397866687189554,0.6272899403737361,
559,2021-09-18,63.6,74.5,3.1,29.6,1.0266826122561443,1.038363570377118,0.6232421790748147,
560,2021-09-19,58.4,83.8,4.7,29.7,1.0276132390502954,1.0397107449473866,1.386986907718149,
561,2021-09-20,53.5,85.3,4.0,30.0,1.0245400690226385,1.0352228109454522,0.9968573421340746,
562,2021-09-21,58.2,84.3,4.0,30.1,1.0206271037287535,1.029514183541634,1.0034683243964262,
563,2021-09-22,57.0,84.5,6.3,30.0,1.0181286589782523,1.0258692005376286,1.0875878806802044,
564,2021-09-23,58.5,85.0,8.7,29.8,1.017183047675159,1.0244877610245422,1.1634557361393796,
565,2021-09-24,61.4,86.0,8.0,29.7,1.0250050080055342,1.0358749292009324,0.5848454791244524,
566,2021-09-25,64.4,89.1,2.9,29.6,1.0225321093134825,1.0322668624519264,0.8100207072946184,
567,2021-09-26,62.9,79.6,5.7,29.5,1.0228738369186194,1.032757976063882,1.8130149002467932,
568,2021-09-27,57.1,76.3,11.0,29.4,1.0205854383490356,1.029421082011661,1.5309504716118707,
569,2021-09-28,52.2,87.8,5.7,29.6,1.0182736148515112,1.026051838733199,1.245632338305443,
570,2021-09-29,49.2,83.2,7.5,29.8,1.014428315845607,1.0204528762257228,1.3665285984875073,
571,2021-09-30,54.5,88.7,9.3,29.6,1.0133010583011552,1.018810369984925,1.0330861896857857,
572,2021-10-01,54.1,77.9,10.7,29.4,1.0194598220934978,1.0277671886064517,0.9200531913764158,
573,2021-10-02,50.3,89.2,6.0,29.1,1.0271362144651786,1.0389259550267094,1.307163069876908,
574,2021-10-03,50.3,85.5,8.5,29.0,1.025086524170839,1.0359370766811358,1.9762365140182212,
575,2021-10-04,51.7,86.8,6.2,29.4,1.0238099944227508,1.0340739546300244,1.7234652522502758,
576,2021-10-05,51.4,88.2,11.0,29.2,1.0207482717813434,1.0296174627477648,1.5870995523047196,
577,2021-10-06,53.8,77.7,7.7,29.8,1.016473803170281,1.0234008284376468,1.741038154744686,
578,2021-10-07,61.0,85.8,5.7,29.9,1.0161515592004997,1.0229294380783038,1.3683171969648102,
579,2021-10-08,59.6,87.1,4.1,30.1,1.0246121083546331,1.035217351693318,1.358194273156741,
580,2021-10-09,58.4,90.8,2.3,30.1,1.0196720070736849,1.0280352181965309,1.396732735196913,
581,2021-10-10,55.1,84.3,6.8,30.1,1.0179620518315575,1.025547448567376,2.0553333934390583,
582,2021-10-11,52.5,84.7,5.5,30.1,1.0159871285351678,1.0226759961048832,1.8290842461316803,
583,2021-10-12,54.3,91.6,5.7,30.0,1.013937963820005,1.0196978306629807,1.851077397902679,
584,2021-10-13,54.0,94.8,5.3,30.1,1.0105440589776638,1.014768247285576,1.7186040111918053,
585,2021-10-14,54.8,85.3,6.7,29.9,1.011217628010197,1.0157448882395934,1.480725518636259,
586,2021-10-15,49.8,77.1,4.3,29.9,1.0192121116951496,1.0273476228250744,1.100418104940381,
587,2021-10-16,50.6,84.3,3.1,29.8,1.0146815259002644,1.0207684110510258,1.3529894510223806,
588,2021-10-17,56.3,88.8,5.6,29.7,1.0151513083633583,1.0214477195363412,1.9539612304970948,
589,2021-10-18,57.0,91.8,4.7,29.6,1.0143778312195455,1.020322878816586,1.653383387005661,
590,2021-10-19,61.9,91.3,7.8,29.4,1.0138806553907922,1.019599284713687,1.6457535656040272,
591,2021-10-20,51.8,90.8,5.6,29.1,1.0141256549288429,1.0199525718831823,1.2826291368788971,
592,2021-10-21,46.2,74.5,10.1,29.5,1.017556836130688,1.0249271127270334,1.100511801376739,
593,2021-10-22,50.0,82.7,10.5,29.8,1.022949241302997,1.0327434099080666,0.7603961143554079,
594,2021-10-23,50.8,78.1,6.1,29.9,1.0220394801218473,1.0317857367561425,0.7207160736559968,
595,2021-10-24,53.2,80.2,8.2,29.6,1.0198818011568322,1.0288303115402555,1.3111337978096045,
596,2021-10-25,50.9,84.1,7.1,29.6,1.0194874195676409,1.0282050343488474,1.1137777024425075,
597,2021-10-26,54.6,83.5,8.0,29.6,1.0177408808323196,1.0251734502617824,1.1359668897895328,
598,2021-10-27,60.5,76.5,12.2,29.6,1.0157441434461458,1.0222766946569877,1.1635039529205589,
599,2021-10-28,57.6,82.5,9.6,29.3,1.019609364079909,1.027874063415403,1.2510883896346978,
600,2021-10-29,53.0,86.3,7.7,29.0,1.0254209223993116,1.0362879033970551,0.82292097026095,
601,2021-10-30,50.2,82.8,7.1,29.1,1.0212028279271703,1.0301721870623035,1.338762059402163,
602,2021-10-31,49.7,85.1,10.3,28.8,1.019994797896272,1.0284180628072204,1.5519203640457728,
603,2021-11-01,46.9,87.5,12.1,28.9,1.0186077031202156,1.02640548499234,1.054127356289016,
604,2021-11-02,44.5,88.8,4.3,29.2,1.0155765193986854,1.0220136182979969,1.0852987176338806,
605,2021-11-03,45.1,87.3,5.3,29.4,1.014745873622043,1.0212874636870728,1.0488926894999109,
606,2021-11-04,41.4,79.5,5.7,29.8,1.0189123262094213,1.027251490810155,0.8621531050637726,
607,2021-11-05,41.0,95.5,4.3,30.0,1.0259569168862133,1.037418687214125,0.8226045202951235,
608,2021-11-06,51.4,85.5,10.4,29.8,1.0222218463224857,1.0320267303914374,0.8973366888675967,
609,2021-11-07,49.9,71.9,13.6,29.8,1.0227810594937383,1.0329722029536148,1.3437325468777512,
610,2021-11-08,48.8,89.6,5.1,29.9,1.0216675105835429,1.031452671483157,1.6605575847828624,
611,2021-11-09,55.5,86.5,7.3,29.8,1.0195505439513743,1.028233601158367,1.1596954938618698,
612,2021-11-10,50.0,96.5,2.5,29.9,1.017557507484781,1.02544452960997,1.4836980235894488,
613,2021-11-11,50.2,92.6,4.4,29.8,1.0218283409515885,1.0310210825570207,1.3069964733937929,
614,2021-11-12,52.8,86.3,10.8,29.4,1.0295781386529008,1.042660987140414,1.0207741883388146,
615,2021-11-13,50.7,88.5,6.8,29.7,1.0279836793221038,1.0403386001969706,0.9466538496097908,
616,2021-11-14,43.3,97.7,2.0,30.0,1.0274530229394958,1.0398043975821656,1.700707304550725,
617,2021-11-15,48.4,94.3,2.1,30.0,1.0253442548088625,1.0367465131348128,1.6662915016258402,
618,2021-11-16,49.7,94.7,4.3,29.9,1.0233307889200216,1.0338140932549875,1.607589125442359,
619,2021-11-17,48.3,84.9,7.9,29.9,1.0199082867076483,1.0282127461734485,1.695406885176143,
620,2021-11-18,51.9,90.2,6.2,30.0,1.0238544337458824,1.0339057230879576,1.4420285511482918,
621,2021-11-19,53.5,84.3,7.0,30.1,1.0328290134735558,1.0468529468434098,0.8914694162777642,
622,2021-11-20,50.1,80.1,8.2,29.9,1.02875711108466,1.0409667574491148,0.9815324780748602,
623,2021-11-21,41.1,77.3,7.7,29.9,1.0273518748510595,1.038931244261466,1.7555676039278998,
624,2021-11-22,37.3,85.9,3.1,30.2,1.0235636026652728,1.0334594730844904,1.6626274535854733,
625,2021-11-23,43.2,91.6,3.8,30.2,1.0208758390803852,1.0295775467135857,1.4710391917859926,
626,2021-11-24,44.8,87.1,5.1,29.9,1.016077311406014,1.0226531409954105,1.31028657428074,
627,2021-11-25,36.0,85.9,4.0,29.8,1.016827019960536,1.0237317991782224,1.082653176396401,
628,2021-11-26,42.6,81.1,15.3,29.1,1.0239586332873605,1.0340114080764362,0.8512943612309878,
629,2021-11-27,36.7,70.1,19.7,29.3,1.0197298230750758,1.0279099537659857,0.7639082295120199,
630,2021-11-28,30.5,82.2,3.9,29.5,1.0204071001300463,1.028882471982579,1.5634805215822982,64.30696428809358
631,2021-11-29,32.5,96.8,4.0,29.6,1.0183730470813777,1.025947088119818,1.612361127033055,33.30600638761863
632,2021-11-30,49.4,93.4,12.3,29.4,1.0185876135083558,1.0262531244162842,1.7699026585692978,1.00333142666368
633,2021-12-01,43.0,81.6,13.5,29.2,1.014347628181928,1.0201405578512088,1.4666995987734213,1.0025472121374357
634,2021-12-02,35.4,72.9,6.2,29.6,1.0142115587207952,1.0199426296127816,1.3469185532296892,1.0025224634442422
635,2021-12-03,41.6,92.8,5.5,29.3,1.020538588372876,1.0290555069751648,0.9786438609153882,1.003694700423506
636,2021-12-04,41.9,86.8,15.5,29.1,1.0164619846323162,1.0231797227745965,1.1163895000641495,1.002940410529608
637,2021-12-05,41.3,78.4,10.8,29.5,1.0150139311850552,1.0210916449827705,2.1770854427491466,1.0026727012197454
638,2021-12-06,38.3,89.6,7.1,29.5,1.0139641043958982,1.019577684030156,1.954277752585305,26.067507126068318
639,2021-12-07,40.4,82.2,10.0,29.0,1.0115311804544378,1.0160723618730805,2.255577371710885,20.8917175615652
640,2021-12-08,41.5,89.8,15.6,28.7,1.0097675354722264,1.0135315423947096,1.8775115103516025,1.001701551892858
641,2021-12-09,43.6,88.3,8.7,29.1,1.0118854541091724,1.016580331898591,1.6211163887840754,1.0020943452396518
642,2021-12-10,40.5,86.5,8.9,29.2,1.019337608536097,1.0273080122850968,1.6850990065185825,1.00347640272635
643,2021-12-11,42.3,94.1,5.5,29.6,1.0182965854016273,1.025806101209268,1.954039342354546,16.024817265511405
644,2021-12-12,52.9,91.3,5.8,29.7,1.0190242409650954,1.0268503969708052,4.058683175398686,21.16203053855576
645,2021-12-13,47.9,89.8,3.9,29.8,1.0176642906299151,1.0248899965370786,4.716543268398899,1.0031682707789549
646,2021-12-14,46.1,95.8,4.0,29.9,1.0160999598367997,1.0226361492923677,5.458918166713428,1.0028786146515378
647,2021-12-15,46.9,89.7,5.1,30.1,1.0137588720704622,1.0192653055374692,5.285712687563194,1.0024446223441117
648,2021-12-16,44.3,94.1,2.1,30.3,1.0154665157527172,1.0217205544135917,4.257263559160912,1.0027620283027343
649,2021-12-17,40.7,94.1,1.9,30.5,1.0223832632149277,1.0316684968488368,3.751810077765844,1.0040469415412958
650,2021-12-18,41.1,93.6,2.3,30.4,1.020062202928241,1.0283256549654909,3.446132995836698,1.0036168629441218
651,2021-12-19,34.4,97.8,1.4,30.3,1.02103846616882,1.0297260881304822,5.386836831107226,1.0037991006168978
652,2021-12-20,39.0,90.1,2.5,30.1,1.0195701508043675,1.027610833139136,5.705546569382582,1.0035271645695174
653,2021-12-21,38.2,77.7,3.1,30.0,1.0173451502229296,1.0244083779125464,5.440770578791812,1.0031143981683164
654,2021-12-22,37.5,83.4,4.5,29.7,1.0153235570633403,1.0214993631318594,4.832452108065203,1.0027392048047796
655,2021-12-23,44.5,93.7,4.7,29.4,1.016893444499891,1.0237541494733269,3.489522030330466,1.0030315821660891
656,2021-12-24,45.6,90.2,6.1,29.4,1.023676682283861,1.0335014213808504,0.6045973269969495,1.0042937725703278
657,2021-12-25,40.0,81.4,10.9,29.4,1.0212033222332215,1.0299421344046893,1.7842930114797984,68.13171116880486
658,2021-12-26,40.1,91.9,4.6,29.3,1.021361395898572,1.0301653955166097,3.474569215552724,42.85680098060019
659,2021-12-27,44.7,92.9,4.5,29.0,1.0189754684289865,1.0267335147626109,3.297465962931291,27.56658421487549
660,2021-12-28,46.1,95.7,5.7,29.0,1.0168948127137256,1.0237413508157929,4.538206622378175,24.30527508073857
661,2021-12-29,47.6,88.4,6.8,29.3,1.0144516179944558,1.0202292769306314,3.1596434875198773,16.222941621242853
662,2021-12-30,55.4,92.3,9.9,29.4,1.0174613050451236,1.0245506038799368,1.783228819655263,10.937433919482077
663,2021-12-31,55.3,86.0,10.0,29.6,1.0254717363537804,1.036052089117261,0.3460396663682552,16.69627899650654
664,2022-01-01,54.8,81.4,8.6,29.6,1.0258902561043672,1.0366475022974695,1.3269261017936254,25.2004281259956
665,2022-01-02,48.6,87.0,8.2,29.4,1.024820890973429,1.0351066313331487,2.051846573047732,25.11516801293214
666,2022-01-03,46.6,80.1,9.9,29.3,1.0229806107938644,1.0324598580025135,3.078620841263941,27.109475599080177
667,2022-01-04,37.9,79.7,8.9,29.3,1.0192715765315676,1.0271319350045682,2.1508779438213,21.234333169081665
668,2022-01-05,37.2,79.7,7.9,29.6,1.015466525944857,1.0216679182291808,1.059819776415878,15.573279328738986
669,2022-01-06,35.8,85.3,7.0,29.6,1.0175149182758692,1.0246055813642896,-0.3192076053326755,9.297408991081122
670,2022-01-07,36.1,87.4,9.0,29.4,1.0261616655613848,1.037009748847297,-1.1445111683522324,8.850464636541053
671,2022-01-08,41.5,88.9,9.3,29.2,1.0249623034628057,1.0352835579417108,-1.3269009438676456,9.902343036007206
672,2022-01-09,40.5,85.7,8.2,29.3,1.0258053796092532,1.0364877189850683,-0.8059350333990909,15.33181993199476
673,2022-01-10,44.4,88.1,4.8,29.7,1.0246686620005108,1.0348520812943636,-1.3770872435266803,12.43652854084258
674,2022-01-11,43.7,95.7,4.0,30.1,1.0226533809572214,1.0319573246177296,-1.669109610291162,11.280266956227967
675,2022-01-12,37.2,96.6,2.5,30.4,1.0214365723122598,1.030208544536103,-2.0305600371971684,9.46151697632284
676,2022-01-13,37.6,96.5,2.9,30.4,1.022717329000926,1.0320410032682488,-2.3382187788574877,7.418176206907781
677,2022-01-14,37.1,95.5,1.8,30.3,1.0403790584585506,1.0573511266113438,-2.482177193246024,5.524831964310678
678,2022-01-15,36.4,90.3,3.5,30.0,1.0472723161921906,1.0672143305297932,-2.352566218410179,7.108349776707747
679,2022-01-16,40.8,90.1,4.9,30.0,1.0524133273395515,1.074559805731778,-2.011989097190587,10.15247201742429
680,2022-01-17,37.8,92.7,3.2,30.4,1.0487432247184838,1.0692830112248564,-2.166129201567493,7.503473307359266
681,2022-01-18,35.0,92.0,3.6,30.3,1.0423999791642986,1.060183755014999,-2.065056923744697,7.415801611828564
682,2022-01-19,42.3,84.9,9.0,30.0,1.0396845553758036,1.0562832770774415,-2.149801035397617,5.075714759186204
683,2022-01-20,33.3,83.8,3.2,30.3,1.0390539620790935,1.0553688074991692,-2.128283602582301,3.211210048195656
684,2022-01-21,37.8,84.1,5.5,30.4,1.0591578881680446,1.0841169947527332,-1.9556418256885213,2.218030038782144
685,2022-01-22,43.1,85.0,5.2,30.3,1.0653748994304837,1.0929802650818594,-1.6511008488204928,3.844870545476812
686,2022-01-23,39.8,90.3,3.3,30.3,1.0677335775691108,1.096319723323944,-1.3816315296023332,5.011832113851312
687,2022-01-24,35.5,91.9,2.9,30.2,1.0658330945046168,1.0935703893216198,-1.2376856062063677,3.81992650894248
688,2022-01-25,35.1,91.7,2.7,30.2,1.05540791512775,1.078646819718594,-1.023320560821354,3.302521364457016
689,2022-01-26,42.5,82.3,6.8,30.1,1.0266591646811454,1.0375613303961442,-0.926338187673047,1.7403125210278598
690,2022-01-27,47.4,85.0,11.3,30.0,1.0453961813430417,1.0643172851156908,-0.7219932427099076,0.3551286738608429
691,2022-01-28,42.7,93.0,5.6,30.2,1.0719987242999247,1.1022803875036786,-0.4959255916527627,-1.0731396126679316
692,2022-01-29,49.3,74.9,15.9,30.0,1.0773608672510269,1.1098952774030966,-0.2837001155978984,0.2114650467500141
693,2022-01-30,40.8,83.1,8.0,30.1,1.1032542306620845,1.146781486986714,-0.0108746838057423,1.170992954608772
694,2022-02-01,49.8,85.7,19.5,29.8,1.0647427350033078,1.0917747701318845,0.2301358701897705,0.0556793954803875
695,2022-02-02,48.7,89.7,11.8,29.9,1.0389102859374193,1.0549366979734485,0.314726700099908,-1.0247404331644887
696,2022-02-03,47.9,83.5,9.0,29.6,1.0610331482875464,1.0864465943100383,0.4775037359171157,-1.5453907538733942
697,2022-02-04,40.6,85.0,12.1,29.5,1.0798651327029454,1.113241455609435,0.588010046557681,-3.761259993986013
698,2022-02-05,42.3,87.5,13.0,29.6,1.0956384983214895,1.1356529236168964,0.7257918432191155,-2.255478180102565
699,2022-02-06,44.1,81.9,18.0,29.4,1.0711592509473993,1.1007660553584826,0.7853062524623243,0.1203404685811826
700,2022-02-07,42.7,87.7,7.3,29.9,1.0550032974351469,1.077750629281777,0.7987004881305562,-0.6772471157283149
701,2022-02-08,51.6,83.3,15.6,29.9,1.0349686194486292,1.04923191440648,0.8462558501739316,-1.42962615411645
702,2022-02-09,45.6,81.2,9.4,29.9,1.0252336918680118,1.035376436901622,0.8834214697065751,-1.9845309099160655
703,2022-02-10,40.2,78.2,11.5,29.9,1.0251403958206764,1.0352400267661144,0.942778125865814,-3.2170012232996483
704,2022-02-11,38.7,84.0,5.0,30.1,1.0378874565535965,1.0533654787566031,0.9671678356243202,-4.164438655501197
705,2022-02-12,42.9,81.5,10.4,29.7,1.0313761338068053,1.0440982946388515,0.998238581724942,-3.159874135804428
706,2022-02-13,46.8,91.2,9.3,29.1,1.0275745635983438,1.0386874194698337,1.030479713520042,-0.3375578627250764
707,2022-02-14,43.3,87.7,12.5,29.1,1.0246504678802042,1.034525853135712,1.0284491373533753,-0.697032547124026
708,2022-02-15,43.0,83.1,9.5,29.3,1.0202024055595158,1.0281989766854884,1.0313598553307424,-0.7017726183225299
709,2022-02-16,51.5,79.7,18.8,29.0,1.0170047942248086,1.0236511470357672,1.0264509869895782,-1.7004112706976502
710,2022-02-17,43.4,77.0,15.8,29.4,1.0240595202009677,1.0336773606731118,1.0372710388451354,-1.459711314513252
711,2022-02-18,41.7,81.7,17.9,29.0,1.034777766682517,1.048906808610489,1.053705336285852,-2.670403451420222
712,2022-02-19,36.8,88.6,9.1,29.4,1.0302085685412807,1.042407398085197,1.0466897218237097,-1.4723335892665448
713,2022-02-20,47.0,86.4,19.3,29.1,1.0281244864367365,1.0394412227956007,1.0434874825892508,-0.2156705146232704
714,2022-02-21,44.5,76.3,22.3,29.4,1.024460492652865,1.0342314320265846,1.0378644883067638,-0.4587453623746016
715,2022-02-22,45.4,80.8,12.4,29.7,1.019628804696426,1.0273642116766957,1.0304534333788735,-0.4866925531085626
716,2022-02-23,44.8,77.8,11.4,29.7,1.016956071573187,1.0235653990239035,1.0263537568062189,-1.2781120882237464
717,2022-02-24,38.8,80.7,13.6,29.5,1.0247357755420132,1.0346143871726812,1.0382754122829698,-1.8467202158322136
718,2022-02-25,43.3,75.7,11.2,29.9,1.031206057643946,1.043800275090664,1.0481858459080606,-2.2924763982164054
719,2022-02-26,43.1,71.6,7.0,30.0,1.0278910273954192,1.0390876037490564,1.0430996649776645,-0.0613690882431028
720,2022-02-27,42.9,64.4,7.8,29.9,1.0252510839274316,1.035334979763405,1.0390497178249614,1.3300734897492643
721,2022-02-28,45.9,88.5,6.3,29.9,1.0202779042368315,1.0282706263624146,1.0314270459355928,2.941448558158503
722,2022-03-01,42.3,79.8,6.6,30.1,1.017748574958356,1.024677480815407,1.0275498494414224,2.536166085382348
723,2022-03-02,44.1,87.4,7.9,29.8,1.013953269523875,1.0192877178982174,1.0217345228177124,2.3110502042820933
724,2022-03-03,44.9,89.7,5.2,29.7,1.0188970319058683,1.0263049303349392,1.0293048082260003,1.524684604430147
725,2022-03-04,42.8,85.8,8.2,29.8,1.0229952555790116,1.0321203476430525,1.035578113930948,1.0498652837391902
726,2022-03-05,41.0,72.5,10.1,30.1,1.0194343063092608,1.0270634432434016,1.030121940972438,2.278452795198968
727,2022-03-06,40.4,72.5,6.5,30.2,1.0177096012570617,1.024613712267883,1.0274786558439992,6.776854889160477
728,2022-03-07,38.3,74.7,5.3,30.0,1.015107435729809,1.0209191586390405,1.0234926201984154,5.906658677264856
729,2022-03-08,43.1,63.0,7.8,29.6,1.0119768826239937,1.0164753188026106,1.0186984439255,5.502167110803663
730,2022-03-09,49.0,70.0,8.5,29.6,1.008069589390821,1.0109297040843968,1.0127158633627071,6.015978126608776
731,2022-03-10,51.9,69.7,8.5,29.6,1.010687135202985,1.0146439258871882,1.0167225036457532,4.960531078322555
732,2022-03-11,51.0,77.0,9.0,29.3,1.0162055773563532,1.0224739847667463,1.0251688904894345,4.396005352796291
733,2022-03-12,48.4,72.4,8.6,29.3,1.0132982041296907,1.0183474339651324,1.0207171545310718,4.196802119617802
734,2022-03-13,48.5,72.8,9.3,29.4,1.0118769593102217,1.0163300434036855,1.018540741588127,9.427635319207786
735,2022-03-14,44.6,75.1,7.1,29.9,1.0084248686585104,1.011431494833195,1.0132564957884749,6.803216719659166
736,2022-03-15,46.4,69.7,4.5,29.9,1.0067994034871368,1.0091249613297089,1.010768357373516,5.86770098315781
737,2022-03-16,46.4,86.3,5.3,29.8,1.0047430272542148,1.0062072013747403,1.0076209345143703,5.4195962742341575
738,2022-03-17,44.3,81.6,8.1,30.1,1.0056452616591212,1.0074871714811129,1.009001598077375,3.269647451527462
739,2022-03-18,47.8,77.5,4.0,30.5,1.008551747584564,1.0116105302844285,1.0134493423791595,2.094106719337381
740,2022-03-19,49.5,62.6,7.8,30.4,1.008465580825869,1.011487952745947,1.013317026643039,3.047913190887546
741,2022-03-20,43.7,66.2,6.1,30.1,1.008083326831557,1.0109453494036764,1.012731648892981,7.510803068473321
742,2022-03-21,42.5,69.6,2.9,30.0,1.0067046271252411,1.0089892358586416,1.0106215945077517,5.255488955174697
743,2022-03-22,55.1,62.0,4.9,30.1,1.0040569373221626,1.0052330672918872,1.0065699394685732,3.67342570322698
744,2022-03-23,53.5,58.1,3.8,30.1,1.0042881582819754,1.0055610089489422,1.0069236560532584,2.917951445791465
745,2022-03-24,51.5,59.6,2.9,30.1,1.0046258541644342,1.0060399773998316,1.0074402732236247,2.055534882568033
746,2022-03-25,51.2,56.1,3.2,30.2,1.0069456657678977,1.0093305932576702,1.0109896369626297,0.2372721181181047
747,2022-03-26,52.0,63.3,3.9,30.2,1.0054792100613712,1.00725023798751,1.0087456391986038,0.7846440092536621
748,2022-03-27,46.3,81.3,2.3,30.3,1.0046611163067976,1.0060896712340552,1.0074937824338706,3.2291851239177944
749,2022-03-28,51.0,74.8,2.9,29.9,1.002577390165508,1.003133894821009,1.0043055747652272,3.452286797179955
750,2022-03-29,47.5,80.1,3.1,29.6,1.0025501471134468,1.00309523073427,1.004263864699651,1.8733708013584205
751,2022-03-30,41.1,85.1,8.2,29.5,1.0020221001607228,1.0023461987898317,1.0037673044226063,-1.0988903003620203
752,2022-03-31,37.2,71.8,12.9,29.7,1.003892862319603,1.004999755811458,1.0063181078116494,-2.2433243421331346
753,2022-04-01,38.6,69.6,7.7,29.9,1.006623084110723,1.0088722471983973,1.0104950103677368,-3.2136050126999915
754,2022-04-02,38.6,73.2,3.1,29.9,1.006975752998026,1.0093722657397035,1.0112872829163415,-2.23494888205016
755,2022-04-03,40.1,72.8,7.3,30.0,1.00670563061573,1.00898893283125,1.010888029139236,-1.930772233408703
756,2022-04-04,49.1,92.8,14.0,29.6,1.005792351370279,1.007693439411242,1.009223361479637,-1.9485938205580409
757,2022-04-05,50.3,82.2,16.5,29.4,1.0064775154495873,1.0086650443880998,1.0102712770141915,-2.239095246644546
758,2022-04-06,48.4,79.3,13.2,29.0,1.005855487656084,1.0077826811058423,1.0093195302138898,-2.9955783658681367
759,2022-04-07,43.2,77.4,17.1,28.8,1.0082847559151382,1.0112277254232915,1.0130352052256588,-3.3473763396048817
760,2022-04-08,39.5,75.7,4.8,29.3,1.012708350912399,1.0175006280636805,1.0198007782195906,-3.3514359005391388
761,2022-04-09,39.8,72.9,7.9,29.7,1.0126497501063518,1.0174167702904753,1.0197101192878568,-3.080580974754352
762,2022-04-10,43.3,63.3,3.8,29.8,1.0138276003374025,1.0190861786622445,1.021510401624397,-1.3516353719158136
763,2022-04-11,51.4,48.4,6.9,29.5,1.0133165356036582,1.0183606382668642,1.0207276446592417,-0.640070229862796
764,2022-04-12,51.6,80.9,4.9,29.4,1.0128036995060548,1.017632687280458,1.019942316507441,-1.4290068859550502
765,2022-04-13,52.8,82.5,5.7,29.6,1.0115360456533125,1.0158346598133767,1.0180029527903929,-0.9520689042938748
766,2022-04-14,50.3,81.6,2.7,29.9,1.0150586320528614,1.0208280901876443,1.0233880567399505,-1.1923501232079303
767,2022-04-15,56.5,73.3,3.6,30.0,1.019873724468333,1.027652922685904,1.0307479914425226,-1.5578417487429854
768,2022-04-16,57.8,74.8,5.0,30.1,1.0189203211783722,1.0262996018995398,1.0292880015419517,-1.5055484869546838
769,2022-04-17,58.5,59.3,6.2,29.9,1.0184564901175313,1.0256404709236633,1.028576708433088,-0.8998533251566938
770,2022-04-18,50.6,73.5,5.2,29.7,1.015735848102629,1.02178281998834,1.0244161846989428,0.822246632135289
771,2022-04-19,48.6,75.8,3.8,29.8,1.0138996597710144,1.0191792829796391,1.0216082466888703,0.0761957217046473
772,2022-04-20,52.5,61.1,6.5,29.8,1.012165117015679,1.0167201542662672,1.0189561349451155,-1.109348506676166
773,2022-04-21,53.0,56.9,8.2,29.7,1.0154654259461,1.021396558935142,1.023998798011165,-0.7199472996938194
774,2022-04-22,52.0,64.7,13.5,29.6,1.0229038471089629,1.0319359653801483,1.035429902449705,-1.352638260622441
775,2022-04-23,50.9,71.5,15.3,29.5,1.018789801473386,1.026104274090616,1.0291737812715442,-0.2456449360287362
776,2022-04-24,50.8,67.2,12.6,29.6,1.0182580010018734,1.025349163355696,1.0283707066088923,0.2116248129285917
777,2022-04-25,47.1,70.7,5.7,29.8,1.015039718039253,1.0207880483661498,1.0233410839286996,-0.5936473730788661
778,2022-04-26,48.4,67.3,4.7,29.9,1.01223109700393,1.0168079578084306,1.0190491695283477,-0.0376787691485362
779,2022-04-27,45.8,63.5,5.1,30.1,1.009407195153155,1.0128066616879667,1.014734515214708,-0.3441911052873385
780,2022-04-28,46.4,64.1,4.2,30.2,1.0112287711529846,1.015386846121186,1.0175165164182207,-0.8548731200979656
781,2022-05-01,50.6,86.3,3.5,29.9,1.0114586436276385,1.0157103751325447,1.0178647638777445,0.9012135509012924
782,2022-05-02,53.4,86.8,3.8,29.9,1.0059922187558612,1.0079669738845016,1.009515563721511,2.175867985632786
783,2022-05-03,50.4,86.5,2.8,29.9,1.004706678814899,1.006145941875536,1.0075520604062511,0.8614164236273959
784,2022-05-04,52.1,87.9,7.3,29.8,1.0007624017064354,1.0005590050651774,1.0015281142030636,0.923472267653274
785,2022-05-05,54.5,77.1,5.1,29.9,1.002720359094201,1.0033323625726434,1.0045183966167053,1.3023378728452322
786,2022-05-06,55.2,85.1,6.6,29.9,1.0062207951038442,1.0082904208844907,1.009864219104994,0.6345235915216584
787,2022-05-07,55.1,79.1,5.4,30.0,1.0043332914263028,1.0056168397131944,1.006981512146314,1.443789152038119
788,2022-05-08,54.0,73.8,3.7,30.1,1.0026249801231146,1.0031971502050203,1.004372576488494,1.8055523842818784
789,2022-05-09,58.3,64.7,7.8,29.8,1.00098164370804,1.0008695272164412,1.0018629177643603,1.3006656684164497
790,2022-05-10,57.1,67.4,12.5,29.6,0.9990117007270302,0.9980792911461293,0.9988544644505936,0.9959424605200264
791,2022-05-11,52.4,77.6,8.4,29.5,0.9987783924165788,0.99774881609945,0.9984981392364172,1.2975297305544042
792,2022-05-12,51.2,74.0,9.7,29.7,0.9993633241314684,0.9985773147827628,0.999391432342526,0.4276737661809447
793,2022-05-13,55.9,70.2,11.7,29.7,1.0010459959537903,1.000960684827803,1.0019612070699069,0.0889756692488377
794,2022-05-14,58.8,69.8,4.0,29.8,0.9994828162411782,0.9987465624481648,0.9995739160132066,0.9304692150540208
795,2022-05-15,60.8,68.5,5.3,29.7,0.9988063291341795,0.9977883547794276,0.9985407613623144,2.069295376166174
796,2022-05-16,59.1,85.7,5.1,29.6,0.9983829545316316,0.9971886498840512,0.9978941451162252,1.6300002824061903
797,2022-05-17,61.2,76.6,6.1,29.7,0.9979736809957074,0.996608904311128,0.9972690453431712,1.0635197924713138
798,2022-05-18,58.3,71.8,6.6,29.7,0.9972466680002156,0.995579068813784,0.996158643285436,1.0958632613435315
799,2022-05-19,56.4,69.7,4.9,29.8,0.9975146682711064,0.9959586379928348,0.9965678897905124,0.8312835528386331
800,2022-05-20,54.3,80.0,6.3,29.7,0.998602908302022,0.9975000963394262,0.9982299215459852,0.6682727937778469
801,2022-05-21,55.8,73.8,6.8,29.8,1.0003318570742457,0.9999491453081908,1.000870549135748,0.8717738244220163
802,2022-05-22,59.2,74.4,7.0,29.6,0.998251453003198,0.9972627144773094,0.9976931031239586,1.4664144450318968
803,2022-05-23,54.5,78.1,6.9,29.3,0.9983246330439164,0.997335872186722,0.9978048387304348,1.3009522708585726
804,2022-05-24,53.8,69.7,9.7,29.4,0.9975175846260396,0.9959626371398848,0.9965721436540784,0.700769515354487
805,2022-05-25,55.3,77.2,11.1,29.5,0.9974542066280504,0.9958728127705496,0.9964752782230488,1.3666693155433385
806,2022-05-26,55.6,81.7,10.8,29.8,0.9984546042891465,0.9972898987985596,0.998003231112852,0.8067219756607701
807,2022-05-27,53.7,64.0,12.8,30.0,0.998722622548616,0.9976695445805916,0.9984125764737444,0.6735531999603208
808,2022-05-28,54.0,67.4,6.0,30.0,0.9985041378187636,0.9973600259030742,0.9981281823101492,1.1388631079916738
809,2022-05-29,51.1,68.6,4.3,29.9,0.9978597863343304,0.996611679783546,0.9971381830646672,0.972144359019814
810,2022-05-30,49.0,83.6,5.5,29.6,0.9973192705571324,0.9959366835435453,0.9962689229850448,1.695269267922998
811,2022-05-31,51.4,80.5,6.6,29.6,0.9976427293233482,0.9961396615523412,0.9967629341040876,1.1372714682261225
812,2022-06-01,52.8,78.5,4.2,29.8,0.9969180169611308,0.9951129587752116,0.9956558658360428,1.0385906584306202
813,2022-06-02,57.3,69.3,3.2,29.8,0.9974038773541636,0.9958011945017342,0.996397949509767,0.8438476991684289
814,2022-06-03,58.8,68.1,7.5,29.8,0.9987331857415386,0.9976843382677216,0.9984284707822082,1.5648106208835766
815,2022-06-04,55.0,69.5,9.3,29.9,0.9996522745467052,0.998986366545378,0.9998324020614908,2.144929875072516
816,2022-06-05,51.1,85.8,6.8,29.8,0.999165834206191,0.9982972359486504,0.9990893327410156,2.1958550874722738
817,2022-06-06,53.5,82.1,3.5,29.7,0.9989989322931686,0.9980607791802028,0.9989292523036756,2.62118200071225
818,2022-06-07,59.8,74.2,3.1,29.6,0.998489558289082,0.9973391402916116,0.9981556634764166,2.6272479013642283
819,2022-06-08,58.8,82.6,7.0,29.4,0.9983753697848196,0.9971773472654992,0.997881779572766,2.058002156989767
820,2022-06-09,56.5,81.7,6.6,29.6,0.999155364210151,0.9982823523139204,0.9990732730392314,1.7449528551353803
821,2022-06-10,60.8,68.1,10.8,29.7,0.9994975657957372,0.998767144562181,0.9995960101131316,1.5280175867878745
822,2022-06-11,59.6,67.7,13.6,29.8,0.999223137426124,0.9983783505196002,0.9991767807578692,1.1600102799345413
823,2022-06-12,58.0,65.9,12.8,29.9,,,,
824,2022-06-13,56.9,67.6,7.6,30.0,,,,
825,2022-06-14,58.8,61.7,3.8,29.9,,,,
826,2022-06-15,60.4,65.8,4.2,29.8,,,,
827,2022-06-16,63.3,63.7,2.8,29.9,,,,
828,2022-06-17,69.2,59.4,8.9,29.8,,,,
829,2022-06-18,56.2,69.6,7.9,29.8,,,,
830,2022-06-19,55.0,74.5,5.6,29.7,,,,
831,2022-06-20,58.3,63.6,5.8,29.8,,,,
832,2022-06-21,61.5,64.3,5.0,29.7,,,,
833,2022-06-22,63.5,71.9,4.9,29.7,,,,
834,2022-06-23,66.3,64.4,3.3,29.5,,,,
835,2022-06-24,62.2,76.9,4.8,29.3,,,,
836,2022-06-25,58.9,66.2,8.0,29.4,,,,
837,2022-06-26,59.3,62.8,9.3,29.5,,,,
838,2022-06-27,56.9,70.8,7.6,29.6,,,,
839,2022-06-28,58.8,69.3,7.4,29.6,,,,
840,2022-06-29,60.1,79.0,5.3,29.5,,,,
841,2022-06-30,59.8,74.2,5.2,29.6,,,,
